<COLLADA xmlns="http://www.collada.org/2005/11/COLLADASchema" version="1.4.1">
  <asset>
    <contributor/>
    <created>2025-08-14T12:21:51.355488</created>
    <modified>2025-08-14T12:21:51.355488</modified>
    <unit name="meter" meter="1.0"/>
    <up_axis>Z_UP</up_axis>
  </asset>
  <library_effects>
    <effect id="effect_Assembly_solid" name="effect_Assembly_solid">
      <profile_COMMON>
        <technique sid="common">
          <phong>
            <emission>
              <color>0.0 0.0 0.0 1.0</color>
            </emission>
            <ambient>
              <color>0.0 0.0 0.0 1.0</color>
            </ambient>
            <diffuse>
              <color>0.800000011920929 0.800000011920929 0.9019610285758972 1.0</color>
            </diffuse>
            <specular>
              <color>1 1 1 1.0</color>
            </specular>
            <shininess>
              <float>0.0</float>
            </shininess>
            <reflective>
              <color>0.0 0.0 0.0 1.0</color>
            </reflective>
            <reflectivity>
              <float>0.0</float>
            </reflectivity>
            <transparent>
              <color>0.0 0.0 0.0 1.0</color>
            </transparent>
            <transparency>
              <float>1.0</float>
            </transparency>
          </phong>
        </technique>
        <extra>
          <technique profile="GOOGLEEARTH">
            <double_sided>0</double_sided>
          </technique>
        </extra>
      </profile_COMMON>
    </effect>
  </library_effects>
  <library_geometries>
    <geometry id="geometry0" name="Assembly_solid">
      <mesh>
        <source id="cubeverts-array0">
          <float_array count="9174" id="cubeverts-array0-array">0.015 0.005 0 0.0195 0.005 0 0.015 0.005 -0.003 0.0195 0.005 -0.003 -0.02027301 -0.07013439 0 -0.02020711 -0.07020711 0 -0.02013439 -0.07027301 0 -0.0199714 -0.07038192 0 -0.02005557 -0.07033147 0 -0.01979029 -0.07045694 0 -0.01988268 -0.07042388 0 -0.02048079 -0.06969509 0 -0.02033147 -0.07005557 0 -0.02038192 -0.0699714 0 -0.02042388 -0.06988268 0 -0.02045694 -0.06979028 0 -0.0205 -0.0695 0 -0.02049518 -0.06959801 0 -0.0195 -0.0705 0 -0.01969509 -0.07048078 0 -0.01959802 -0.07049519 0 -0.01420971 -0.07045694 0 -0.0145 -0.0705 0 -0.01440198 -0.07049519 0 -0.01430491 -0.07048078 0 -0.01394443 -0.07033147 0 -0.01411732 -0.07042388 0 -0.0140286 -0.07038192 0 -0.01379289 -0.07020711 0 -0.01386561 -0.07027301 0 -0.01372699 -0.07013439 0 -0.01361808 -0.0699714 0 -0.01366853 -0.07005557 0 -0.01357612 -0.06988268 0 -0.01354306 -0.06979028 0 -0.0135 -0.0695 0 -0.01351921 -0.06969509 0 -0.01350482 -0.06959801 0 -0.0135 -0.06408778 0 -0.01391002 -0.06340642 0 -0.01428567 -0.06270553 0 -0.01462604 -0.06198684 0 -0.01493027 -0.06125212 0 -0.01519763 -0.0605032 0 -0.01542745 -0.05974191 0 -0.01561916 -0.05897015 0 -0.01577228 -0.05818982 0 -0.01588645 -0.05740284 0 -0.01596137 -0.05661116 0 -0.01599686 -0.05581674 0 -0.01599284 -0.05502154 0 -0.01594932 -0.05422751 0 -0.0158664 -0.05343663 0 -0.01574428 -0.05265085 0 0.01366853 -0.07005557 0 0.01372699 -0.07013439 0 0.01379289 -0.07020711 0 0.01361808 -0.0699714 0 0.01411732 -0.07042388 0 0.01394443 -0.07033147 0 0.0140286 -0.07038192 0 0.01386561 -0.07027301 0 0.01350482 -0.06959801 0 0.01357612 -0.06988268 0 0.01354306 -0.06979028 0 0.01351921 -0.06969509 0 0.0135 -0.0695 0 0.0145 -0.0705 0 0.01430491 -0.07048078 0 0.01440198 -0.07049519 0 0.01420971 -0.07045694 0 0.01969509 -0.07048078 0 0.0195 -0.0705 0 0.01959802 -0.07049519 0 0.01979029 -0.07045694 0 0.01988268 -0.07042388 0 0.02005557 -0.07033147 0 0.0199714 -0.07038192 0 0.02020711 -0.07020711 0 0.02013439 -0.07027301 0 0.02027301 -0.07013439 0 0.02038192 -0.0699714 0 0.02033147 -0.07005557 0 0.02042388 -0.06988268 0 0.02048079 -0.06969509 0 0.02045694 -0.06979028 0 0.0205 -0.0695 0 0.0135 -0.06408778 0 0.01391002 -0.06340642 0 0.02049518 -0.06959801 0 0.01428567 -0.06270553 0 0.01462604 -0.06198684 0 0.01493027 -0.06125212 0 0.01519763 -0.0605032 0 0.01542745 -0.05974191 0 0.01561916 -0.05897015 0 0.01577228 -0.05818982 0 0.01588645 -0.05740284 0 0.01596137 -0.05661116 0 0.01599686 -0.05581674 0 0.01599284 -0.05502154 0 0.01594932 -0.05422751 0 0.0158664 -0.05343663 0 0.01574428 -0.05265085 0 -0.01908664 -0.00103403 0 -0.01382937 -0.04745335 0 -0.01341248 -0.04677617 0 -0.001086638 -0.01903403 0 -0.006196022 -0.04074841 0 -0.005455428 -0.04045878 0 -0.01901592 -0.001103586 0 -0.01296247 -0.04612053 0 -0.001015922 -0.01910359 0 -0.001152602 -0.01895995 0 -0.006921311 -0.04107449 0 -0.0191526 -0.0009599528 0 -0.01421209 -0.04815041 0 -0.01894077 -0.001168316 0 -0.0009407645 -0.01916832 0 -0.004701358 -0.0402063 0 -0.01921353 -0.0008816779 0 -0.0145597 -0.04886562 0 -0.001213526 -0.01888168 0 -0.000861493 -0.01922794 0 -0.003935675 -0.0399916 0 -0.01886149 -0.001227937 0 -0.01248043 -0.04548807 0 -0.01926914 -0.0007995476 0 -0.01487135 -0.04959722 0 -0.001269143 -0.01879955 0 -0.007629503 -0.04143619 0 -0.01877845 -0.001282189 0 -0.0007784544 -0.01928219 0 -0.01931921 -0.0007139211 0 -0.01514627 -0.0503434 0 -0.01538377 -0.05110232 0 -0.001319211 -0.01871392 0 -0.008318849 -0.04183264 0 -0.0006920118 -0.01933083 0 -0.00316027 -0.03981521 0 -0.01936351 -0.0006251728 0 -0.01558327 -0.0518721 0 -0.0006025431 -0.01937366 0 -0.002377059 -0.03967756 0 -0.01940185 -0.0005336908 0 -0.0005104398 -0.01941048 0 -0.0004161044 -0.01944113 0 -0.001587975 -0.039579 0 -0.009775315 -0.01002214 0 -0.0108545 -0.04374501 0 -0.01025704 -0.04322021 0 -0.0003199494 -0.01946548 0 -0.01026273 -0.009522418 0 -0.01142514 -0.04429884 0 -0.009263601 -0.01049694 0 -0.00963424 -0.04272575 0 -0.01072462 -0.008999026 0 -0.01196757 -0.04488034 0 -0.0002223955 -0.01948342 0 -0.0007949696 -0.03951976 0 -0.008728857 -0.01094564 0 -0.008987644 -0.04226285 0 -0.000123869 -0.01949488 0 2.60984e-16 -0.0395 0 -0.01115985 -0.008453261 0 -0.008172411 -0.01136713 0 -2.480092e-05 -0.01949979 0 -0.01156734 -0.007886481 0 -0.01869201 -0.001330834 0 7.437563e-05 -0.01949816 0 0.0007949696 -0.03951976 0 -0.007595648 -0.01176036 0 -0.00136351 -0.01862517 0 0.000173227 -0.01948996 0 -0.01194607 -0.007300093 0 -0.01860254 -0.00137366 0 0.0002713208 -0.01947526 0 0.001587975 -0.039579 0 -0.007 -0.01212436 0 -0.001401847 -0.01853369 0 0.0003682282 -0.0194541 0 0.002377059 -0.03967756 0 -0.0122951 -0.006695556 0 -0.01851044 -0.001410479 0 -0.01841611 -0.001441131 0 0.0004635255 -0.01942658 0 -0.006386949 -0.01245821 0 -0.001434054 -0.01843987 0 -0.00145999 -0.01834414 0 0.0005567959 -0.01939283 0 0.00316027 -0.03981521 0 0.0006476315 -0.01935299 0 -0.01261356 -0.006074372 0 -0.01831995 -0.00146548 0 -0.01822239 -0.001483422 0 0.0007356353 -0.01930723 0 0.003935675 -0.0399916 0 -0.005758019 -0.01276108 0 -0.001479542 -0.01824689 0 -0.001492624 -0.01814857 0 0.0008204222 -0.01925575 0 0.004701358 -0.0402063 0 -0.01290067 -0.005438087 0 -0.01812387 -0.001494877 0 -0.0180248 -0.001499795 0 0.0009016217 -0.01919878 0 0.0009788786 -0.01913657 0 0.005455428 -0.04045878 0 -0.005114774 -0.01303223 0 -0.00149918 -0.01804959 0 -0.00149918 -0.01795041 0 0.001051855 -0.01906939 0 0.006196022 -0.04074841 0 -0.0131557 -0.004788282 0 -0.01792562 -0.001498155 0 -0.01782677 -0.001489964 0 0.001120232 -0.01899754 0 0.001183711 -0.01892132 0 0.006921311 -0.04107449 0 -0.004458813 -0.01327098 0 -0.001492624 -0.01785143 0 -0.001479542 -0.01775311 0 0.001242013 -0.01884107 0 0.007629503 -0.04143619 0 -0.01337802 -0.004126573 0 -0.01772868 -0.001475258 0 -0.01763177 -0.0014541 0 0.001294885 -0.01875715 0 0.001342094 -0.01866991 0 0.008318849 -0.04183264 0 -0.003791767 -0.01347674 0 -0.001434054 -0.01756013 0 -0.001401847 -0.01746631 0 -0.00145999 -0.01765586 0 -0.01356708 -0.003454604 0 -0.01753647 -0.001426585 0 -0.0174432 -0.001392831 0 -0.01735237 -0.001352987 0 -0.003115293 -0.01364899 0 -0.001319211 -0.01728608 0 -0.001269143 -0.01720045 0 -0.00136351 -0.01737483 0 -0.0205 0.004 0 -0.01841611 0.001441131 0 -0.01831995 0.00146548 0 -0.01851044 0.001410479 0 -0.01860254 0.00137366 0 -0.01869201 0.001330834 0 -0.01877845 0.001282189 0 -0.01886149 0.001227937 0 -0.01894077 0.001168316 0 -0.01901592 0.001103586 0 -0.01908664 0.00103403 0 -0.0191526 0.0009599528 0 -0.01921353 0.0008816779 0 -0.01926914 0.0007995476 0 -0.01931921 0.0007139211 0 -0.01936351 0.0006251728 0 -0.01940185 0.0005336908 0 -0.01943405 0.0004398751 0 -0.01945999 0.0003441359 0 -0.01947954 0.0002468919 0 -0.01949262 0.0001485683 0 -0.01949918 4.959505e-05 0 -0.01949918 -4.959505e-05 0 -0.01949262 -0.0001485683 0 -0.01947954 -0.0002468919 0 -0.01945999 -0.0003441359 0 -0.01372241 -0.002774046 0 -0.01726436 -0.001307226 0 -0.01717958 -0.00125575 0 -0.01709838 -0.001198782 0 -0.02048079 0.00419509 0 -0.02049518 0.004098017 0 -0.002431074 -0.01378731 0 -0.001152602 -0.01704005 0 -0.001086638 -0.01696597 0 -0.001213526 -0.01711832 0 -0.01384363 -0.002086592 0 -0.01702112 -0.001136572 0 -0.01694814 -0.001069393 0 -0.01687977 -0.0009975368 0 -0.01681629 -0.0009213191 0 -0.02038192 0.004471397 0 -0.02045694 0.004290285 0 -0.02042388 0.004382683 0 -0.02027301 0.004634393 0 -0.02033147 0.00455557 0 -0.001740812 -0.01389135 0 -0.000861493 -0.01677206 0 -0.0007784544 -0.01671781 0 -0.0009407645 -0.01683168 0 -0.001015922 -0.01689641 0 -0.02020711 0.004707107 0 -0.01393043 -0.00139395 0 -0.01675799 -0.0008410726 0 -0.01670511 -0.0007571483 0 -0.01665791 -0.0006699132 0 -0.01661657 -0.0005797487 0 -0.02005557 0.00483147 0 -0.02013439 0.00477301 0 -0.001046221 -0.01396085 0 -0.0005104398 -0.01658952 0 -0.0004161044 -0.01655887 0 -0.0006025431 -0.01662634 0 -0.0006920118 -0.01666917 0 -0.01988268 0.00492388 0 -0.0199714 0.004881921 0 -0.01979029 0.00495694 0 -0.01969509 0.004980785 0 -0.0139826 -0.0006978424 0 -0.01658127 -0.0004870492 0 -0.01655219 -0.0003922199 0 -0.01652943 -0.0002956755 0 -0.0165131 -0.0001978383 0 -0.0195 0.005 0 -0.01959802 0.004995185 0 -0.01782677 0.001489964 0 -0.01772868 0.001475258 0 -0.01792562 0.001498155 0 -0.0180248 0.001499795 0 -0.01812387 0.001494877 0 -0.01822239 0.001483422 0 -0.0003490297 -0.01399565 0 -0.000123869 -0.01650512 0 -2.480092e-05 -0.01650021 0 -0.0002223955 -0.01651658 0 -0.0003199494 -0.01653452 0 -0.014 2e-18 0 -0.01650328 -9.913588e-05 0 -0.0165 0 0 -0.01650328 9.913588e-05 0 -0.0165131 0.0001978383 0 -0.01652943 0.0002956755 0 -0.01655219 0.0003922199 0 -0.01658127 0.0004870492 0 -0.01661657 0.0005797487 0 -0.01665791 0.0006699132 0 -0.01670511 0.0007571483 0 -0.01675799 0.0008410726 0 0.0003490297 -0.01399565 0 0.0002713208 -0.01652474 0 0.0003682282 -0.0165459 0 0.000173227 -0.01651004 0 7.437563e-05 -0.01650184 0 0.001046221 -0.01396085 0 0.0006476315 -0.01664701 0 0.0007356353 -0.01669277 0 0.0005567959 -0.01660717 0 0.0004635255 -0.01657342 0 0.001740812 -0.01389135 0 0.0008204222 -0.01674425 0 0.0009788786 -0.01686343 0 0.001051855 -0.01693061 0 0.0009016217 -0.01680122 0 0.002431074 -0.01378731 0 0.001183711 -0.01707868 0 0.001242013 -0.01715893 0 0.001120232 -0.01700246 0 0.003115293 -0.01364899 0 0.001383435 -0.01742025 0 0.001418726 -0.01751295 0 0.001342094 -0.01733009 0 0.001294885 -0.01724285 0 -0.014 0.004 0 -0.01681629 0.0009213191 0 -0.01687977 0.0009975368 0 -0.01694814 0.001069393 0 -0.01702112 0.001136572 0 -0.01709838 0.001198782 0 -0.01717958 0.00125575 0 -0.015 0.005 0 -0.01726436 0.001307226 0 -0.01735237 0.001352987 0 -0.0174432 0.001392831 0 -0.01753647 0.001426585 0 -0.01763177 0.0014541 0 -0.01480491 0.004980785 0 -0.01490198 0.004995185 0 -0.01404306 0.004290285 0 -0.01400482 0.004098017 0 -0.01401921 0.00419509 0 -0.01461732 0.00492388 0 -0.01470971 0.00495694 0 0.003791767 -0.01347674 0 0.001447813 -0.01760778 0 0.00147057 -0.01770432 0 -0.01411808 0.004471397 0 -0.01407612 0.004382683 0 -0.01422699 0.004634393 0 -0.01416853 0.00455557 0 -0.01429289 0.004707107 0 -0.0145286 0.004881921 0 -0.01444443 0.00483147 0 -0.01436561 0.00477301 0 0.004458813 -0.01327098 0 0.00149672 -0.01790086 0 0.0015 -0.018 0 0.001486896 -0.01780216 0 0.005114774 -0.01303223 0 0.00149672 -0.01809914 0 0.001486896 -0.01819784 0 0.005758019 -0.01276108 0 0.00147057 -0.01829568 0 0.006386949 -0.01245821 0 0.001447813 -0.01839222 0 0.001418726 -0.01848705 0 0.007 -0.01212436 0 0.001383435 -0.01857975 0 0.007595648 -0.01176036 0 0.008172411 -0.01136713 0 0.008987644 -0.04226285 0 0.008728857 -0.01094564 0 0.00963424 -0.04272575 0 0.009263601 -0.01049694 0 0.01025704 -0.04322021 0 0.009775315 -0.01002214 0 0.0108545 -0.04374501 0 0.01026273 -0.009522418 0 0.01142514 -0.04429884 0 0.01072462 -0.008999026 0 0.01196757 -0.04488034 0 0.01115985 -0.008453261 0 0.01248043 -0.04548807 0 0.01698408 -0.001103586 0 0.01691336 -0.00103403 0 0.01384363 -0.002086592 0 0.0168474 -0.0009599528 0 0.01705923 -0.001168316 0 0.01372241 -0.002774046 0 0.01678647 -0.0008816779 0 0.01393043 -0.00139395 0 0.01713851 -0.001227937 0 0.01673086 -0.0007995476 0 0.01722155 -0.001282189 0 0.01668079 -0.0007139211 0 0.01730799 -0.001330834 0 0.01356708 -0.003454604 0 0.01663649 -0.0006251728 0 0.0139826 -0.0006978424 0 0.01739746 -0.00137366 0 0.01659815 -0.0005336908 0 0.01748956 -0.001410479 0 0.01656595 -0.0004398751 0 0.01758389 -0.001441131 0 0.01337802 -0.004126573 0 0.01654001 -0.0003441359 0 0.01768005 -0.00146548 0 0.01652046 -0.0002468919 0 0.014 -3e-18 0 0.01777761 -0.001483422 0 0.01650738 -0.0001485683 0 0.01787613 -0.001494877 0 0.0131557 -0.004788282 0 0.01650082 -4.959505e-05 0 0.0179752 -0.001499795 0 0.01650082 4.959505e-05 0 0.01807438 -0.001498155 0 0.01290067 -0.005438087 0 0.01650738 0.0001485683 0 0.01817323 -0.001489964 0 0.01652046 0.0002468919 0 0.01827132 -0.001475258 0 0.01261356 -0.006074372 0 0.01654001 0.0003441359 0 0.01836823 -0.0014541 0 0.01656595 0.0004398751 0 0.01846353 -0.001426585 0 0.0122951 -0.006695556 0 0.01659815 0.0005336908 0 0.0185568 -0.001392831 0 0.01194607 -0.007300093 0 0.01663649 0.0006251728 0 0.01864763 -0.001352987 0 0.01156734 -0.007886481 0 0.01668079 0.0007139211 0 0.01873564 -0.001307226 0 0.01673086 0.0007995476 0 0.01882042 -0.00125575 0 0.01890162 -0.001198782 0 0.01296247 -0.04612053 0 0.01897888 -0.001136572 0 0.01341248 -0.04677617 0 0.01905186 -0.001069393 0 0.01382937 -0.04745335 0 0.014 0.004 0 0.0168474 0.0009599528 0 0.01691336 0.00103403 0 0.01678647 0.0008816779 0 0.01698408 0.001103586 0 0.01912023 -0.0009975368 0 0.01421209 -0.04815041 0 0.01401921 0.00419509 0 0.01400482 0.004098017 0 0.01705923 0.001168316 0 0.01918371 -0.0009213191 0 0.0145597 -0.04886562 0 0.01404306 0.004290285 0 0.01713851 0.001227937 0 0.01924201 -0.0008410726 0 0.01487135 -0.04959722 0 0.01929489 -0.0007571483 0 0.01514627 -0.0503434 0 0.01934209 -0.0006699132 0 0.01538377 -0.05110232 0 0.01416853 0.00455557 0 0.01411808 0.004471397 0 0.01407612 0.004382683 0 0.01938343 -0.0005797487 0 0.01558327 -0.0518721 0 0.01422699 0.004634393 0 0.01429289 0.004707107 0 0.01444443 0.00483147 0 0.01436561 0.00477301 0 0.01461732 0.00492388 0 0.0145286 0.004881921 0 0.01480491 0.004980785 0 0.01470971 0.00495694 0 0.01490198 0.004995185 0 0.01758389 0.001441131 0 0.01768005 0.00146548 0 0.01748956 0.001410479 0 0.01739746 0.00137366 0 0.01730799 0.001330834 0 0.01722155 0.001282189 0 0.0205 0.004 0 0.0194869 -0.0001978383 0 0.01947057 -0.0002956755 0 0.01949672 -9.913588e-05 0 0.0195 0 0 0.01949672 9.913588e-05 0 0.0194869 0.0001978383 0 0.01947057 0.0002956755 0 0.01944781 0.0003922199 0 0.01941873 0.0004870492 0 0.01938343 0.0005797487 0 0.01934209 0.0006699132 0 0.01929489 0.0007571483 0 0.01924201 0.0008410726 0 0.01918371 0.0009213191 0 0.01912023 0.0009975368 0 0.01905186 0.001069393 0 0.01897888 0.001136572 0 0.01890162 0.001198782 0 0.01882042 0.00125575 0 0.01873564 0.001307226 0 0.01864763 0.001352987 0 0.0185568 0.001392831 0 0.01846353 0.001426585 0 0.01836823 0.0014541 0 0.01817323 0.001489964 0 0.01827132 0.001475258 0 0.01807438 0.001498155 0 0.0179752 0.001499795 0 0.01787613 0.001494877 0 0.01777761 0.001483422 0 0.01969509 0.004980785 0 0.01959802 0.004995185 0 0.02042388 0.004382683 0 0.02048079 0.00419509 0 0.02045694 0.004290285 0 0.02038192 0.004471397 0 0.02049518 0.004098017 0 0.02005557 0.00483147 0 0.01988268 0.00492388 0 0.01979029 0.00495694 0 0.0199714 0.004881921 0 0.02027301 0.004634393 0 0.02033147 0.00455557 0 0.02020711 0.004707107 0 0.02013439 0.00477301 0 -0.01943405 -0.0004398751 0 0.01944781 -0.0003922199 0 0.01941873 -0.0004870492 0 0.01490198 0.004995185 -0.003 0.01480491 0.004980785 -0.003 0.01470971 0.00495694 -0.003 0.01461732 0.00492388 -0.003 0.0145286 0.004881921 -0.003 0.01444443 0.00483147 -0.003 0.01436561 0.00477301 -0.003 0.01429289 0.004707107 -0.003 0.01422699 0.004634393 -0.003 0.01416853 0.00455557 -0.003 0.01411808 0.004471397 -0.003 0.01407612 0.004382683 -0.003 0.01404306 0.004290285 -0.003 0.01401921 0.00419509 -0.003 0.01400482 0.004098017 -0.003 0.014 0.004 -0.003 0.01959802 0.004995185 -0.003 0.01969509 0.004980785 -0.003 0.01979029 0.00495694 -0.003 0.01988268 0.00492388 -0.003 0.0199714 0.004881921 -0.003 0.02005557 0.00483147 -0.003 0.02013439 0.00477301 -0.003 0.02020711 0.004707107 -0.003 0.02027301 0.004634393 -0.003 0.02033147 0.00455557 -0.003 0.02038192 0.004471397 -0.003 0.02042388 0.004382683 -0.003 0.02045694 0.004290285 -0.003 0.02048079 0.00419509 -0.003 0.02049518 0.004098017 -0.003 0.0205 0.004 -0.003 0.01988268 -0.07042388 -0.003 0.02020711 -0.07020711 -0.003 0.02013439 -0.07027301 -0.003 0.02005557 -0.07033147 -0.003 0.0199714 -0.07038192 -0.003 0.01979029 -0.07045694 -0.003 0.02048079 -0.06969509 -0.003 0.02045694 -0.06979028 -0.003 0.02042388 -0.06988268 -0.003 0.02038192 -0.0699714 -0.003 0.02033147 -0.07005557 -0.003 0.02027301 -0.07013439 -0.003 0.0205 -0.0695 -0.003 0.02049518 -0.06959801 -0.003 0.0195 -0.0705 -0.003 0.01969509 -0.07048078 -0.003 0.01959802 -0.07049519 -0.003 0.0145 -0.0705 -0.003 0.01430491 -0.07048078 -0.003 0.01440198 -0.07049519 -0.003 0.01411732 -0.07042388 -0.003 0.01420971 -0.07045694 -0.003 0.01394443 -0.07033147 -0.003 0.0140286 -0.07038192 -0.003 0.01386561 -0.07027301 -0.003 0.01366853 -0.07005557 -0.003 0.01379289 -0.07020711 -0.003 0.01372699 -0.07013439 -0.003 0.01361808 -0.0699714 -0.003 0.01354306 -0.06979028 -0.003 0.01357612 -0.06988268 -0.003 0.01350482 -0.06959801 -0.003 0.01351921 -0.06969509 -0.003 0.0135 -0.0695 -0.003 0.0135 -0.0592081 -0.003 0.01366754 -0.05853286 -0.003 0.01380134 -0.05785014 -0.003 0.01390105 -0.0571616 -0.003 0.01396643 -0.05646897 -0.003 0.01399732 -0.05577394 -0.003 0.01399365 -0.05507824 -0.003 0.01395541 -0.05438358 -0.003 0.01388272 -0.05369167 -0.003 0.01377575 -0.05300423 -0.003 0.01363475 -0.05232296 -0.003 -0.01366853 -0.07005557 -0.003 -0.01372699 -0.07013439 -0.003 -0.01379289 -0.07020711 -0.003 -0.01361808 -0.0699714 -0.003 -0.01411732 -0.07042388 -0.003 -0.01394443 -0.07033147 -0.003 -0.0140286 -0.07038192 -0.003 -0.01386561 -0.07027301 -0.003 -0.01350482 -0.06959801 -0.003 -0.01357612 -0.06988268 -0.003 -0.01354306 -0.06979028 -0.003 -0.01351921 -0.06969509 -0.003 -0.0135 -0.0695 -0.003 -0.0145 -0.0705 -0.003 -0.01430491 -0.07048078 -0.003 -0.01440198 -0.07049519 -0.003 -0.01420971 -0.07045694 -0.003 -0.01969509 -0.07048078 -0.003 -0.0195 -0.0705 -0.003 -0.01959802 -0.07049519 -0.003 -0.01979029 -0.07045694 -0.003 -0.01988268 -0.07042388 -0.003 -0.0199714 -0.07038192 -0.003 -0.02005557 -0.07033147 -0.003 -0.02020711 -0.07020711 -0.003 -0.02013439 -0.07027301 -0.003 -0.02027301 -0.07013439 -0.003 -0.02038192 -0.0699714 -0.003 -0.02033147 -0.07005557 -0.003 -0.02042388 -0.06988268 -0.003 -0.02048079 -0.06969509 -0.003 -0.02045694 -0.06979028 -0.003 -0.0205 -0.0695 -0.003 -0.02049518 -0.06959801 -0.003 -0.0135 -0.0592081 -0.003 -0.01366754 -0.05853286 -0.003 -0.01380134 -0.05785014 -0.003 -0.01390105 -0.0571616 -0.003 -0.01396643 -0.05646897 -0.003 -0.01399732 -0.05577394 -0.003 -0.01399365 -0.05507824 -0.003 -0.01395541 -0.05438358 -0.003 -0.01388272 -0.05369167 -0.003 -0.01377575 -0.05300423 -0.003 -0.01363475 -0.05232296 -0.003 0.001051855 -0.01906939 -0.003 0.006055334 -0.04287729 -0.003 0.00542078 -0.04259205 -0.003 0.01905186 -0.001069393 -0.003 0.01243456 -0.04906715 -0.003 0.01209964 -0.04845736 -0.003 0.01912023 -0.0009975368 -0.003 0.01273878 -0.04969282 -0.003 0.001120232 -0.01899754 -0.003 0.01897888 -0.001136572 -0.003 0.01173483 -0.04786496 -0.003 0.0009788786 -0.01913657 -0.003 0.00477284 -0.04233869 -0.003 0.01918371 -0.0009213191 -0.003 0.01301155 -0.05033283 -0.003 0.001183711 -0.01892132 -0.003 0.006674934 -0.04319369 -0.003 0.01890162 -0.001198782 -0.003 0.01134104 -0.04729142 -0.003 0.0009016217 -0.01919878 -0.003 0.004113114 -0.04211784 -0.003 0.01924201 -0.0008410726 -0.003 0.01325218 -0.05098561 -0.003 0.001242013 -0.01884107 -0.003 0.00727805 -0.04354049 -0.003 0.01882042 -0.00125575 -0.003 0.0008204222 -0.01925575 -0.003 0.01929489 -0.0007571483 -0.003 0.01346008 -0.05164953 -0.003 0.001294885 -0.01875715 -0.003 0.007863194 -0.04391682 -0.003 0.0007356353 -0.01930723 -0.003 0.00344323 -0.04193003 -0.003 0.001342094 -0.01866991 -0.003 0.01934209 -0.0006699132 -0.003 0.0006476315 -0.01935299 -0.003 0.002764843 -0.04177573 -0.003 0.01938343 -0.0005797487 -0.003 0.0005567959 -0.01939283 -0.003 0.0004635255 -0.01942658 -0.003 0.002079629 -0.04165532 -0.003 0.0003682282 -0.0194541 -0.003 0.001389279 -0.0415691 -0.003 0.009775315 -0.01002214 -0.003 0.009995879 -0.04569784 -0.003 0.009496581 -0.04521336 -0.003 0.01026273 -0.009522418 -0.003 0.01047049 -0.04620652 -0.003 0.009263601 -0.01049694 -0.003 0.00897383 -0.04475429 -0.003 0.0002713208 -0.01947526 -0.003 0.01072462 -0.008999026 -0.003 0.01091925 -0.04673815 -0.003 0.008728857 -0.01094564 -0.003 0.00842892 -0.04432175 -0.003 0.000173227 -0.01948996 -0.003 0.0006954983 -0.04151729 -0.003 0.01115985 -0.008453261 -0.003 7.437563e-05 -0.01949816 -0.003 -1.822312e-16 -0.0415 -0.003 0.008172411 -0.01136713 -0.003 -2.480092e-05 -0.01949979 -0.003 0.01156734 -0.007886481 -0.003 0.01864763 -0.001352987 -0.003 0.01873564 -0.001307226 -0.003 -0.000123869 -0.01949488 -0.003 -0.0006954983 -0.04151729 -0.003 0.007595648 -0.01176036 -0.003 0.001383435 -0.01857975 -0.003 -0.0002223955 -0.01948342 -0.003 -0.001389279 -0.0415691 -0.003 0.01194607 -0.007300093 -0.003 0.0185568 -0.001392831 -0.003 -0.0003199494 -0.01946548 -0.003 -0.002079629 -0.04165532 -0.003 0.007 -0.01212436 -0.003 0.001418726 -0.01848705 -0.003 -0.0004161044 -0.01944113 -0.003 0.0122951 -0.006695556 -0.003 0.01846353 -0.001426585 -0.003 -0.0005104398 -0.01941048 -0.003 -0.002764843 -0.04177573 -0.003 0.006386949 -0.01245821 -0.003 0.001447813 -0.01839222 -0.003 0.00147057 -0.01829568 -0.003 -0.0006025431 -0.01937366 -0.003 -0.00344323 -0.04193003 -0.003 0.01261356 -0.006074372 -0.003 0.01827132 -0.001475258 -0.003 0.01836823 -0.0014541 -0.003 -0.0006920118 -0.01933083 -0.003 0.005758019 -0.01276108 -0.003 0.001486896 -0.01819784 -0.003 -0.0007784544 -0.01928219 -0.003 -0.004113114 -0.04211784 -0.003 -0.000861493 -0.01922794 -0.003 -0.00477284 -0.04233869 -0.003 0.01290067 -0.005438087 -0.003 0.01807438 -0.001498155 -0.003 0.01817323 -0.001489964 -0.003 -0.0009407645 -0.01916832 -0.003 0.005114774 -0.01303223 -0.003 0.00149672 -0.01809914 -0.003 0.0015 -0.018 -0.003 -0.001015922 -0.01910359 -0.003 -0.00542078 -0.04259205 -0.003 -0.001086638 -0.01903403 -0.003 -0.006055334 -0.04287729 -0.003 0.0131557 -0.004788282 -0.003 0.01787613 -0.001494877 -0.003 0.0179752 -0.001499795 -0.003 -0.001152602 -0.01895995 -0.003 -0.006674934 -0.04319369 -0.003 0.004458813 -0.01327098 -0.003 0.00149672 -0.01790086 -0.003 0.001486896 -0.01780216 -0.003 0.00147057 -0.01770432 -0.003 -0.001213526 -0.01888168 -0.003 -0.001269143 -0.01879955 -0.003 -0.00727805 -0.04354049 -0.003 0.01337802 -0.004126573 -0.003 0.01758389 -0.001441131 -0.003 0.01768005 -0.00146548 -0.003 0.01777761 -0.001483422 -0.003 -0.001319211 -0.01871392 -0.003 -0.007863194 -0.04391682 -0.003 0.003791767 -0.01347674 -0.003 0.001447813 -0.01760778 -0.003 0.001418726 -0.01751295 -0.003 0.01356708 -0.003454604 -0.003 0.01730799 -0.001330834 -0.003 0.01739746 -0.00137366 -0.003 0.01748956 -0.001410479 -0.003 0.003115293 -0.01364899 -0.003 0.001383435 -0.01742025 -0.003 0.001342094 -0.01733009 -0.003 0.001294885 -0.01724285 -0.003 0.001242013 -0.01715893 -0.003 0.01947057 -0.0002956755 -0.003 0.0194869 -0.0001978383 -0.003 0.01949672 -9.913588e-05 -0.003 0.0195 0 -0.003 0.01949672 9.913588e-05 -0.003 0.0194869 0.0001978383 -0.003 0.01947057 0.0002956755 -0.003 0.01944781 0.0003922199 -0.003 0.01941873 0.0004870492 -0.003 0.01938343 0.0005797487 -0.003 0.01934209 0.0006699132 -0.003 0.01929489 0.0007571483 -0.003 0.01924201 0.0008410726 -0.003 0.01918371 0.0009213191 -0.003 0.01912023 0.0009975368 -0.003 0.01905186 0.001069393 -0.003 0.01897888 0.001136572 -0.003 0.01890162 0.001198782 -0.003 0.01882042 0.00125575 -0.003 0.01873564 0.001307226 -0.003 0.01864763 0.001352987 -0.003 0.0185568 0.001392831 -0.003 0.01846353 0.001426585 -0.003 0.01836823 0.0014541 -0.003 0.01372241 -0.002774046 -0.003 0.01705923 -0.001168316 -0.003 0.01713851 -0.001227937 -0.003 0.01722155 -0.001282189 -0.003 0.002431074 -0.01378731 -0.003 0.001183711 -0.01707868 -0.003 0.001120232 -0.01700246 -0.003 0.001051855 -0.01693061 -0.003 0.01384363 -0.002086592 -0.003 0.01678647 -0.0008816779 -0.003 0.0168474 -0.0009599528 -0.003 0.01691336 -0.00103403 -0.003 0.01698408 -0.001103586 -0.003 0.001740812 -0.01389135 -0.003 0.0009788786 -0.01686343 -0.003 0.0009016217 -0.01680122 -0.003 0.0008204222 -0.01674425 -0.003 0.0007356353 -0.01669277 -0.003 0.01393043 -0.00139395 -0.003 0.01663649 -0.0006251728 -0.003 0.01668079 -0.0007139211 -0.003 0.01673086 -0.0007995476 -0.003 0.001046221 -0.01396085 -0.003 0.0006476315 -0.01664701 -0.003 0.0005567959 -0.01660717 -0.003 0.0004635255 -0.01657342 -0.003 0.0003682282 -0.0165459 -0.003 0.0139826 -0.0006978424 -0.003 0.01652046 -0.0002468919 -0.003 0.01654001 -0.0003441359 -0.003 0.01656595 -0.0004398751 -0.003 0.01659815 -0.0005336908 -0.003 0.01827132 0.001475258 -0.003 0.01817323 0.001489964 -0.003 0.01807438 0.001498155 -0.003 0.0179752 0.001499795 -0.003 0.01787613 0.001494877 -0.003 0.01777761 0.001483422 -0.003 0.01768005 0.00146548 -0.003 0.0003490297 -0.01399565 -0.003 0.0002713208 -0.01652474 -0.003 0.000173227 -0.01651004 -0.003 7.437563e-05 -0.01650184 -0.003 -2.480092e-05 -0.01650021 -0.003 0.014 -3e-18 -0.003 0.01673086 0.0007995476 -0.003 0.01668079 0.0007139211 -0.003 0.01663649 0.0006251728 -0.003 0.01659815 0.0005336908 -0.003 0.01656595 0.0004398751 -0.003 0.01654001 0.0003441359 -0.003 0.01652046 0.0002468919 -0.003 0.01650738 0.0001485683 -0.003 0.01650082 4.959505e-05 -0.003 0.01650082 -4.959505e-05 -0.003 0.01650738 -0.0001485683 -0.003 -0.0003490297 -0.01399565 -0.003 -0.0003199494 -0.01653452 -0.003 -0.0004161044 -0.01655887 -0.003 -0.000123869 -0.01650512 -0.003 -0.0002223955 -0.01651658 -0.003 -0.001046221 -0.01396085 -0.003 -0.0005104398 -0.01658952 -0.003 -0.0006025431 -0.01662634 -0.003 -0.0006920118 -0.01666917 -0.003 -0.0007784544 -0.01671781 -0.003 -0.001740812 -0.01389135 -0.003 -0.000861493 -0.01677206 -0.003 -0.0009407645 -0.01683168 -0.003 -0.001015922 -0.01689641 -0.003 -0.001086638 -0.01696597 -0.003 -0.002431074 -0.01378731 -0.003 -0.001152602 -0.01704005 -0.003 -0.001213526 -0.01711832 -0.003 -0.001269143 -0.01720045 -0.003 -0.003115293 -0.01364899 -0.003 -0.001319211 -0.01728608 -0.003 -0.00136351 -0.01737483 -0.003 -0.001401847 -0.01746631 -0.003 0.01713851 0.001227937 -0.003 0.01705923 0.001168316 -0.003 0.01698408 0.001103586 -0.003 0.01691336 0.00103403 -0.003 0.0168474 0.0009599528 -0.003 0.01678647 0.0008816779 -0.003 0.01758389 0.001441131 -0.003 0.01748956 0.001410479 -0.003 0.01739746 0.00137366 -0.003 0.01730799 0.001330834 -0.003 0.01722155 0.001282189 -0.003 -0.003791767 -0.01347674 -0.003 -0.001434054 -0.01756013 -0.003 -0.00145999 -0.01765586 -0.003 -0.001479542 -0.01775311 -0.003 -0.004458813 -0.01327098 -0.003 -0.001492624 -0.01785143 -0.003 -0.00149918 -0.01795041 -0.003 -0.005114774 -0.01303223 -0.003 -0.00149918 -0.01804959 -0.003 -0.001492624 -0.01814857 -0.003 -0.005758019 -0.01276108 -0.003 -0.001479542 -0.01824689 -0.003 -0.00145999 -0.01834414 -0.003 -0.006386949 -0.01245821 -0.003 -0.001434054 -0.01843987 -0.003 -0.001401847 -0.01853369 -0.003 -0.007 -0.01212436 -0.003 -0.00136351 -0.01862517 -0.003 -0.007595648 -0.01176036 -0.003 -0.008172411 -0.01136713 -0.003 -0.00842892 -0.04432175 -0.003 -0.008728857 -0.01094564 -0.003 -0.00897383 -0.04475429 -0.003 -0.009263601 -0.01049694 -0.003 -0.009496581 -0.04521336 -0.003 -0.009775315 -0.01002214 -0.003 -0.009995879 -0.04569784 -0.003 -0.01026273 -0.009522418 -0.003 -0.01047049 -0.04620652 -0.003 -0.01072462 -0.008999026 -0.003 -0.01091925 -0.04673815 -0.003 -0.01115985 -0.008453261 -0.003 -0.01134104 -0.04729142 -0.003 -0.01687977 -0.0009975368 -0.003 -0.01384363 -0.002086592 -0.003 -0.01694814 -0.001069393 -0.003 -0.01702112 -0.001136572 -0.003 -0.01681629 -0.0009213191 -0.003 -0.01393043 -0.00139395 -0.003 -0.01709838 -0.001198782 -0.003 -0.01372241 -0.002774046 -0.003 -0.01675799 -0.0008410726 -0.003 -0.01717958 -0.00125575 -0.003 -0.01670511 -0.0007571483 -0.003 -0.01726436 -0.001307226 -0.003 -0.01665791 -0.0006699132 -0.003 -0.01735237 -0.001352987 -0.003 -0.01356708 -0.003454604 -0.003 -0.01661657 -0.0005797487 -0.003 -0.0139826 -0.0006978424 -0.003 -0.0174432 -0.001392831 -0.003 -0.01658127 -0.0004870492 -0.003 -0.01753647 -0.001426585 -0.003 -0.01655219 -0.0003922199 -0.003 -0.01763177 -0.0014541 -0.003 -0.01337802 -0.004126573 -0.003 -0.01652943 -0.0002956755 -0.003 -0.01772868 -0.001475258 -0.003 -0.0165131 -0.0001978383 -0.003 -0.014 2e-18 -0.003 -0.01782677 -0.001489964 -0.003 -0.0131557 -0.004788282 -0.003 -0.01650328 -9.913588e-05 -0.003 -0.01792562 -0.001498155 -0.003 -0.0165 0 -0.003 -0.0180248 -0.001499795 -0.003 -0.01290067 -0.005438087 -0.003 -0.01650328 9.913588e-05 -0.003 -0.01812387 -0.001494877 -0.003 -0.0165131 0.0001978383 -0.003 -0.01822239 -0.001483422 -0.003 -0.01261356 -0.006074372 -0.003 -0.01652943 0.0002956755 -0.003 -0.01831995 -0.00146548 -0.003 -0.01655219 0.0003922199 -0.003 -0.01841611 -0.001441131 -0.003 -0.0122951 -0.006695556 -0.003 -0.01658127 0.0004870492 -0.003 -0.01851044 -0.001410479 -0.003 -0.01661657 0.0005797487 -0.003 -0.01860254 -0.00137366 -0.003 -0.01194607 -0.007300093 -0.003 -0.01665791 0.0006699132 -0.003 -0.01869201 -0.001330834 -0.003 -0.01156734 -0.007886481 -0.003 -0.01670511 0.0007571483 -0.003 -0.01877845 -0.001282189 -0.003 -0.01675799 0.0008410726 -0.003 -0.01886149 -0.001227937 -0.003 -0.01894077 -0.001168316 -0.003 -0.01173483 -0.04786496 -0.003 -0.01901592 -0.001103586 -0.003 -0.01209964 -0.04845736 -0.003 -0.014 0.004 -0.003 -0.01681629 0.0009213191 -0.003 -0.01687977 0.0009975368 -0.003 -0.01694814 0.001069393 -0.003 -0.01908664 -0.00103403 -0.003 -0.01243456 -0.04906715 -0.003 -0.01702112 0.001136572 -0.003 -0.0191526 -0.0009599528 -0.003 -0.01273878 -0.04969282 -0.003 -0.01401921 0.00419509 -0.003 -0.01400482 0.004098017 -0.003 -0.01709838 0.001198782 -0.003 -0.01921353 -0.0008816779 -0.003 -0.01301155 -0.05033283 -0.003 -0.01325218 -0.05098561 -0.003 -0.01404306 0.004290285 -0.003 -0.01717958 0.00125575 -0.003 -0.01926914 -0.0007995476 -0.003 -0.01346008 -0.05164953 -0.003 -0.01931921 -0.0007139211 -0.003 -0.01416853 0.00455557 -0.003 -0.01411808 0.004471397 -0.003 -0.01407612 0.004382683 -0.003 -0.01936351 -0.0006251728 -0.003 -0.01940185 -0.0005336908 -0.003 -0.01436561 0.00477301 -0.003 -0.01429289 0.004707107 -0.003 -0.01422699 0.004634393 -0.003 -0.01444443 0.00483147 -0.003 -0.01461732 0.00492388 -0.003 -0.0145286 0.004881921 -0.003 -0.01490198 0.004995185 -0.003 -0.01480491 0.004980785 -0.003 -0.01470971 0.00495694 -0.003 -0.015 0.005 -0.003 -0.01726436 0.001307226 -0.003 -0.01735237 0.001352987 -0.003 -0.0174432 0.001392831 -0.003 -0.01753647 0.001426585 -0.003 -0.01763177 0.0014541 -0.003 -0.01772868 0.001475258 -0.003 -0.0205 0.004 -0.003 -0.01886149 0.001227937 -0.003 -0.01894077 0.001168316 -0.003 -0.01901592 0.001103586 -0.003 -0.01908664 0.00103403 -0.003 -0.0191526 0.0009599528 -0.003 -0.01921353 0.0008816779 -0.003 -0.01926914 0.0007995476 -0.003 -0.01931921 0.0007139211 -0.003 -0.01936351 0.0006251728 -0.003 -0.01940185 0.0005336908 -0.003 -0.01943405 0.0004398751 -0.003 -0.01945999 0.0003441359 -0.003 -0.01947954 0.0002468919 -0.003 -0.01949262 0.0001485683 -0.003 -0.01949918 4.959505e-05 -0.003 -0.01949918 -4.959505e-05 -0.003 -0.01949262 -0.0001485683 -0.003 -0.01947954 -0.0002468919 -0.003 -0.01945999 -0.0003441359 -0.003 -0.01831995 0.00146548 -0.003 -0.01841611 0.001441131 -0.003 -0.01851044 0.001410479 -0.003 -0.01860254 0.00137366 -0.003 -0.01869201 0.001330834 -0.003 -0.01877845 0.001282189 -0.003 -0.0195 0.005 -0.003 -0.01782677 0.001489964 -0.003 -0.01792562 0.001498155 -0.003 -0.0180248 0.001499795 -0.003 -0.01812387 0.001494877 -0.003 -0.01822239 0.001483422 -0.003 -0.02048079 0.00419509 -0.003 -0.02049518 0.004098017 -0.003 -0.01969509 0.004980785 -0.003 -0.01959802 0.004995185 -0.003 -0.02038192 0.004471397 -0.003 -0.02045694 0.004290285 -0.003 -0.02042388 0.004382683 -0.003 -0.0199714 0.004881921 -0.003 -0.01988268 0.00492388 -0.003 -0.01979029 0.00495694 -0.003 -0.02020711 0.004707107 -0.003 -0.02033147 0.00455557 -0.003 -0.02027301 0.004634393 -0.003 -0.02013439 0.00477301 -0.003 -0.02005557 0.00483147 -0.003 0.01944781 -0.0003922199 -0.003 0.01941873 -0.0004870492 -0.003 -0.01943405 -0.0004398751 -0.003 0.0135 -0.06408778 -0.001 0.0135 -0.0592081 -0.001 0.01391002 -0.06340642 -0.001 0.01428567 -0.06270553 -0.001 0.01462604 -0.06198684 -0.001 0.01493027 -0.06125212 -0.001 0.01519763 -0.0605032 -0.001 0.01542745 -0.05974191 -0.001 0.01561916 -0.05897015 -0.001 0.01577228 -0.05818982 -0.001 0.01588645 -0.05740284 -0.001 0.01596137 -0.05661116 -0.001 0.01599686 -0.05581674 -0.001 0.01599284 -0.05502154 -0.001 0.01594932 -0.05422751 -0.001 0.0158664 -0.05343663 -0.001 0.01574428 -0.05265085 -0.001 0.01558327 -0.0518721 -0.001 0.01538377 -0.05110232 -0.001 0.01514627 -0.0503434 -0.001 0.01487135 -0.04959722 -0.001 0.0145597 -0.04886562 -0.001 0.01421209 -0.04815041 -0.001 0.01382937 -0.04745335 -0.001 0.01341248 -0.04677617 -0.001 0.01296247 -0.04612053 -0.001 0.01248043 -0.04548807 -0.001 0.01196757 -0.04488034 -0.001 0.01142514 -0.04429884 -0.001 0.0108545 -0.04374501 -0.001 0.01025704 -0.04322021 -0.001 0.00963424 -0.04272575 -0.001 0.008987644 -0.04226285 -0.001 0.008318849 -0.04183264 -0.001 0.007629503 -0.04143619 -0.001 0.006921311 -0.04107449 -0.001 0.006196022 -0.04074841 -0.001 0.005455428 -0.04045878 -0.001 0.004701358 -0.0402063 -0.001 0.003935675 -0.0399916 -0.001 0.00316027 -0.03981521 -0.001 0.002377059 -0.03967756 -0.001 0.001587975 -0.039579 -0.001 0.0007949696 -0.03951976 -0.001 2.60984e-16 -0.0395 -0.001 -0.0007949696 -0.03951976 -0.001 -0.001587975 -0.039579 -0.001 -0.002377059 -0.03967756 -0.001 -0.00316027 -0.03981521 -0.001 -0.003935675 -0.0399916 -0.001 -0.004701358 -0.0402063 -0.001 -0.005455428 -0.04045878 -0.001 -0.006196022 -0.04074841 -0.001 -0.006921311 -0.04107449 -0.001 -0.007629503 -0.04143619 -0.001 -0.008318849 -0.04183264 -0.001 -0.008987644 -0.04226285 -0.001 -0.00963424 -0.04272575 -0.001 -0.01025704 -0.04322021 -0.001 -0.0108545 -0.04374501 -0.001 -0.01142514 -0.04429884 -0.001 -0.01196757 -0.04488034 -0.001 -0.01248043 -0.04548807 -0.001 -0.01296247 -0.04612053 -0.001 -0.01341248 -0.04677617 -0.001 -0.01382937 -0.04745335 -0.001 -0.01421209 -0.04815041 -0.001 -0.0145597 -0.04886562 -0.001 -0.01487135 -0.04959722 -0.001 -0.01514627 -0.0503434 -0.001 -0.01538377 -0.05110232 -0.001 -0.01558327 -0.0518721 -0.001 -0.01574428 -0.05265085 -0.001 -0.0158664 -0.05343663 -0.001 -0.01594932 -0.05422751 -0.001 -0.01599284 -0.05502154 -0.001 -0.01599686 -0.05581674 -0.001 -0.01596137 -0.05661116 -0.001 -0.01588645 -0.05740284 -0.001 -0.01577228 -0.05818982 -0.001 -0.01561916 -0.05897015 -0.001 -0.01542745 -0.05974191 -0.001 -0.01519763 -0.0605032 -0.001 -0.01493027 -0.06125212 -0.001 -0.01462604 -0.06198684 -0.001 -0.01428567 -0.06270553 -0.001 -0.01391002 -0.06340642 -0.001 -0.0135 -0.06408778 -0.001 -0.0135 -0.0592081 -0.001 0.01366754 -0.05853286 -0.001 0.01380134 -0.05785014 -0.001 0.01390105 -0.0571616 -0.001 0.01396643 -0.05646897 -0.001 0.01399732 -0.05577394 -0.001 0.01399365 -0.05507824 -0.001 0.01395541 -0.05438358 -0.001 0.01388272 -0.05369167 -0.001 0.01377575 -0.05300423 -0.001 0.01363475 -0.05232296 -0.001 0.01346008 -0.05164953 -0.001 0.01325218 -0.05098561 -0.001 0.01301155 -0.05033283 -0.001 0.01273878 -0.04969282 -0.001 0.01243456 -0.04906715 -0.001 0.01209964 -0.04845736 -0.001 0.01173483 -0.04786496 -0.001 0.01134104 -0.04729142 -0.001 0.01091925 -0.04673815 -0.001 0.01047049 -0.04620652 -0.001 0.009995879 -0.04569784 -0.001 0.009496581 -0.04521336 -0.001 0.00897383 -0.04475429 -0.001 0.00842892 -0.04432175 -0.001 0.007863194 -0.04391682 -0.001 0.00727805 -0.04354049 -0.001 0.006674934 -0.04319369 -0.001 0.006055334 -0.04287729 -0.001 0.00542078 -0.04259205 -0.001 0.00477284 -0.04233869 -0.001 0.004113114 -0.04211784 -0.001 0.00344323 -0.04193003 -0.001 0.002764843 -0.04177573 -0.001 0.002079629 -0.04165532 -0.001 0.001389279 -0.0415691 -0.001 0.0006954983 -0.04151729 -0.001 -1.822312e-16 -0.0415 -0.001 -0.0006954983 -0.04151729 -0.001 -0.001389279 -0.0415691 -0.001 -0.002079629 -0.04165532 -0.001 -0.002764843 -0.04177573 -0.001 -0.00344323 -0.04193003 -0.001 -0.004113114 -0.04211784 -0.001 -0.00477284 -0.04233869 -0.001 -0.00542078 -0.04259205 -0.001 -0.006055334 -0.04287729 -0.001 -0.006674934 -0.04319369 -0.001 -0.00727805 -0.04354049 -0.001 -0.007863194 -0.04391682 -0.001 -0.00842892 -0.04432175 -0.001 -0.00897383 -0.04475429 -0.001 -0.009496581 -0.04521336 -0.001 -0.009995879 -0.04569784 -0.001 -0.01047049 -0.04620652 -0.001 -0.01091925 -0.04673815 -0.001 -0.01134104 -0.04729142 -0.001 -0.01173483 -0.04786496 -0.001 -0.01209964 -0.04845736 -0.001 -0.01243456 -0.04906715 -0.001 -0.01273878 -0.04969282 -0.001 -0.01301155 -0.05033283 -0.001 -0.01325218 -0.05098561 -0.001 -0.01346008 -0.05164953 -0.001 -0.01363475 -0.05232296 -0.001 -0.01377575 -0.05300423 -0.001 -0.01388272 -0.05369167 -0.001 -0.01395541 -0.05438358 -0.001 -0.01399365 -0.05507824 -0.001 -0.01399732 -0.05577394 -0.001 -0.01396643 -0.05646897 -0.001 -0.01390105 -0.0571616 -0.001 -0.01380134 -0.05785014 -0.001 -0.01366754 -0.05853286 -0.001 0.01248446 -0.05508503 -0.001 0.0125 -0.0557081 -0.001 0.0125 -0.0557081 -0.005 0.01248446 -0.05508503 -0.005 0.01243788 -0.0544635 -0.001 0.01243788 -0.0544635 -0.005 0.01236038 -0.05384507 -0.001 0.01236038 -0.05384507 -0.005 0.01225216 -0.05323127 -0.001 0.01225216 -0.05323127 -0.005 0.01211347 -0.05262363 -0.001 0.01211347 -0.05262363 -0.005 0.01194466 -0.05202366 -0.001 0.01194466 -0.05202366 -0.005 0.01174616 -0.05143285 -0.005 0.01174616 -0.05143285 -0.001 0.01151845 -0.05085266 -0.001 0.01151845 -0.05085266 -0.005 0.01126211 -0.05028455 -0.001 0.01126211 -0.05028455 -0.005 0.01097777 -0.04972992 -0.001 0.01097777 -0.04972992 -0.005 0.01066614 -0.04919016 -0.005 0.01066614 -0.04919016 -0.001 0.01032798 -0.0486666 -0.001 0.01032798 -0.0486666 -0.005 0.009964156 -0.04816055 -0.001 0.009964156 -0.04816055 -0.005 0.009575556 -0.04767326 -0.001 0.009575556 -0.04767326 -0.005 0.009163148 -0.04720594 -0.001 0.009163148 -0.04720594 -0.005 0.008727961 -0.04675976 -0.001 0.008727961 -0.04675976 -0.005 0.008271073 -0.04633583 -0.001 0.008271073 -0.04633583 -0.005 0.007793622 -0.04593521 -0.005 0.007793622 -0.04593521 -0.001 0.007296796 -0.04555888 -0.001 0.007296796 -0.04555888 -0.005 0.006781828 -0.04520778 -0.001 0.006781828 -0.04520778 -0.005 0.00625 -0.04488278 -0.005 0.00625 -0.04488278 -0.001 0.005702633 -0.0445847 -0.005 0.005702633 -0.0445847 -0.001 0.005141089 -0.04431428 -0.001 0.005141089 -0.04431428 -0.005 0.004566763 -0.04407218 -0.001 0.004566763 -0.04407218 -0.005 0.003981083 -0.04385901 -0.001 0.003981083 -0.04385901 -0.005 0.003385506 -0.0436753 -0.001 0.003385506 -0.0436753 -0.005 0.002781512 -0.0435215 -0.001 0.002781512 -0.0435215 -0.005 0.002170602 -0.043398 -0.001 0.002170602 -0.043398 -0.005 0.001554296 -0.04330511 -0.001 0.001554296 -0.04330511 -0.005 0.0009341262 -0.04324305 -0.001 0.0009341262 -0.04324305 -0.005 0.0003116336 -0.04321198 -0.001 0.0003116336 -0.04321198 -0.005 -0.0003116336 -0.04321198 -0.001 -0.0003116336 -0.04321198 -0.005 -0.0009341262 -0.04324305 -0.005 -0.0009341262 -0.04324305 -0.001 -0.001554296 -0.04330511 -0.001 -0.001554296 -0.04330511 -0.005 -0.002170602 -0.043398 -0.001 -0.002170602 -0.043398 -0.005 -0.002781512 -0.0435215 -0.001 -0.002781512 -0.0435215 -0.005 -0.003385506 -0.0436753 -0.001 -0.003385506 -0.0436753 -0.005 -0.003981083 -0.04385901 -0.001 -0.003981083 -0.04385901 -0.005 -0.004566763 -0.04407218 -0.001 -0.004566763 -0.04407218 -0.005 -0.005141089 -0.04431428 -0.001 -0.005141089 -0.04431428 -0.005 -0.005702633 -0.0445847 -0.001 -0.005702633 -0.0445847 -0.005 -0.00625 -0.04488278 -0.001 -0.00625 -0.04488278 -0.005 -0.006781828 -0.04520778 -0.001 -0.006781828 -0.04520778 -0.005 -0.007296796 -0.04555888 -0.001 -0.007296796 -0.04555888 -0.005 -0.007793622 -0.04593521 -0.001 -0.007793622 -0.04593521 -0.005 -0.008271073 -0.04633583 -0.001 -0.008271073 -0.04633583 -0.005 -0.008727961 -0.04675976 -0.001 -0.008727961 -0.04675976 -0.005 -0.009163148 -0.04720594 -0.001 -0.009163148 -0.04720594 -0.005 -0.009575556 -0.04767326 -0.001 -0.009575556 -0.04767326 -0.005 -0.009964156 -0.04816055 -0.001 -0.009964156 -0.04816055 -0.005 -0.01032798 -0.0486666 -0.001 -0.01032798 -0.0486666 -0.005 -0.01066614 -0.04919016 -0.001 -0.01066614 -0.04919016 -0.005 -0.01097777 -0.04972992 -0.005 -0.01097777 -0.04972992 -0.001 -0.01126211 -0.05028455 -0.001 -0.01126211 -0.05028455 -0.005 -0.01151845 -0.05085266 -0.001 -0.01151845 -0.05085266 -0.005 -0.01174616 -0.05143285 -0.001 -0.01174616 -0.05143285 -0.005 -0.01194466 -0.05202366 -0.001 -0.01194466 -0.05202366 -0.005 -0.01211347 -0.05262363 -0.001 -0.01211347 -0.05262363 -0.005 -0.01225216 -0.05323127 -0.001 -0.01225216 -0.05323127 -0.005 -0.01236038 -0.05384507 -0.001 -0.01236038 -0.05384507 -0.005 -0.01243788 -0.0544635 -0.001 -0.01243788 -0.0544635 -0.005 -0.01248446 -0.05508503 -0.001 -0.01248446 -0.05508503 -0.005 -0.0125 -0.0557081 -0.001 -0.0125 -0.0557081 -0.005 -0.01248446 -0.05633117 -0.001 -0.01248446 -0.05633117 -0.005 -0.01243788 -0.0569527 -0.001 -0.01243788 -0.0569527 -0.005 -0.01236038 -0.05757113 -0.001 -0.01236038 -0.05757113 -0.005 -0.01225216 -0.05818493 -0.001 -0.01225216 -0.05818493 -0.005 -0.01211347 -0.05879257 -0.001 -0.01211347 -0.05879257 -0.005 -0.01194466 -0.05939254 -0.001 -0.01194466 -0.05939254 -0.005 -0.01174616 -0.05998335 -0.001 -0.01174616 -0.05998335 -0.005 -0.01151845 -0.06056353 -0.001 -0.01151845 -0.06056353 -0.005 -0.01126211 -0.06113165 -0.001 -0.01126211 -0.06113165 -0.005 -0.01097777 -0.06168628 -0.001 -0.01097777 -0.06168628 -0.005 -0.01066614 -0.06222604 -0.001 -0.01066614 -0.06222604 -0.005 -0.01032798 -0.0627496 -0.001 -0.01032798 -0.0627496 -0.005 -0.009964156 -0.06325565 -0.001 -0.009964156 -0.06325565 -0.005 -0.009575556 -0.06374294 -0.001 -0.009575556 -0.06374294 -0.005 -0.009163148 -0.06421026 -0.001 -0.009163148 -0.06421026 -0.005 -0.008727961 -0.06465643 -0.001 -0.008727961 -0.06465643 -0.005 -0.008271073 -0.06508037 -0.001 -0.008271073 -0.06508037 -0.005 -0.007793622 -0.065481 -0.001 -0.007793622 -0.065481 -0.005 -0.007296796 -0.06585732 -0.001 -0.007296796 -0.06585732 -0.005 -0.006781828 -0.06620842 -0.001 -0.006781828 -0.06620842 -0.005 -0.00625 -0.06653342 -0.001 -0.00625 -0.06653342 -0.005 -0.005702633 -0.0668315 -0.001 -0.005702633 -0.0668315 -0.005 -0.005141089 -0.06710192 -0.001 -0.005141089 -0.06710192 -0.005 -0.004566763 -0.06734402 -0.001 -0.004566763 -0.06734402 -0.005 -0.003981083 -0.06755719 -0.001 -0.003981083 -0.06755719 -0.005 -0.003385506 -0.06774091 -0.001 -0.003385506 -0.06774091 -0.005 -0.002781512 -0.0678947 -0.001 -0.002781512 -0.0678947 -0.005 -0.002170602 -0.0680182 -0.001 -0.002170602 -0.0680182 -0.005 -0.001554296 -0.06811109 -0.001 -0.001554296 -0.06811109 -0.005 -0.0009341262 -0.06817315 -0.001 -0.0009341262 -0.06817315 -0.005 -0.0003116336 -0.06820422 -0.001 -0.0003116336 -0.06820422 -0.005 0.0003116336 -0.06820422 -0.001 0.0003116336 -0.06820422 -0.005 0.0009341262 -0.06817315 -0.001 0.0009341262 -0.06817315 -0.005 0.001554296 -0.06811109 -0.001 0.001554296 -0.06811109 -0.005 0.002170602 -0.0680182 -0.001 0.002170602 -0.0680182 -0.005 0.002781512 -0.0678947 -0.001 0.002781512 -0.0678947 -0.005 0.003385506 -0.06774091 -0.001 0.003385506 -0.06774091 -0.005 0.003981083 -0.06755719 -0.001 0.003981083 -0.06755719 -0.005 0.004566763 -0.06734402 -0.001 0.004566763 -0.06734402 -0.005 0.005141089 -0.06710192 -0.001 0.005141089 -0.06710192 -0.005 0.005702633 -0.0668315 -0.001 0.005702633 -0.0668315 -0.005 0.00625 -0.06653342 -0.001 0.00625 -0.06653342 -0.005 0.006781828 -0.06620842 -0.001 0.006781828 -0.06620842 -0.005 0.007296796 -0.06585732 -0.001 0.007296796 -0.06585732 -0.005 0.007793622 -0.065481 -0.001 0.007793622 -0.065481 -0.005 0.008271073 -0.06508037 -0.001 0.008271073 -0.06508037 -0.005 0.008727961 -0.06465643 -0.001 0.008727961 -0.06465643 -0.005 0.009163148 -0.06421026 -0.001 0.009163148 -0.06421026 -0.005 0.009575556 -0.06374294 -0.001 0.009575556 -0.06374294 -0.005 0.009964156 -0.06325565 -0.001 0.009964156 -0.06325565 -0.005 0.01032798 -0.0627496 -0.001 0.01032798 -0.0627496 -0.005 0.01066614 -0.06222604 -0.001 0.01066614 -0.06222604 -0.005 0.01097777 -0.06168628 -0.001 0.01097777 -0.06168628 -0.005 0.01126211 -0.06113165 -0.001 0.01126211 -0.06113165 -0.005 0.01151845 -0.06056353 -0.001 0.01151845 -0.06056353 -0.005 0.01174616 -0.05998335 -0.001 0.01174616 -0.05998335 -0.005 0.01194466 -0.05939254 -0.001 0.01194466 -0.05939254 -0.005 0.01211347 -0.05879257 -0.001 0.01211347 -0.05879257 -0.005 0.01225216 -0.05818493 -0.001 0.01225216 -0.05818493 -0.005 0.01236038 -0.05757113 -0.001 0.01236038 -0.05757113 -0.005 0.01243788 -0.0569527 -0.001 0.01243788 -0.0569527 -0.005 0.01248446 -0.05633117 -0.001 0.01248446 -0.05633117 -0.005 -0.01117179 -0.06716197 -0.001 -0.01172883 -0.06659087 -0.001 -0.01058697 -0.0677046 -0.001 -0.009975837 -0.0682174 -0.001 -0.01225671 -0.0659927 -0.001 -0.01275412 -0.06536897 -0.001 -0.009339899 -0.0686991 -0.001 -0.00868074 -0.06914851 -0.001 -0.01321982 -0.06472122 -0.001 -0.01365265 -0.06405106 -0.001 -0.008 -0.06956451 -0.001 -0.0144155 -0.06265024 -0.001 -0.01405155 -0.06336016 -0.001 -0.00729937 -0.06994604 -0.001 -0.01474362 -0.06192306 -0.001 -0.006580594 -0.07029219 -0.001 -0.005845457 -0.07060208 -0.001 -0.01503508 -0.06118042 -0.001 -0.005095787 -0.07087494 -0.001 -0.01528916 -0.06042418 -0.001 -0.004333447 -0.07111008 -0.001 -0.003560335 -0.07130695 -0.001 -0.01550524 -0.05965622 -0.001 -0.01568276 -0.05887844 -0.001 -0.002778371 -0.07146503 -0.001 -0.01582129 -0.05809278 -0.001 -0.001989499 -0.07158392 -0.001 -0.01592049 -0.05730119 -0.001 -0.001195681 -0.07166336 -0.001 -0.01598011 -0.05650563 -0.001 -0.0003988911 -0.07170313 -0.001 -0.016 -0.0557081 -0.001 0.0003988911 -0.07170313 -0.001 -0.01598011 -0.05491056 -0.001 0.001195681 -0.07166336 -0.001 -0.01582129 -0.05332342 -0.001 -0.01592049 -0.05411501 -0.001 0.001989499 -0.07158392 -0.001 0.002778371 -0.07146503 -0.001 -0.01568276 -0.05253776 -0.001 0.003560335 -0.07130695 -0.001 -0.01528916 -0.05099202 -0.001 -0.01550524 -0.05175998 -0.001 0.004333447 -0.07111008 -0.001 0.005095787 -0.07087494 -0.001 -0.01503508 -0.05023578 -0.001 0.005845457 -0.07060208 -0.001 -0.0144155 -0.04876596 -0.001 -0.01474362 -0.04949314 -0.001 0.006580594 -0.07029219 -0.001 0.00729937 -0.06994604 -0.001 -0.01405155 -0.04805603 -0.001 0.008 -0.06956451 -0.001 -0.01365265 -0.04736514 -0.001 0.00868074 -0.06914851 -0.001 0.009339899 -0.0686991 -0.001 -0.01321982 -0.04669498 -0.001 -0.01275412 -0.04604723 -0.001 0.009975837 -0.0682174 -0.001 -0.01225671 -0.0454235 -0.001 0.01058697 -0.0677046 -0.001 -0.01172883 -0.04482534 -0.001 0.01117179 -0.06716197 -0.001 -0.01117179 -0.04425423 -0.001 0.01172883 -0.06659087 -0.001 -0.01058697 -0.0437116 -0.001 0.01225671 -0.0659927 -0.001 -0.009975837 -0.0431988 -0.001 0.01275412 -0.06536897 -0.001 -0.009339899 -0.04271709 -0.001 0.01321982 -0.06472122 -0.001 -0.00868074 -0.04226768 -0.001 0.01365265 -0.06405106 -0.001 -0.008 -0.04185169 -0.001 0.01405155 -0.06336016 -0.001 -0.00729937 -0.04147015 -0.001 0.0144155 -0.06265024 -0.001 -0.006580594 -0.041124 -0.001 0.01474362 -0.06192306 -0.001 -0.005845457 -0.04081412 -0.001 0.01503508 -0.06118042 -0.001 -0.005095787 -0.04054126 -0.001 0.01528916 -0.06042418 -0.001 -0.004333447 -0.04030611 -0.001 0.01550524 -0.05965622 -0.001 -0.003560335 -0.04010925 -0.001 0.01568276 -0.05887844 -0.001 -0.002778371 -0.03995118 -0.001 0.01582129 -0.05809278 -0.001 -0.001989499 -0.03983227 -0.001 0.01592049 -0.05730119 -0.001 -0.001195681 -0.03975284 -0.001 0.01598011 -0.05650563 -0.001 -0.0003988911 -0.03971307 -0.001 0.016 -0.0557081 -0.001 0.0003988911 -0.03971307 -0.001 0.01598011 -0.05491056 -0.001 0.001195681 -0.03975284 -0.001 0.01592049 -0.05411501 -0.001 0.001989499 -0.03983227 -0.001 0.01582129 -0.05332342 -0.001 0.002778371 -0.03995118 -0.001 0.01568276 -0.05253776 -0.001 0.003560335 -0.04010925 -0.001 0.01550524 -0.05175998 -0.001 0.004333447 -0.04030611 -0.001 0.01528916 -0.05099202 -0.001 0.005095787 -0.04054126 -0.001 0.01503508 -0.05023578 -0.001 0.005845457 -0.04081412 -0.001 0.01474362 -0.04949314 -0.001 0.006580594 -0.041124 -0.001 0.0144155 -0.04876596 -0.001 0.00729937 -0.04147015 -0.001 0.01405155 -0.04805603 -0.001 0.008 -0.04185169 -0.001 0.01365265 -0.04736514 -0.001 0.00868074 -0.04226768 -0.001 0.01321982 -0.04669498 -0.001 0.009339899 -0.04271709 -0.001 0.01275412 -0.04604723 -0.001 0.009975837 -0.0431988 -0.001 0.01225671 -0.0454235 -0.001 0.01058697 -0.0437116 -0.001 0.01172883 -0.04482534 -0.001 0.01117179 -0.04425423 -0.001 0.016 -0.0557081 0.002 0.01598011 -0.05491056 0.002 0.01592049 -0.05411501 0.002 0.01582129 -0.05332342 0.002 0.01568276 -0.05253776 0.002 0.01550524 -0.05175998 0.002 0.01528916 -0.05099202 0.002 0.01503508 -0.05023578 0.002 0.01474362 -0.04949314 0.002 0.0144155 -0.04876596 0.002 0.01405155 -0.04805603 0.002 0.01365265 -0.04736514 0.002 0.01321982 -0.04669498 0.002 0.01275412 -0.04604723 0.002 0.01225671 -0.0454235 0.002 0.01172883 -0.04482534 0.002 0.01117179 -0.04425423 0.002 0.01058697 -0.0437116 0.002 0.009975837 -0.0431988 0.002 0.009339899 -0.04271709 0.002 0.00868074 -0.04226768 0.002 0.008 -0.04185169 0.002 0.00729937 -0.04147015 0.002 0.006580594 -0.041124 0.002 0.005845457 -0.04081412 0.002 0.005095787 -0.04054126 0.002 0.004333447 -0.04030611 0.002 0.003560335 -0.04010925 0.002 0.002778371 -0.03995118 0.002 0.001989499 -0.03983227 0.002 0.001195681 -0.03975284 0.002 0.0003988911 -0.03971307 0.002 -0.0003988911 -0.03971307 0.002 -0.001195681 -0.03975284 0.002 -0.001989499 -0.03983227 0.002 -0.002778371 -0.03995118 0.002 -0.003560335 -0.04010925 0.002 -0.004333447 -0.04030611 0.002 -0.005095787 -0.04054126 0.002 -0.005845457 -0.04081412 0.002 -0.006580594 -0.041124 0.002 -0.00729937 -0.04147015 0.002 -0.008 -0.04185169 0.002 -0.00868074 -0.04226768 0.002 -0.009339899 -0.04271709 0.002 -0.009975837 -0.0431988 0.002 -0.01058697 -0.0437116 0.002 -0.01117179 -0.04425423 0.002 -0.01172883 -0.04482534 0.002 -0.01225671 -0.0454235 0.002 -0.01275412 -0.04604723 0.002 -0.01321982 -0.04669498 0.002 -0.01365265 -0.04736514 0.002 -0.01405155 -0.04805603 0.002 -0.0144155 -0.04876596 0.002 -0.01474362 -0.04949314 0.002 -0.01503508 -0.05023578 0.002 -0.01528916 -0.05099202 0.002 -0.01550524 -0.05175998 0.002 -0.01568276 -0.05253776 0.002 -0.01582129 -0.05332342 0.002 -0.01592049 -0.05411501 0.002 -0.01598011 -0.05491056 0.002 -0.016 -0.0557081 0.002 -0.01598011 -0.05650563 0.002 -0.01592049 -0.05730119 0.002 -0.01582129 -0.05809278 0.002 -0.01568276 -0.05887844 0.002 -0.01550524 -0.05965622 0.002 -0.01528916 -0.06042418 0.002 -0.01503508 -0.06118042 0.002 -0.01474362 -0.06192306 0.002 -0.0144155 -0.06265024 0.002 -0.01405155 -0.06336016 0.002 -0.01365265 -0.06405106 0.002 -0.01321982 -0.06472122 0.002 -0.01275412 -0.06536897 0.002 -0.01225671 -0.0659927 0.002 -0.01172883 -0.06659087 0.002 -0.01117179 -0.06716197 0.002 -0.01058697 -0.0677046 0.002 -0.009975837 -0.0682174 0.002 -0.009339899 -0.0686991 0.002 -0.00868074 -0.06914851 0.002 -0.008 -0.06956451 0.002 -0.00729937 -0.06994604 0.002 -0.006580594 -0.07029219 0.002 -0.005845457 -0.07060208 0.002 -0.005095787 -0.07087494 0.002 -0.004333447 -0.07111008 0.002 -0.003560335 -0.07130695 0.002 -0.002778371 -0.07146503 0.002 -0.001989499 -0.07158392 0.002 -0.001195681 -0.07166336 0.002 -0.0003988911 -0.07170313 0.002 0.0003988911 -0.07170313 0.002 0.001195681 -0.07166336 0.002 0.001989499 -0.07158392 0.002 0.002778371 -0.07146503 0.002 0.003560335 -0.07130695 0.002 0.004333447 -0.07111008 0.002 0.005095787 -0.07087494 0.002 0.005845457 -0.07060208 0.002 0.006580594 -0.07029219 0.002 0.00729937 -0.06994604 0.002 0.008 -0.06956451 0.002 0.00868074 -0.06914851 0.002 0.009339899 -0.0686991 0.002 0.009975837 -0.0682174 0.002 0.01058697 -0.0677046 0.002 0.01117179 -0.06716197 0.002 0.01172883 -0.06659087 0.002 0.01225671 -0.0659927 0.002 0.01275412 -0.06536897 0.002 0.01321982 -0.06472122 0.002 0.01365265 -0.06405106 0.002 0.01405155 -0.06336016 0.002 0.0144155 -0.06265024 0.002 0.01474362 -0.06192306 0.002 0.01503508 -0.06118042 0.002 0.01528916 -0.06042418 0.002 0.01550524 -0.05965622 0.002 0.01568276 -0.05887844 0.002 0.01582129 -0.05809278 0.002 0.01592049 -0.05730119 0.002 0.01598011 -0.05650563 0.002 -0.01062925 -0.0655706 0.002 -0.01012443 -0.06608817 0.002 -0.009594444 -0.06657993 0.002 -0.01110764 -0.06502852 0.002 -0.009040602 -0.06704465 0.002 -0.01155842 -0.06446326 0.002 -0.008464283 -0.0674812 0.002 -0.01198046 -0.06387624 0.002 -0.007866921 -0.06788847 0.002 -0.01237272 -0.06326891 0.002 -0.00725 -0.06826546 0.002 -0.01273421 -0.06264278 0.002 -0.006615055 -0.06861124 0.002 -0.01306405 -0.06199941 0.002 -0.005963663 -0.06892493 0.002 -0.01336141 -0.0613404 0.002 -0.005297445 -0.06920577 0.002 -0.01362554 -0.06066739 0.002 -0.004618056 -0.06945305 0.002 -0.01385581 -0.05998205 0.002 -0.003927187 -0.06966615 0.002 -0.01405162 -0.05928608 0.002 -0.003226553 -0.06984455 0.002 -0.0142125 -0.05858122 0.002 -0.002517899 -0.06998781 0.002 -0.01433805 -0.05786921 0.002 -0.001802984 -0.07009557 0.002 -0.01442795 -0.05715183 0.002 -0.001083586 -0.07016756 0.002 -0.01448198 -0.05643087 0.002 -0.000361495 -0.07020359 0.002 -0.0145 -0.0557081 0.002 0.000361495 -0.07020359 0.002 -0.01448198 -0.05498533 0.002 0.001083586 -0.07016756 0.002 -0.01442795 -0.05426437 0.002 0.001802984 -0.07009557 0.002 -0.01433805 -0.05354699 0.002 0.002517899 -0.06998781 0.002 -0.0142125 -0.05283498 0.002 0.003226553 -0.06984455 0.002 -0.01405162 -0.05213012 0.002 0.003927187 -0.06966615 0.002 -0.01385581 -0.05143415 0.002 0.004618056 -0.06945305 0.002 -0.01362554 -0.05074881 0.002 0.005297445 -0.06920577 0.002 -0.01336141 -0.05007579 0.002 0.005963663 -0.06892493 0.002 -0.01306405 -0.04941679 0.002 0.006615055 -0.06861124 0.002 -0.01273421 -0.04877342 0.002 0.00725 -0.06826546 0.002 -0.01237272 -0.04814729 0.002 0.007866921 -0.06788847 0.002 -0.01198046 -0.04753996 0.002 0.008464283 -0.0674812 0.002 -0.01155842 -0.04695293 0.002 0.009040602 -0.06704465 0.002 -0.01110764 -0.04638768 0.002 0.009594444 -0.06657993 0.002 -0.01062925 -0.0458456 0.002 0.01012443 -0.06608817 0.002 -0.01012443 -0.04532803 0.002 0.01062925 -0.0655706 0.002 -0.009594444 -0.04483627 0.002 0.01110764 -0.06502852 0.002 -0.009040602 -0.04437154 0.002 0.01155842 -0.06446326 0.002 -0.008464283 -0.043935 0.002 0.01198046 -0.06387624 0.002 -0.007866921 -0.04352773 0.002 0.01237272 -0.06326891 0.002 0.01273421 -0.06264278 0.002 -0.00725 -0.04315073 0.002 -0.006615055 -0.04280496 0.002 -0.005963663 -0.04249126 0.002 0.01306405 -0.06199941 0.002 0.01336141 -0.0613404 0.002 -0.005297445 -0.04221043 0.002 0.01362554 -0.06066739 0.002 0.01385581 -0.05998205 0.002 -0.004618056 -0.04196315 0.002 -0.003927187 -0.04175005 0.002 0.01405162 -0.05928608 0.002 -0.003226553 -0.04157164 0.002 0.0142125 -0.05858122 0.002 -0.002517899 -0.04142839 0.002 -0.001802984 -0.04132063 0.002 0.01433805 -0.05786921 0.002 0.01442795 -0.05715183 0.002 -0.001083586 -0.04124865 0.002 -0.000361495 -0.0412126 0.002 0.01448198 -0.05643087 0.002 0.0145 -0.0557081 0.002 0.000361495 -0.0412126 0.002 0.01448198 -0.05498533 0.002 0.001083586 -0.04124865 0.002 0.01442795 -0.05426437 0.002 0.01433805 -0.05354699 0.002 0.001802984 -0.04132063 0.002 0.002517899 -0.04142839 0.002 0.0142125 -0.05283498 0.002 0.01405162 -0.05213012 0.002 0.003226553 -0.04157164 0.002 0.003927187 -0.04175005 0.002 0.01385581 -0.05143415 0.002 0.01362554 -0.05074881 0.002 0.004618056 -0.04196315 0.002 0.005297445 -0.04221043 0.002 0.01336141 -0.05007579 0.002 0.005963663 -0.04249126 0.002 0.01306405 -0.04941679 0.002 0.01273421 -0.04877342 0.002 0.006615055 -0.04280496 0.002 0.00725 -0.04315073 0.002 0.01237272 -0.04814729 0.002 0.007866921 -0.04352773 0.002 0.01198046 -0.04753996 0.002 0.01155842 -0.04695293 0.002 0.008464283 -0.043935 0.002 0.009040602 -0.04437154 0.002 0.01110764 -0.04638768 0.002 0.01062925 -0.0458456 0.002 0.009594444 -0.04483627 0.002 0.01012443 -0.04532803 0.002 0.0145 -0.0557081 0.0327 0.01448198 -0.05498533 0.0327 0.01442795 -0.05426437 0.0327 0.01433805 -0.05354699 0.0327 0.0142125 -0.05283498 0.0327 0.01405162 -0.05213012 0.0327 0.01385581 -0.05143415 0.0327 0.01362554 -0.05074881 0.0327 0.01336141 -0.05007579 0.0327 0.01306405 -0.04941679 0.0327 0.01273421 -0.04877342 0.0327 0.01237272 -0.04814729 0.0327 0.01198046 -0.04753996 0.0327 0.01155842 -0.04695293 0.0327 0.01110764 -0.04638768 0.0327 0.01062925 -0.0458456 0.0327 0.01012443 -0.04532803 0.0327 0.009594444 -0.04483627 0.0327 0.009040602 -0.04437154 0.0327 0.008464283 -0.043935 0.0327 0.007866921 -0.04352773 0.0327 0.00725 -0.04315073 0.0327 0.006615055 -0.04280496 0.0327 0.005963663 -0.04249126 0.0327 0.005297445 -0.04221043 0.0327 0.004618056 -0.04196315 0.0327 0.003927187 -0.04175005 0.0327 0.003226553 -0.04157164 0.0327 0.002517899 -0.04142839 0.0327 0.001802984 -0.04132063 0.0327 0.001083586 -0.04124865 0.0327 0.000361495 -0.0412126 0.0327 -0.000361495 -0.0412126 0.0327 -0.001083586 -0.04124865 0.0327 -0.001802984 -0.04132063 0.0327 -0.002517899 -0.04142839 0.0327 -0.003226553 -0.04157164 0.0327 -0.003927187 -0.04175005 0.0327 -0.004618056 -0.04196315 0.0327 -0.005297445 -0.04221043 0.0327 -0.005963663 -0.04249126 0.0327 -0.006615055 -0.04280496 0.0327 -0.00725 -0.04315073 0.0327 -0.007866921 -0.04352773 0.0327 -0.008464283 -0.043935 0.0327 -0.009040602 -0.04437154 0.0327 -0.009594444 -0.04483627 0.0327 -0.01012443 -0.04532803 0.0327 -0.01062925 -0.0458456 0.0327 -0.01110764 -0.04638768 0.0327 -0.01155842 -0.04695293 0.0327 -0.01198046 -0.04753996 0.0327 -0.01237272 -0.04814729 0.0327 -0.01273421 -0.04877342 0.0327 -0.01306405 -0.04941679 0.0327 -0.01336141 -0.05007579 0.0327 -0.01362554 -0.05074881 0.0327 -0.01385581 -0.05143415 0.0327 -0.01405162 -0.05213012 0.0327 -0.0142125 -0.05283498 0.0327 -0.01433805 -0.05354699 0.0327 -0.01442795 -0.05426437 0.0327 -0.01448198 -0.05498533 0.0327 -0.0145 -0.0557081 0.0327 -0.01448198 -0.05643087 0.0327 -0.01442795 -0.05715183 0.0327 -0.01433805 -0.05786921 0.0327 -0.0142125 -0.05858122 0.0327 -0.01405162 -0.05928608 0.0327 -0.01385581 -0.05998205 0.0327 -0.01362554 -0.06066739 0.0327 -0.01336141 -0.0613404 0.0327 -0.01306405 -0.06199941 0.0327 -0.01273421 -0.06264278 0.0327 -0.01237272 -0.06326891 0.0327 -0.01198046 -0.06387624 0.0327 -0.01155842 -0.06446326 0.0327 -0.01110764 -0.06502852 0.0327 -0.01062925 -0.0655706 0.0327 -0.01012443 -0.06608817 0.0327 -0.009594444 -0.06657993 0.0327 -0.009040602 -0.06704465 0.0327 -0.008464283 -0.0674812 0.0327 -0.007866921 -0.06788847 0.0327 -0.00725 -0.06826546 0.0327 -0.006615055 -0.06861124 0.0327 -0.005963663 -0.06892493 0.0327 -0.005297445 -0.06920577 0.0327 -0.004618056 -0.06945305 0.0327 -0.003927187 -0.06966615 0.0327 -0.003226553 -0.06984455 0.0327 -0.002517899 -0.06998781 0.0327 -0.001802984 -0.07009557 0.0327 -0.001083586 -0.07016756 0.0327 -0.000361495 -0.07020359 0.0327 0.000361495 -0.07020359 0.0327 0.001083586 -0.07016756 0.0327 0.001802984 -0.07009557 0.0327 0.002517899 -0.06998781 0.0327 0.003226553 -0.06984455 0.0327 0.003927187 -0.06966615 0.0327 0.004618056 -0.06945305 0.0327 0.005297445 -0.06920577 0.0327 0.005963663 -0.06892493 0.0327 0.006615055 -0.06861124 0.0327 0.00725 -0.06826546 0.0327 0.007866921 -0.06788847 0.0327 0.008464283 -0.0674812 0.0327 0.009040602 -0.06704465 0.0327 0.009594444 -0.06657993 0.0327 0.01012443 -0.06608817 0.0327 0.01062925 -0.0655706 0.0327 0.01110764 -0.06502852 0.0327 0.01155842 -0.06446326 0.0327 0.01198046 -0.06387624 0.0327 0.01237272 -0.06326891 0.0327 0.01273421 -0.06264278 0.0327 0.01306405 -0.06199941 0.0327 0.01336141 -0.0613404 0.0327 0.01362554 -0.06066739 0.0327 0.01385581 -0.05998205 0.0327 0.01405162 -0.05928608 0.0327 0.0142125 -0.05858122 0.0327 0.01433805 -0.05786921 0.0327 0.01442795 -0.05715183 0.0327 0.01448198 -0.05643087 0.0327 -0.009163148 -0.06421026 0.0327 -0.008727961 -0.06465643 0.0327 -0.008271073 -0.06508037 0.0327 -0.009575556 -0.06374294 0.0327 -0.007793622 -0.065481 0.0327 -0.009964156 -0.06325565 0.0327 -0.007296796 -0.06585732 0.0327 -0.01032798 -0.0627496 0.0327 -0.006781828 -0.06620842 0.0327 -0.01066614 -0.06222604 0.0327 -0.00625 -0.06653342 0.0327 -0.01097777 -0.06168628 0.0327 -0.005702633 -0.0668315 0.0327 -0.01126211 -0.06113165 0.0327 -0.005141089 -0.06710192 0.0327 -0.01151845 -0.06056353 0.0327 -0.004566763 -0.06734402 0.0327 -0.01174616 -0.05998335 0.0327 -0.003981083 -0.06755719 0.0327 -0.01194466 -0.05939254 0.0327 -0.003385506 -0.06774091 0.0327 -0.01211347 -0.05879257 0.0327 -0.002781512 -0.0678947 0.0327 -0.01225216 -0.05818493 0.0327 -0.002170602 -0.0680182 0.0327 -0.01236038 -0.05757113 0.0327 -0.001554296 -0.06811109 0.0327 -0.01243788 -0.0569527 0.0327 -0.0009341262 -0.06817315 0.0327 -0.01248446 -0.05633117 0.0327 -0.0003116336 -0.06820422 0.0327 -0.0125 -0.0557081 0.0327 0.0003116336 -0.06820422 0.0327 -0.01248446 -0.05508503 0.0327 0.0009341262 -0.06817315 0.0327 -0.01243788 -0.0544635 0.0327 0.001554296 -0.06811109 0.0327 -0.01236038 -0.05384507 0.0327 0.002170602 -0.0680182 0.0327 -0.01225216 -0.05323127 0.0327 0.002781512 -0.0678947 0.0327 -0.01211347 -0.05262363 0.0327 0.003385506 -0.06774091 0.0327 -0.01194466 -0.05202366 0.0327 0.003981083 -0.06755719 0.0327 -0.01174616 -0.05143285 0.0327 0.004566763 -0.06734402 0.0327 -0.01151845 -0.05085266 0.0327 0.005141089 -0.06710192 0.0327 -0.01126211 -0.05028455 0.0327 0.005702633 -0.0668315 0.0327 -0.01097777 -0.04972992 0.0327 0.00625 -0.06653342 0.0327 -0.01066614 -0.04919016 0.0327 0.006781828 -0.06620842 0.0327 -0.01032798 -0.0486666 0.0327 0.007296796 -0.06585732 0.0327 -0.009964156 -0.04816055 0.0327 0.007793622 -0.065481 0.0327 -0.009575556 -0.04767326 0.0327 0.008271073 -0.06508037 0.0327 -0.009163148 -0.04720594 0.0327 0.008727961 -0.06465643 0.0327 -0.008727961 -0.04675976 0.0327 0.009163148 -0.06421026 0.0327 -0.008271073 -0.04633583 0.0327 0.009575556 -0.06374294 0.0327 -0.007793622 -0.04593521 0.0327 0.009964156 -0.06325565 0.0327 -0.007296796 -0.04555888 0.0327 0.01032798 -0.0627496 0.0327 -0.006781828 -0.04520778 0.0327 0.01066614 -0.06222604 0.0327 -0.00625 -0.04488278 0.0327 0.01097777 -0.06168628 0.0327 -0.005702633 -0.0445847 0.0327 0.01126211 -0.06113165 0.0327 0.01151845 -0.06056353 0.0327 -0.005141089 -0.04431428 0.0327 -0.004566763 -0.04407218 0.0327 0.01174616 -0.05998335 0.0327 0.01194466 -0.05939254 0.0327 -0.003981083 -0.04385901 0.0327 0.01211347 -0.05879257 0.0327 -0.003385506 -0.0436753 0.0327 -0.002781512 -0.0435215 0.0327 -0.002170602 -0.043398 0.0327 0.01225216 -0.05818493 0.0327 0.01236038 -0.05757113 0.0327 -0.001554296 -0.04330511 0.0327 0.01243788 -0.0569527 0.0327 0.01248446 -0.05633117 0.0327 -0.0009341262 -0.04324305 0.0327 -0.0003116336 -0.04321198 0.0327 0.0003116336 -0.04321198 0.0327 0.0125 -0.0557081 0.0327 0.0009341262 -0.04324305 0.0327 0.01248446 -0.05508503 0.0327 0.01243788 -0.0544635 0.0327 0.001554296 -0.04330511 0.0327 0.01236038 -0.05384507 0.0327 0.002170602 -0.043398 0.0327 0.01225216 -0.05323127 0.0327 0.002781512 -0.0435215 0.0327 0.01211347 -0.05262363 0.0327 0.003385506 -0.0436753 0.0327 0.01194466 -0.05202366 0.0327 0.003981083 -0.04385901 0.0327 0.004566763 -0.04407218 0.0327 0.01174616 -0.05143285 0.0327 0.01151845 -0.05085266 0.0327 0.01126211 -0.05028455 0.0327 0.005141089 -0.04431428 0.0327 0.005702633 -0.0445847 0.0327 0.01097777 -0.04972992 0.0327 0.01066614 -0.04919016 0.0327 0.00625 -0.04488278 0.0327 0.006781828 -0.04520778 0.0327 0.007296796 -0.04555888 0.0327 0.01032798 -0.0486666 0.0327 0.009964156 -0.04816055 0.0327 0.007793622 -0.04593521 0.0327 0.008271073 -0.04633583 0.0327 0.009575556 -0.04767326 0.0327 0.009163148 -0.04720594 0.0327 0.008727961 -0.04675976 0.0327 0.0125 -0.0557081 0.0379 0.01248446 -0.05508503 0.0379 0.01243788 -0.0544635 0.0379 0.01236038 -0.05384507 0.0379 0.01225216 -0.05323127 0.0379 0.01211347 -0.05262363 0.0379 0.01194466 -0.05202366 0.0379 0.01174616 -0.05143285 0.0379 0.01151845 -0.05085266 0.0379 0.01126211 -0.05028455 0.0379 0.01097777 -0.04972992 0.0379 0.01066614 -0.04919016 0.0379 0.01032798 -0.0486666 0.0379 0.009964156 -0.04816055 0.0379 0.009575556 -0.04767326 0.0379 0.009163148 -0.04720594 0.0379 0.008727961 -0.04675976 0.0379 0.008271073 -0.04633583 0.0379 0.007793622 -0.04593521 0.0379 0.007296796 -0.04555888 0.0379 0.006781828 -0.04520778 0.0379 0.00625 -0.04488278 0.0379 0.005702633 -0.0445847 0.0379 0.005141089 -0.04431428 0.0379 0.004566763 -0.04407218 0.0379 0.003981083 -0.04385901 0.0379 0.003385506 -0.0436753 0.0379 0.002781512 -0.0435215 0.0379 0.002170602 -0.043398 0.0379 0.001554296 -0.04330511 0.0379 0.0009341262 -0.04324305 0.0379 0.0003116336 -0.04321198 0.0379 -0.0003116336 -0.04321198 0.0379 -0.0009341262 -0.04324305 0.0379 -0.001554296 -0.04330511 0.0379 -0.002170602 -0.043398 0.0379 -0.002781512 -0.0435215 0.0379 -0.003385506 -0.0436753 0.0379 -0.003981083 -0.04385901 0.0379 -0.004566763 -0.04407218 0.0379 -0.005141089 -0.04431428 0.0379 -0.005702633 -0.0445847 0.0379 -0.00625 -0.04488278 0.0379 -0.006781828 -0.04520778 0.0379 -0.007296796 -0.04555888 0.0379 -0.007793622 -0.04593521 0.0379 -0.008271073 -0.04633583 0.0379 -0.008727961 -0.04675976 0.0379 -0.009163148 -0.04720594 0.0379 -0.009575556 -0.04767326 0.0379 -0.009964156 -0.04816055 0.0379 -0.01032798 -0.0486666 0.0379 -0.01066614 -0.04919016 0.0379 -0.01097777 -0.04972992 0.0379 -0.01126211 -0.05028455 0.0379 -0.01151845 -0.05085266 0.0379 -0.01174616 -0.05143285 0.0379 -0.01194466 -0.05202366 0.0379 -0.01211347 -0.05262363 0.0379 -0.01225216 -0.05323127 0.0379 -0.01236038 -0.05384507 0.0379 -0.01243788 -0.0544635 0.0379 -0.01248446 -0.05508503 0.0379 -0.0125 -0.0557081 0.0379 -0.01248446 -0.05633117 0.0379 -0.01243788 -0.0569527 0.0379 -0.01236038 -0.05757113 0.0379 -0.01225216 -0.05818493 0.0379 -0.01211347 -0.05879257 0.0379 -0.01194466 -0.05939254 0.0379 -0.01174616 -0.05998335 0.0379 -0.01151845 -0.06056353 0.0379 -0.01126211 -0.06113165 0.0379 -0.01097777 -0.06168628 0.0379 -0.01066614 -0.06222604 0.0379 -0.01032798 -0.0627496 0.0379 -0.009964156 -0.06325565 0.0379 -0.009575556 -0.06374294 0.0379 -0.009163148 -0.06421026 0.0379 -0.008727961 -0.06465643 0.0379 -0.008271073 -0.06508037 0.0379 -0.007793622 -0.065481 0.0379 -0.007296796 -0.06585732 0.0379 -0.006781828 -0.06620842 0.0379 -0.00625 -0.06653342 0.0379 -0.005702633 -0.0668315 0.0379 -0.005141089 -0.06710192 0.0379 -0.004566763 -0.06734402 0.0379 -0.003981083 -0.06755719 0.0379 -0.003385506 -0.06774091 0.0379 -0.002781512 -0.0678947 0.0379 -0.002170602 -0.0680182 0.0379 -0.001554296 -0.06811109 0.0379 -0.0009341262 -0.06817315 0.0379 -0.0003116336 -0.06820422 0.0379 0.0003116336 -0.06820422 0.0379 0.0009341262 -0.06817315 0.0379 0.001554296 -0.06811109 0.0379 0.002170602 -0.0680182 0.0379 0.002781512 -0.0678947 0.0379 0.003385506 -0.06774091 0.0379 0.003981083 -0.06755719 0.0379 0.004566763 -0.06734402 0.0379 0.005141089 -0.06710192 0.0379 0.005702633 -0.0668315 0.0379 0.00625 -0.06653342 0.0379 0.006781828 -0.06620842 0.0379 0.007296796 -0.06585732 0.0379 0.007793622 -0.065481 0.0379 0.008271073 -0.06508037 0.0379 0.008727961 -0.06465643 0.0379 0.009163148 -0.06421026 0.0379 0.009575556 -0.06374294 0.0379 0.009964156 -0.06325565 0.0379 0.01032798 -0.0627496 0.0379 0.01066614 -0.06222604 0.0379 0.01097777 -0.06168628 0.0379 0.01126211 -0.06113165 0.0379 0.01151845 -0.06056353 0.0379 0.01174616 -0.05998335 0.0379 0.01194466 -0.05939254 0.0379 0.01211347 -0.05879257 0.0379 0.01225216 -0.05818493 0.0379 0.01236038 -0.05757113 0.0379 0.01243788 -0.0569527 0.0379 0.01248446 -0.05633117 0.0379 -0.007440476 -0.06261185 0.0379 -0.007087104 -0.06297415 0.0379 -0.006716111 -0.06331838 0.0379 -0.007775351 -0.0622324 0.0379 -0.006328422 -0.06364369 0.0379 -0.008090895 -0.06183672 0.0379 -0.005924998 -0.06394927 0.0379 -0.008386324 -0.0614258 0.0379 -0.005506845 -0.06423436 0.0379 -0.008660902 -0.06100067 0.0379 -0.005075 -0.06449826 0.0379 -0.008913949 -0.06056238 0.0379 -0.004630538 -0.0647403 0.0379 -0.009144834 -0.06011202 0.0379 -0.004174564 -0.06495988 0.0379 -0.009352983 -0.05965071 0.0379 -0.003708211 -0.06515647 0.0379 -0.00953788 -0.0591796 0.0379 -0.00323264 -0.06532956 0.0379 -0.009699064 -0.05869986 0.0379 -0.002749031 -0.06547874 0.0379 -0.009836135 -0.05821269 0.0379 -0.002258588 -0.06560361 0.0379 -0.00994875 -0.05771928 0.0379 -0.001762529 -0.0657039 0.0379 -0.01003663 -0.05722088 0.0379 -0.001262089 -0.06577933 0.0379 -0.01009956 -0.05671871 0.0379 -0.0007585105 -0.06582972 0.0379 -0.01013738 -0.05621404 0.0379 -0.0002530465 -0.06585494 0.0379 -0.01015 -0.0557081 0.0379 0.0002530465 -0.06585494 0.0379 -0.01013738 -0.05520216 0.0379 0.0007585105 -0.06582972 0.0379 -0.01009956 -0.05469749 0.0379 0.001262089 -0.06577933 0.0379 -0.01003663 -0.05419532 0.0379 0.001762529 -0.0657039 0.0379 -0.00994875 -0.05369691 0.0379 0.002258588 -0.06560361 0.0379 -0.009836135 -0.05320351 0.0379 0.002749031 -0.06547874 0.0379 -0.009699064 -0.05271634 0.0379 0.00323264 -0.06532956 0.0379 -0.00953788 -0.0522366 0.0379 0.003708211 -0.06515647 0.0379 -0.009352983 -0.05176549 0.0379 0.004174564 -0.06495988 0.0379 -0.009144834 -0.05130418 0.0379 0.004630538 -0.0647403 0.0379 -0.008913949 -0.05085382 0.0379 0.005075 -0.06449826 0.0379 -0.008660902 -0.05041553 0.0379 0.005506845 -0.06423436 0.0379 -0.008386324 -0.0499904 0.0379 0.005924998 -0.06394927 0.0379 -0.008090895 -0.04957948 0.0379 0.006328422 -0.06364369 0.0379 -0.007775351 -0.0491838 0.0379 0.006716111 -0.06331838 0.0379 -0.007440476 -0.04880434 0.0379 0.007087104 -0.06297415 0.0379 -0.007087104 -0.04844205 0.0379 0.007440476 -0.06261185 0.0379 -0.006716111 -0.04809782 0.0379 0.007775351 -0.0622324 0.0379 -0.006328422 -0.04777251 0.0379 -0.005924998 -0.04746693 0.0379 0.008090895 -0.06183672 0.0379 0.008386324 -0.0614258 0.0379 0.008660902 -0.06100067 0.0379 -0.005506845 -0.04718184 0.0379 0.008913949 -0.06056238 0.0379 -0.005075 -0.04691794 0.0379 -0.004630538 -0.0466759 0.0379 -0.004174564 -0.04645631 0.0379 0.009144834 -0.06011202 0.0379 -0.003708211 -0.04625973 0.0379 0.009352983 -0.05965071 0.0379 0.00953788 -0.0591796 0.0379 -0.00323264 -0.04608664 0.0379 0.009699064 -0.05869986 0.0379 -0.002749031 -0.04593746 0.0379 0.009836135 -0.05821269 0.0379 -0.002258588 -0.04581258 0.0379 0.00994875 -0.05771928 0.0379 0.01003663 -0.05722088 0.0379 -0.001762529 -0.0457123 0.0379 0.01009956 -0.05671871 0.0379 -0.001262089 -0.04563687 0.0379 -0.0007585105 -0.04558648 0.0379 0.01013738 -0.05621404 0.0379 -0.0002530465 -0.04556125 0.0379 0.01013738 -0.05520216 0.0379 0.01015 -0.0557081 0.0379 0.0002530465 -0.04556125 0.0379 0.0007585105 -0.04558648 0.0379 0.01009956 -0.05469749 0.0379 0.01003663 -0.05419532 0.0379 0.001262089 -0.04563687 0.0379 0.001762529 -0.0457123 0.0379 0.002258588 -0.04581258 0.0379 0.00994875 -0.05369691 0.0379 0.009836135 -0.05320351 0.0379 0.002749031 -0.04593746 0.0379 0.00323264 -0.04608664 0.0379 0.009699064 -0.05271634 0.0379 0.00953788 -0.0522366 0.0379 0.009352983 -0.05176549 0.0379 0.003708211 -0.04625973 0.0379 0.009144834 -0.05130418 0.0379 0.004174564 -0.04645631 0.0379 0.004630538 -0.0466759 0.0379 0.008913949 -0.05085382 0.0379 0.008660902 -0.05041553 0.0379 0.005075 -0.04691794 0.0379 0.008386324 -0.0499904 0.0379 0.005506845 -0.04718184 0.0379 0.005924998 -0.04746693 0.0379 0.008090895 -0.04957948 0.0379 0.006328422 -0.04777251 0.0379 0.007775351 -0.0491838 0.0379 0.007440476 -0.04880434 0.0379 0.006716111 -0.04809782 0.0379 0.007087104 -0.04844205 0.0379 0.01013738 -0.05520216 0.0323 0.01015 -0.0557081 0.0323 0.01009956 -0.05469749 0.0323 0.01003663 -0.05419532 0.0323 0.00994875 -0.05369691 0.0323 0.009836135 -0.05320351 0.0323 0.009699064 -0.05271634 0.0323 0.00953788 -0.0522366 0.0323 0.009352983 -0.05176549 0.0323 0.009144834 -0.05130418 0.0323 0.008913949 -0.05085382 0.0323 0.008660902 -0.05041553 0.0323 0.008386324 -0.0499904 0.0323 0.008090895 -0.04957948 0.0323 0.007775351 -0.0491838 0.0323 0.007440476 -0.04880434 0.0323 0.007087104 -0.04844205 0.0323 0.006716111 -0.04809782 0.0323 0.006328422 -0.04777251 0.0323 0.005924998 -0.04746693 0.0323 0.005506845 -0.04718184 0.0323 0.005075 -0.04691794 0.0323 0.004630538 -0.0466759 0.0323 0.004174564 -0.04645631 0.0323 0.003708211 -0.04625973 0.0323 0.00323264 -0.04608664 0.0323 0.002749031 -0.04593746 0.0323 0.002258588 -0.04581258 0.0323 0.001762529 -0.0457123 0.0323 0.001262089 -0.04563687 0.0323 0.0007585105 -0.04558648 0.0323 0.0002530465 -0.04556125 0.0323 -0.0002530465 -0.04556125 0.0323 -0.0007585105 -0.04558648 0.0323 -0.001262089 -0.04563687 0.0323 -0.001762529 -0.0457123 0.0323 -0.002258588 -0.04581258 0.0323 -0.002749031 -0.04593746 0.0323 -0.00323264 -0.04608664 0.0323 -0.003708211 -0.04625973 0.0323 -0.004174564 -0.04645631 0.0323 -0.004630538 -0.0466759 0.0323 -0.005075 -0.04691794 0.0323 -0.005506845 -0.04718184 0.0323 -0.005924998 -0.04746693 0.0323 -0.006328422 -0.04777251 0.0323 -0.006716111 -0.04809782 0.0323 -0.007087104 -0.04844205 0.0323 -0.007440476 -0.04880434 0.0323 -0.007775351 -0.0491838 0.0323 -0.008090895 -0.04957948 0.0323 -0.008386324 -0.0499904 0.0323 -0.008660902 -0.05041553 0.0323 -0.008913949 -0.05085382 0.0323 -0.009144834 -0.05130418 0.0323 -0.009352983 -0.05176549 0.0323 -0.00953788 -0.0522366 0.0323 -0.009699064 -0.05271634 0.0323 -0.009836135 -0.05320351 0.0323 -0.00994875 -0.05369691 0.0323 -0.01003663 -0.05419532 0.0323 -0.01009956 -0.05469749 0.0323 -0.01013738 -0.05520216 0.0323 -0.01015 -0.0557081 0.0323 -0.01013738 -0.05621404 0.0323 -0.01009956 -0.05671871 0.0323 -0.01003663 -0.05722088 0.0323 -0.00994875 -0.05771928 0.0323 -0.009836135 -0.05821269 0.0323 -0.009699064 -0.05869986 0.0323 -0.00953788 -0.0591796 0.0323 -0.009352983 -0.05965071 0.0323 -0.009144834 -0.06011202 0.0323 -0.008913949 -0.06056238 0.0323 -0.008660902 -0.06100067 0.0323 -0.008386324 -0.0614258 0.0323 -0.008090895 -0.06183672 0.0323 -0.007775351 -0.0622324 0.0323 -0.007440476 -0.06261185 0.0323 -0.007087104 -0.06297415 0.0323 -0.006716111 -0.06331838 0.0323 -0.006328422 -0.06364369 0.0323 -0.005924998 -0.06394927 0.0323 -0.005506845 -0.06423436 0.0323 -0.005075 -0.06449826 0.0323 -0.004630538 -0.0647403 0.0323 -0.004174564 -0.06495988 0.0323 -0.003708211 -0.06515647 0.0323 -0.00323264 -0.06532956 0.0323 -0.002749031 -0.06547874 0.0323 -0.002258588 -0.06560361 0.0323 -0.001762529 -0.0657039 0.0323 -0.001262089 -0.06577933 0.0323 -0.0007585105 -0.06582972 0.0323 -0.0002530465 -0.06585494 0.0323 0.0002530465 -0.06585494 0.0323 0.0007585105 -0.06582972 0.0323 0.001262089 -0.06577933 0.0323 0.001762529 -0.0657039 0.0323 0.002258588 -0.06560361 0.0323 0.002749031 -0.06547874 0.0323 0.00323264 -0.06532956 0.0323 0.003708211 -0.06515647 0.0323 0.004174564 -0.06495988 0.0323 0.004630538 -0.0647403 0.0323 0.005075 -0.06449826 0.0323 0.005506845 -0.06423436 0.0323 0.005924998 -0.06394927 0.0323 0.006328422 -0.06364369 0.0323 0.006716111 -0.06331838 0.0323 0.007087104 -0.06297415 0.0323 0.007440476 -0.06261185 0.0323 0.007775351 -0.0622324 0.0323 0.008090895 -0.06183672 0.0323 0.008386324 -0.0614258 0.0323 0.008660902 -0.06100067 0.0323 0.008913949 -0.06056238 0.0323 0.009144834 -0.06011202 0.0323 0.009352983 -0.05965071 0.0323 0.00953788 -0.0591796 0.0323 0.009699064 -0.05869986 0.0323 0.009836135 -0.05821269 0.0323 0.00994875 -0.05771928 0.0323 0.01003663 -0.05722088 0.0323 0.01009956 -0.05671871 0.0323 0.01013738 -0.05621404 0.0323 0.01598011 -0.05491056 -0.005 0.016 -0.0557081 -0.005 0.016 -0.0557081 -0.008 0.01598011 -0.05491056 -0.008 0.01592049 -0.05411501 -0.005 0.01592049 -0.05411501 -0.008 0.01582129 -0.05332342 -0.008 0.01582129 -0.05332342 -0.005 0.01568276 -0.05253776 -0.005 0.01568276 -0.05253776 -0.008 0.01550524 -0.05175998 -0.008 0.01550524 -0.05175998 -0.005 0.01528916 -0.05099202 -0.008 0.01528916 -0.05099202 -0.005 0.01503508 -0.05023578 -0.005 0.01503508 -0.05023578 -0.008 0.01474362 -0.04949314 -0.005 0.01474362 -0.04949314 -0.008 0.0144155 -0.04876596 -0.008 0.0144155 -0.04876596 -0.005 0.01405155 -0.04805603 -0.005 0.01405155 -0.04805603 -0.008 0.01365265 -0.04736514 -0.005 0.01365265 -0.04736514 -0.008 0.01321982 -0.04669498 -0.005 0.01321982 -0.04669498 -0.008 0.01275412 -0.04604723 -0.005 0.01275412 -0.04604723 -0.008 0.01225671 -0.0454235 -0.005 0.01225671 -0.0454235 -0.008 0.01172883 -0.04482534 -0.005 0.01172883 -0.04482534 -0.008 0.01117179 -0.04425423 -0.005 0.01117179 -0.04425423 -0.008 0.01058697 -0.0437116 -0.005 0.01058697 -0.0437116 -0.008 0.009975837 -0.0431988 -0.005 0.009975837 -0.0431988 -0.008 0.009339899 -0.04271709 -0.005 0.009339899 -0.04271709 -0.008 0.00868074 -0.04226768 -0.005 0.00868074 -0.04226768 -0.008 0.008 -0.04185169 -0.008 0.008 -0.04185169 -0.005 0.00729937 -0.04147015 -0.005 0.00729937 -0.04147015 -0.008 0.006580594 -0.041124 -0.008 0.006580594 -0.041124 -0.005 0.005845457 -0.04081412 -0.005 0.005845457 -0.04081412 -0.008 0.005095787 -0.04054126 -0.008 0.005095787 -0.04054126 -0.005 0.004333447 -0.04030611 -0.005 0.004333447 -0.04030611 -0.008 0.003560335 -0.04010925 -0.005 0.003560335 -0.04010925 -0.008 0.002778371 -0.03995118 -0.008 0.002778371 -0.03995118 -0.005 0.001989499 -0.03983227 -0.008 0.001989499 -0.03983227 -0.005 0.001195681 -0.03975284 -0.005 0.001195681 -0.03975284 -0.008 0.0003988911 -0.03971307 -0.008 0.0003988911 -0.03971307 -0.005 -0.0003988911 -0.03971307 -0.005 -0.0003988911 -0.03971307 -0.008 -0.001195681 -0.03975284 -0.008 -0.001195681 -0.03975284 -0.005 -0.001989499 -0.03983227 -0.005 -0.001989499 -0.03983227 -0.008 -0.002778371 -0.03995118 -0.008 -0.002778371 -0.03995118 -0.005 -0.003560335 -0.04010925 -0.005 -0.003560335 -0.04010925 -0.008 -0.004333447 -0.04030611 -0.005 -0.004333447 -0.04030611 -0.008 -0.005095787 -0.04054126 -0.005 -0.005095787 -0.04054126 -0.008 -0.005845457 -0.04081412 -0.005 -0.005845457 -0.04081412 -0.008 -0.006580594 -0.041124 -0.005 -0.006580594 -0.041124 -0.008 -0.00729937 -0.04147015 -0.008 -0.00729937 -0.04147015 -0.005 -0.008 -0.04185169 -0.005 -0.008 -0.04185169 -0.008 -0.00868074 -0.04226768 -0.005 -0.00868074 -0.04226768 -0.008 -0.009339899 -0.04271709 -0.005 -0.009339899 -0.04271709 -0.008 -0.009975837 -0.0431988 -0.005 -0.009975837 -0.0431988 -0.008 -0.01058697 -0.0437116 -0.005 -0.01058697 -0.0437116 -0.008 -0.01117179 -0.04425423 -0.005 -0.01117179 -0.04425423 -0.008 -0.01172883 -0.04482534 -0.005 -0.01172883 -0.04482534 -0.008 -0.01225671 -0.0454235 -0.005 -0.01225671 -0.0454235 -0.008 -0.01275412 -0.04604723 -0.005 -0.01275412 -0.04604723 -0.008 -0.01321982 -0.04669498 -0.005 -0.01321982 -0.04669498 -0.008 -0.01365265 -0.04736514 -0.005 -0.01365265 -0.04736514 -0.008 -0.01405155 -0.04805603 -0.005 -0.01405155 -0.04805603 -0.008 -0.0144155 -0.04876596 -0.005 -0.0144155 -0.04876596 -0.008 -0.01474362 -0.04949314 -0.005 -0.01474362 -0.04949314 -0.008 -0.01503508 -0.05023578 -0.005 -0.01503508 -0.05023578 -0.008 -0.01528916 -0.05099202 -0.005 -0.01528916 -0.05099202 -0.008 -0.01550524 -0.05175998 -0.005 -0.01550524 -0.05175998 -0.008 -0.01568276 -0.05253776 -0.005 -0.01568276 -0.05253776 -0.008 -0.01582129 -0.05332342 -0.005 -0.01582129 -0.05332342 -0.008 -0.01592049 -0.05411501 -0.005 -0.01592049 -0.05411501 -0.008 -0.01598011 -0.05491056 -0.005 -0.01598011 -0.05491056 -0.008 -0.016 -0.0557081 -0.005 -0.016 -0.0557081 -0.008 -0.01598011 -0.05650563 -0.005 -0.01598011 -0.05650563 -0.008 -0.01592049 -0.05730119 -0.005 -0.01592049 -0.05730119 -0.008 -0.01582129 -0.05809278 -0.005 -0.01582129 -0.05809278 -0.008 -0.01568276 -0.05887844 -0.005 -0.01568276 -0.05887844 -0.008 -0.01550524 -0.05965622 -0.005 -0.01550524 -0.05965622 -0.008 -0.01528916 -0.06042418 -0.005 -0.01528916 -0.06042418 -0.008 -0.01503508 -0.06118042 -0.005 -0.01503508 -0.06118042 -0.008 -0.01474362 -0.06192306 -0.005 -0.01474362 -0.06192306 -0.008 -0.0144155 -0.06265024 -0.005 -0.0144155 -0.06265024 -0.008 -0.01405155 -0.06336016 -0.005 -0.01405155 -0.06336016 -0.008 -0.01365265 -0.06405106 -0.005 -0.01365265 -0.06405106 -0.008 -0.01321982 -0.06472122 -0.005 -0.01321982 -0.06472122 -0.008 -0.01275412 -0.06536897 -0.005 -0.01275412 -0.06536897 -0.008 -0.01225671 -0.0659927 -0.005 -0.01225671 -0.0659927 -0.008 -0.01172883 -0.06659087 -0.005 -0.01172883 -0.06659087 -0.008 -0.01117179 -0.06716197 -0.005 -0.01117179 -0.06716197 -0.008 -0.01058697 -0.0677046 -0.005 -0.01058697 -0.0677046 -0.008 -0.009975837 -0.0682174 -0.005 -0.009975837 -0.0682174 -0.008 -0.009339899 -0.0686991 -0.005 -0.009339899 -0.0686991 -0.008 -0.00868074 -0.06914851 -0.005 -0.00868074 -0.06914851 -0.008 -0.008 -0.06956451 -0.005 -0.008 -0.06956451 -0.008 -0.00729937 -0.06994604 -0.005 -0.00729937 -0.06994604 -0.008 -0.006580594 -0.07029219 -0.005 -0.006580594 -0.07029219 -0.008 -0.005845457 -0.07060208 -0.005 -0.005845457 -0.07060208 -0.008 -0.005095787 -0.07087494 -0.005 -0.005095787 -0.07087494 -0.008 -0.004333447 -0.07111008 -0.005 -0.004333447 -0.07111008 -0.008 -0.003560335 -0.07130695 -0.005 -0.003560335 -0.07130695 -0.008 -0.002778371 -0.07146503 -0.005 -0.002778371 -0.07146503 -0.008 -0.001989499 -0.07158392 -0.005 -0.001989499 -0.07158392 -0.008 -0.001195681 -0.07166336 -0.005 -0.001195681 -0.07166336 -0.008 -0.0003988911 -0.07170313 -0.008 -0.0003988911 -0.07170313 -0.005 0.0003988911 -0.07170313 -0.005 0.0003988911 -0.07170313 -0.008 0.001195681 -0.07166336 -0.005 0.001195681 -0.07166336 -0.008 0.001989499 -0.07158392 -0.005 0.001989499 -0.07158392 -0.008 0.002778371 -0.07146503 -0.005 0.002778371 -0.07146503 -0.008 0.003560335 -0.07130695 -0.005 0.003560335 -0.07130695 -0.008 0.004333447 -0.07111008 -0.008 0.004333447 -0.07111008 -0.005 0.005095787 -0.07087494 -0.005 0.005095787 -0.07087494 -0.008 0.005845457 -0.07060208 -0.005 0.005845457 -0.07060208 -0.008 0.006580594 -0.07029219 -0.005 0.006580594 -0.07029219 -0.008 0.00729937 -0.06994604 -0.008 0.00729937 -0.06994604 -0.005 0.008 -0.06956451 -0.005 0.008 -0.06956451 -0.008 0.00868074 -0.06914851 -0.005 0.00868074 -0.06914851 -0.008 0.009339899 -0.0686991 -0.005 0.009339899 -0.0686991 -0.008 0.009975837 -0.0682174 -0.008 0.009975837 -0.0682174 -0.005 0.01058697 -0.0677046 -0.005 0.01058697 -0.0677046 -0.008 0.01117179 -0.06716197 -0.008 0.01117179 -0.06716197 -0.005 0.01172883 -0.06659087 -0.005 0.01172883 -0.06659087 -0.008 0.01225671 -0.0659927 -0.005 0.01225671 -0.0659927 -0.008 0.01275412 -0.06536897 -0.005 0.01275412 -0.06536897 -0.008 0.01321982 -0.06472122 -0.005 0.01321982 -0.06472122 -0.008 0.01365265 -0.06405106 -0.005 0.01365265 -0.06405106 -0.008 0.01405155 -0.06336016 -0.005 0.01405155 -0.06336016 -0.008 0.0144155 -0.06265024 -0.005 0.0144155 -0.06265024 -0.008 0.01474362 -0.06192306 -0.005 0.01474362 -0.06192306 -0.008 0.01503508 -0.06118042 -0.005 0.01503508 -0.06118042 -0.008 0.01528916 -0.06042418 -0.005 0.01528916 -0.06042418 -0.008 0.01550524 -0.05965622 -0.005 0.01550524 -0.05965622 -0.008 0.01568276 -0.05887844 -0.005 0.01568276 -0.05887844 -0.008 0.01582129 -0.05809278 -0.005 0.01582129 -0.05809278 -0.008 0.01592049 -0.05730119 -0.005 0.01592049 -0.05730119 -0.008 0.01598011 -0.05650563 -0.005 0.01598011 -0.05650563 -0.008 -0.006982368 -0.06286677 -0.008 -0.007330519 -0.06250983 -0.008 -0.006616858 -0.06320591 -0.008 -0.007660444 -0.06213597 -0.008 -0.006234898 -0.06352641 -0.008 -0.007971325 -0.06174614 -0.008 -0.005837437 -0.06382748 -0.008 -0.008262387 -0.0613413 -0.008 -0.005425463 -0.06410836 -0.008 -0.008532908 -0.06092245 -0.008 -0.005 -0.06436835 -0.008 -0.008782216 -0.06049064 -0.008 -0.004562107 -0.06460682 -0.008 -0.009009688 -0.06004694 -0.008 -0.004112871 -0.06482316 -0.008 -0.009214762 -0.05959245 -0.008 -0.00365341 -0.06501684 -0.008 -0.009396926 -0.0591283 -0.008 -0.003184866 -0.06518737 -0.008 -0.009555728 -0.05865565 -0.008 -0.002708405 -0.06533434 -0.008 -0.009690773 -0.05817567 -0.008 -0.002225209 -0.06545737 -0.008 -0.009801724 -0.05768956 -0.008 -0.001736482 -0.06555618 -0.008 -0.009888309 -0.05719852 -0.008 -0.001243437 -0.06563049 -0.008 -0.009950308 -0.05670378 -0.008 -0.0007473009 -0.06568014 -0.008 -0.009987569 -0.05620656 -0.008 -0.0002493069 -0.06570499 -0.008 -0.01 -0.0557081 -0.008 0.0002493069 -0.06570499 -0.008 -0.009987569 -0.05520964 -0.008 0.0007473009 -0.06568014 -0.008 -0.009950308 -0.05471242 -0.008 0.001243437 -0.06563049 -0.008 -0.009888309 -0.05421768 -0.008 0.001736482 -0.06555618 -0.008 -0.009801724 -0.05372664 -0.008 0.002225209 -0.06545737 -0.008 -0.009690773 -0.05324052 -0.008 0.002708405 -0.06533434 -0.008 -0.009555728 -0.05276055 -0.008 0.003184866 -0.06518737 -0.008 -0.009396926 -0.0522879 -0.008 0.00365341 -0.06501684 -0.008 -0.009214762 -0.05182375 -0.008 0.004112871 -0.06482316 -0.008 -0.009009688 -0.05136926 -0.008 0.004562107 -0.06460682 -0.008 -0.008782216 -0.05092556 -0.008 0.005 -0.06436835 -0.008 -0.008532908 -0.05049375 -0.008 0.005425463 -0.06410836 -0.008 -0.008262387 -0.0500749 -0.008 0.005837437 -0.06382748 -0.008 -0.007971325 -0.04967006 -0.008 0.006234898 -0.06352641 -0.008 -0.007660444 -0.04928022 -0.008 0.006616858 -0.06320591 -0.008 -0.007330519 -0.04890637 -0.008 0.006982368 -0.06286677 -0.008 -0.006982368 -0.04854943 -0.008 0.007330519 -0.06250983 -0.008 0.007660444 -0.06213597 -0.008 -0.006616858 -0.04821029 -0.008 -0.006234898 -0.04788979 -0.008 0.007971325 -0.06174614 -0.008 -0.005837437 -0.04758872 -0.008 0.008532908 -0.06092245 -0.008 0.008262387 -0.0613413 -0.008 -0.005425463 -0.04730784 -0.008 0.008782216 -0.06049064 -0.008 -0.005 -0.04704784 -0.008 0.009009688 -0.06004694 -0.008 -0.004562107 -0.04680938 -0.008 0.009214762 -0.05959245 -0.008 -0.004112871 -0.04659304 -0.008 -0.00365341 -0.04639936 -0.008 0.009555728 -0.05865565 -0.008 0.009396926 -0.0591283 -0.008 -0.003184866 -0.04622882 -0.008 -0.002708405 -0.04608186 -0.008 0.009690773 -0.05817567 -0.008 -0.002225209 -0.04595882 -0.008 0.009801724 -0.05768956 -0.008 -0.001736482 -0.04586002 -0.008 -0.001243437 -0.04578571 -0.008 0.009888309 -0.05719852 -0.008 -0.0007473009 -0.04573606 -0.008 0.009987569 -0.05620656 -0.008 0.009950308 -0.05670378 -0.008 0.01 -0.0557081 -0.008 -0.0002493069 -0.04571121 -0.008 0.0002493069 -0.04571121 -0.008 0.009987569 -0.05520964 -0.008 0.0007473009 -0.04573606 -0.008 0.009950308 -0.05471242 -0.008 0.001243437 -0.04578571 -0.008 0.009888309 -0.05421768 -0.008 0.001736482 -0.04586002 -0.008 0.002225209 -0.04595882 -0.008 0.009690773 -0.05324052 -0.008 0.009801724 -0.05372664 -0.008 0.009555728 -0.05276055 -0.008 0.002708405 -0.04608186 -0.008 0.003184866 -0.04622882 -0.008 0.009214762 -0.05182375 -0.008 0.009396926 -0.0522879 -0.008 0.00365341 -0.04639936 -0.008 0.009009688 -0.05136926 -0.008 0.004112871 -0.04659304 -0.008 0.008782216 -0.05092556 -0.008 0.004562107 -0.04680938 -0.008 0.008532908 -0.05049375 -0.008 0.005 -0.04704784 -0.008 0.008262387 -0.0500749 -0.008 0.005425463 -0.04730784 -0.008 0.007971325 -0.04967006 -0.008 0.005837437 -0.04758872 -0.008 0.006234898 -0.04788979 -0.008 0.007660444 -0.04928022 -0.008 0.007330519 -0.04890637 -0.008 0.006616858 -0.04821029 -0.008 0.006982368 -0.04854943 -0.008 0.01 -0.0557081 -0.022 0.009987569 -0.05620656 -0.022 0.009950308 -0.05670378 -0.022 0.009888309 -0.05719852 -0.022 0.009801724 -0.05768956 -0.022 0.009690773 -0.05817567 -0.022 0.009555728 -0.05865565 -0.022 0.009396926 -0.0591283 -0.022 0.009214762 -0.05959245 -0.022 0.009009688 -0.06004694 -0.022 0.008782216 -0.06049064 -0.022 0.008532908 -0.06092245 -0.022 0.008262387 -0.0613413 -0.022 0.007971325 -0.06174614 -0.022 0.007660444 -0.06213597 -0.022 0.007330519 -0.06250983 -0.022 0.006982368 -0.06286677 -0.022 0.006616858 -0.06320591 -0.022 0.006234898 -0.06352641 -0.022 0.005837437 -0.06382748 -0.022 0.005425463 -0.06410836 -0.022 0.005 -0.06436835 -0.022 0.004562107 -0.06460682 -0.022 0.004112871 -0.06482316 -0.022 0.00365341 -0.06501684 -0.022 0.003184866 -0.06518737 -0.022 0.002708405 -0.06533434 -0.022 0.002225209 -0.06545737 -0.022 0.001736482 -0.06555618 -0.022 0.001243437 -0.06563049 -0.022 0.0007473009 -0.06568014 -0.022 0.0002493069 -0.06570499 -0.022 -0.0002493069 -0.06570499 -0.022 -0.0007473009 -0.06568014 -0.022 -0.001243437 -0.06563049 -0.022 -0.001736482 -0.06555618 -0.022 -0.002225209 -0.06545737 -0.022 -0.002708405 -0.06533434 -0.022 -0.003184866 -0.06518737 -0.022 -0.00365341 -0.06501684 -0.022 -0.004112871 -0.06482316 -0.022 -0.004562107 -0.06460682 -0.022 -0.005 -0.06436835 -0.022 -0.005425463 -0.06410836 -0.022 -0.005837437 -0.06382748 -0.022 -0.006234898 -0.06352641 -0.022 -0.006616858 -0.06320591 -0.022 -0.006982368 -0.06286677 -0.022 -0.007330519 -0.06250983 -0.022 -0.007660444 -0.06213597 -0.022 -0.007971325 -0.06174614 -0.022 -0.008262387 -0.0613413 -0.022 -0.008532908 -0.06092245 -0.022 -0.008782216 -0.06049064 -0.022 -0.009009688 -0.06004694 -0.022 -0.009214762 -0.05959245 -0.022 -0.009396926 -0.0591283 -0.022 -0.009555728 -0.05865565 -0.022 -0.009690773 -0.05817567 -0.022 -0.009801724 -0.05768956 -0.022 -0.009888309 -0.05719852 -0.022 -0.009950308 -0.05670378 -0.022 -0.009987569 -0.05620656 -0.022 -0.01 -0.0557081 -0.022 -0.009987569 -0.05520964 -0.022 -0.009950308 -0.05471242 -0.022 -0.009888309 -0.05421768 -0.022 -0.009801724 -0.05372664 -0.022 -0.009690773 -0.05324052 -0.022 -0.009555728 -0.05276055 -0.022 -0.009396926 -0.0522879 -0.022 -0.009214762 -0.05182375 -0.022 -0.009009688 -0.05136926 -0.022 -0.008782216 -0.05092556 -0.022 -0.008532908 -0.05049375 -0.022 -0.008262387 -0.0500749 -0.022 -0.007971325 -0.04967006 -0.022 -0.007660444 -0.04928022 -0.022 -0.007330519 -0.04890637 -0.022 -0.006982368 -0.04854943 -0.022 -0.006616858 -0.04821029 -0.022 -0.006234898 -0.04788979 -0.022 -0.005837437 -0.04758872 -0.022 -0.005425463 -0.04730784 -0.022 -0.005 -0.04704784 -0.022 -0.004562107 -0.04680938 -0.022 -0.004112871 -0.04659304 -0.022 -0.00365341 -0.04639936 -0.022 -0.003184866 -0.04622882 -0.022 -0.002708405 -0.04608186 -0.022 -0.002225209 -0.04595882 -0.022 -0.001736482 -0.04586002 -0.022 -0.001243437 -0.04578571 -0.022 -0.0007473009 -0.04573606 -0.022 -0.0002493069 -0.04571121 -0.022 0.0002493069 -0.04571121 -0.022 0.0007473009 -0.04573606 -0.022 0.001243437 -0.04578571 -0.022 0.001736482 -0.04586002 -0.022 0.002225209 -0.04595882 -0.022 0.002708405 -0.04608186 -0.022 0.003184866 -0.04622882 -0.022 0.00365341 -0.04639936 -0.022 0.004112871 -0.04659304 -0.022 0.004562107 -0.04680938 -0.022 0.005 -0.04704784 -0.022 0.005425463 -0.04730784 -0.022 0.005837437 -0.04758872 -0.022 0.006234898 -0.04788979 -0.022 0.006616858 -0.04821029 -0.022 0.006982368 -0.04854943 -0.022 0.007330519 -0.04890637 -0.022 0.007660444 -0.04928022 -0.022 0.007971325 -0.04967006 -0.022 0.008262387 -0.0500749 -0.022 0.008532908 -0.05049375 -0.022 0.008782216 -0.05092556 -0.022 0.009009688 -0.05136926 -0.022 0.009214762 -0.05182375 -0.022 0.009396926 -0.0522879 -0.022 0.009555728 -0.05276055 -0.022 0.009690773 -0.05324052 -0.022 0.009801724 -0.05372664 -0.022 0.009888309 -0.05421768 -0.022 0.009950308 -0.05471242 -0.022 0.009987569 -0.05520964 -0.022</float_array>
          <technique_common>
            <accessor count="3058" source="#cubeverts-array0-array" stride="3">
              <param type="float" name="X"/>
              <param type="float" name="Y"/>
              <param type="float" name="Z"/>
            </accessor>
          </technique_common>
        </source>
        <source id="cubenormals-array0">
          <float_array count="18348" id="cubenormals-array0-array">-0 1 0 0 1 0 0 0 1 0 0 1 0 0 1 0 0 1 0 0 1 0 0 1 0 0 1 0 0 1 0 0 1 0 0 1 0 0 1 0 0 1 0 0 1 0 0 1 0 0 1 0 0 1 0 0 1 0 0 1 0 0 1 0 0 1 0 0 1 0 0 1 0 0 1 0 0 1 0 0 1 0 0 1 0 0 1 0 0 1 0 0 1 0 0 1 0 0 1 0 0 1 0 0 1 0 0 1 0 0 1 0 0 1 0 0 1 0 0 1 0 0 1 0 0 1 0 0 1 0 0 1 0 0 1 0 0 1 0 0 1 0 0 1 0 0 1 0 0 1 0 0 1 0 0 1 0 0 1 0 0 1 0 0 1 0 0 1 0 0 1 0 0 1 0 0 1 0 0 1 0 0 1 0 0 1 0 0 1 0 0 1 0 0 1 0 0 1 0 0 1 0 0 1 0 0 1 0 0 1 0 0 1 0 0 1 0 0 1 0 0 1 0 0 1 0 0 1 0 0 1 0 0 1 0 0 1 0 0 1 0 0 1 0 0 1 0 0 1 0 0 1 0 0 1 0 0 1 0 0 1 0 0 1 0 0 1 0 0 1 0 0 1 0 0 1 0 0 1 0 0 1 0 0 1 0 0 1 0 0 1 0 0 1 0 0 1 0 0 1 0 0 1 0 0 1 0 0 1 0 0 1 0 0 1 0 0 1 0 0 1 0 0 1 0 0 1 0 0 1 0 0 1 0 0 1 0 0 1 0 0 1 0 0 1 0 0 1 0 0 1 0 0 1 0 0 1 0 0 1 0 0 1 0 0 1 0 0 1 0 0 1 0 0 1 0 0 1 0 0 1 0 0 1 0 0 1 0 0 1 0 0 1 0 0 1 0 0 1 0 0 1 0 0 1 0 0 1 0 0 1 0 0 1 0 0 1 0 0 1 0 0 1 0 0 1 0 0 1 0 0 1 0 0 1 0 0 1 0 0 1 0 0 1 0 0 1 0 0 1 0 0 1 0 0 1 0 0 1 0 0 1 0 0 1 0 0 1 0 0 1 0 0 1 0 0 1 0 0 1 0 0 1 0 0 1 0 0 1 0 0 1 0 0 1 0 0 1 0 0 1 0 0 1 0 0 1 0 0 1 0 0 1 0 0 1 0 0 1 0 0 1 0 0 1 0 0 1 0 0 1 0 0 1 0 0 1 0 0 1 0 0 1 0 0 1 0 0 1 0 0 1 0 0 1 0 0 1 0 0 1 0 0 1 0 0 1 0 0 1 0 0 1 0 0 1 0 0 1 0 0 1 0 0 1 0 0 1 0 0 1 0 0 1 0 0 1 0 0 1 0 0 1 0 0 1 0 0 1 0 0 1 0 0 1 0 0 1 0 0 1 0 0 1 0 0 1 0 0 1 0 0 1 0 0 1 0 0 1 0 0 1 0 0 1 0 0 1 0 0 1 0 0 1 0 0 1 0 0 1 0 0 1 0 0 1 0 0 1 0 0 1 0 0 1 0 0 1 0 0 1 0 0 1 0 0 1 0 0 1 0 0 1 0 0 1 0 0 1 0 0 1 0 0 1 0 0 1 0 0 1 0 0 1 0 0 1 0 0 1 0 0 1 0 0 1 0 0 1 0 0 1 0 0 1 0 0 1 0 0 1 0 0 1 0 0 1 0 0 1 0 0 1 0 0 1 0 0 1 0 0 1 0 0 1 0 0 1 0 0 1 0 0 1 0 0 1 0 0 1 0 0 1 0 0 1 0 0 1 0 0 1 0 0 1 0 0 1 0 0 1 0 0 1 0 0 1 0 0 1 0 0 1 0 0 1 0 0 1 0 0 1 0 0 1 0 0 1 0 0 1 0 0 1 0 0 1 0 0 1 0 0 1 0 0 1 0 0 1 0 0 1 0 0 1 0 0 1 0 0 1 0 0 1 0 0 1 0 0 1 0 0 1 0 0 1 0 0 1 0 0 1 0 0 1 0 0 1 0 0 1 0 0 1 0 0 1 0 0 1 0 0 1 0 0 1 0 0 1 0 0 1 0 0 1 0 0 1 0 0 1 0 0 1 0 0 1 0 0 1 0 0 1 0 0 1 0 0 1 0 0 1 0 0 1 0 0 1 0 0 1 0 0 1 0 0 1 0 0 1 0 0 1 0 0 1 0 0 1 0 0 1 0 0 1 0 0 1 0 0 1 0 0 1 0 0 1 0 0 1 0 0 1 0 0 1 0 0 1 0 0 1 0 0 1 0 0 1 0 0 1 0 0 1 0 0 1 0 0 1 0 0 1 0 0 1 0 0 1 0 0 1 0 0 1 0 0 1 0 0 1 0 0 1 0 0 1 0 0 1 0 0 1 0 0 1 0 0 1 0 0 1 0 0 1 0 0 1 0 0 1 0 0 1 0 0 1 0 0 1 0 0 1 0 0 1 0 0 1 0 0 1 0 0 1 0 0 1 0 0 1 0 0 1 0 0 1 0 0 1 0 0 1 0 0 1 0 0 1 0 0 1 0 0 1 0 0 1 0 0 1 0 0 1 0 0 1 0 0 1 0 0 1 0 0 1 0 0 1 0 0 1 0 0 1 0 0 1 0 0 1 0 0 1 0 0 1 0 0 1 0 0 1 0 0 1 0 0 1 0 0 1 0 0 1 0 0 1 0 0 1 0 0 1 0 0 1 0 0 1 0 0 1 0 0 1 0 0 1 0 0 1 0 0 1 0 0 1 0 0 1 0 0 1 0 0 1 0 0 1 0 0 1 0 0 1 0 0 1 0 0 1 0 0 1 0 0 1 0 0 1 0 0 1 0 0 1 0 0 1 0 0 1 0 0 1 0 0 1 0 0 1 0 0 1 0 0 1 0 0 1 0 0 1 0 0 1 0 0 1 0 0 1 0 0 1 0 0 1 0 0 1 0 0 1 0 0 1 0 0 1 0 0 1 0 0 1 0 0 1 0 0 1 0 0 1 0 0 1 0 0 1 0 0 1 0 0 1 0 0 1 0 0 1 0 0 1 0 0 1 0 0 1 0 0 1 0 0 1 0 0 1 0 0 1 0 0 1 0 0 1 0 0 1 0 0 1 0 0 1 0 0 1 0 0 1 0 0 1 0 0 1 0 0 1 0 0 1 0 0 1 0 0 1 0 0 1 0 0 1 0 0 1 0 0 1 0 0 1 0 0 1 0 0 1 0 0 1 0 0 1 0 0 1 0 0 1 0 0 1 0 0 1 0 0 1 0 0 1 0 0 1 0 0 1 0 0 1 0 0 1 0 0 1 0 0 1 0 0 1 0 0 1 0 0 1 0 0 1 0 0 1 0 0 1 0 0 1 0 0 1 0 0 1 0 0 1 0 0 1 0 0 1 0 0 1 0 0 1 0 0 1 0 0 1 0 0 1 0 0 1 0 0 1 0 0 1 0 0 1 0 0 1 0 0 1 0 0 1 0 0 1 0 0 1 0 0 1 0 0 1 0 0 1 0 0 1 0 0 1 0 0 1 0 0 1 0 0 1 0 0 1 0 0 1 0 0 1 0 0 1 0 0 1 0 0 1 0 0 1 0 0 1 0 0 1 0 0 1 0 0 1 0 0 1 0 0 1 0 0 1 0 0 1 0 0 1 0 0 1 0 0 1 0 0 1 0 0 1 0 0 1 0 0 1 0 0 1 0 0 1 0 0 1 0 0 1 0 0 1 0 0 1 0 0 1 0 0 1 0 0 1 0 0 1 0 0 1 0 0 1 0 0 1 0 0 1 0 0 1 0 0 1 0 0 1 0 0 1 0 0 1 0 0 1 0 0 1 0 0 1 0 0 1 0 0 1 0 0 1 0 0 1 0 0 1 0 -0 1 0 0 1 0 0 1 0 0 1 0 0 1 0 -0 1 -0.04906613 0.9987954 0 -0.1467307 0.9891765 0 -0.04906613 0.9987954 0 -0.2429815 0.9700309 0 -0.1467307 0.9891765 0 -0.3368879 0.9415447 0 -0.2429815 0.9700309 0 -0.427558 0.9039879 0 -0.3368879 0.9415447 0 -0.5141006 0.8577299 0 -0.427558 0.9039879 0 -0.5141006 0.8577299 0 -0.5956999 0.8032071 0 -0.671562 0.7409484 0 -0.5956999 0.8032071 0 -0.671562 0.7409484 0 -0.7409506 0.6715595 0 -0.8032071 0.5956999 0 -0.7409506 0.6715595 0 -0.8577295 0.5141013 0 -0.8032071 0.5956999 0 -0.9039878 0.4275582 0 -0.8577295 0.5141013 0 -0.9415432 0.3368922 0 -0.9039878 0.4275582 0 -0.9700317 0.242978 0 -0.9415432 0.3368922 0 -0.9891764 0.1467315 0 -0.9700317 0.242978 0 -0.9891764 0.1467315 0 -0.9987955 0.04906589 0 -0.9987955 0.04906589 0 0.04906613 0.9987954 -0 0.1467293 0.9891767 -0 0.04906613 0.9987954 -0 0.2429838 0.9700303 -0 0.1467293 0.9891767 -0 0.336891 0.9415436 -0 0.2429838 0.9700303 -0 0.4275505 0.9039915 -0 0.336891 0.9415436 -0 0.5141048 0.8577273 -0 0.4275505 0.9039915 -0 0.5956999 0.8032071 -0 0.5141048 0.8577273 -0 0.6715571 0.7409528 -0 0.5956999 0.8032071 -0 0.7409555 0.6715542 -0 0.6715571 0.7409528 -0 0.8032025 0.5957062 -0 0.7409555 0.6715542 -0 0.8577295 0.5141013 -0 0.8032025 0.5957062 -0 0.9039916 0.4275503 -0 0.8577295 0.5141013 -0 0.9415463 0.3368836 -0 0.9039916 0.4275503 -0 0.9700295 0.2429872 -0 0.9415463 0.3368836 -0 0.9891778 0.1467219 -0 0.9700295 0.2429872 -0 0.9891778 0.1467219 -0 0.9987951 0.04907558 0 0.9987951 0.04907558 -0 0 0 -1 0 0 -1 0 0 -1 0 0 -1 0 0 -1 0 0 -1 0 0 -1 0 0 -1 0 0 -1 0 0 -1 0 0 -1 0 0 -1 0 0 -1 0 0 -1 0 0 -1 0 0 -1 0 0 -1 0 0 -1 0 0 -1 0 0 -1 0 0 -1 0 0 -1 0 0 -1 0 0 -1 0 0 -1 0 0 -1 0 0 -1 0 0 -1 0 0 -1 0 0 -1 0 0 -1 0 0 -1 0 0 -1 0 -0 -1 0 -0 -1 0 -0 -1 0 -0 -1 0 -0 -1 0 0 -1 0 0 -1 0 0 -1 0 0 -1 0 0 -1 0 0 -1 0 0 -1 0 0 -1 0 0 -1 0 0 -1 0 0 -1 0 0 -1 0 0 -1 0 0 -1 0 0 -1 0 0 -1 0 0 -1 0 0 -1 0 0 -1 0 0 -1 0 0 -1 0 0 -1 0 0 -1 0 0 -1 0 0 -1 0 0 -1 0 0 -1 0 0 -1 0 0 -1 0 0 -1 0 0 -1 0 0 -1 0 0 -1 0 0 -1 0 0 -1 0 0 -1 0 0 -1 0 -0 -1 0 -0 -1 0 -0 -1 0 -0 -1 0 -0 -1 0 -0 -1 0 0 -1 0 0 -1 0 0 -1 0 0 -1 0 0 -1 0 0 -1 0 0 -1 0 0 -1 0 0 -1 0 -0 -1 0 -0 -1 0 0 -1 0 0 -1 0 0 -1 0 0 -1 0 0 -1 0 -0 -1 0 0 -1 0 -0 -1 0 0 -1 0 0 -1 0 0 -1 0 0 -1 0 0 -1 0 -0 -1 0 0 -1 0 -0 -1 0 0 -1 0 0 -1 0 0 -1 0 -0 -1 0 0 -1 0 0 -1 0 0 -1 0 -0 -1 0 -0 -1 0 0 -1 0 0 -1 0 0 -1 0 0 -1 0 -0 -1 0 0 -1 0 0 -1 0 0 -1 0 0 -1 0 0 -1 0 -0 -1 0 0 -1 0 -0 -1 0 0 -1 0 -0 -1 0 0 -1 0 0 -1 0 -0 -1 0 0 -1 0 -0 -1 0 0 -1 0 0 -1 0 0 -1 0 0 -1 0 -0 -1 0 0 -1 0 -0 -1 0 0 -1 0 -0 -1 0 0 -1 0 -0 -1 0 0 -1 0 0 -1 0 0 -1 0 -0 -1 0 0 -1 0 0 -1 0 -0 -1 0 -0 -1 0 0 -1 0 0 -1 0 -0 -1 0 -0 -1 0 0 -1 0 -0 -1 0 0 -1 0 -0 -1 0 0 -1 0 -0 -1 0 -0 -1 0 0 -1 0 0 -1 0 0 -1 0 -0 -1 0 -0 -1 0 0 -1 0 0 -1 0 0 -1 0 -0 -1 0 -0 -1 0 0 -1 0 -0 -1 0 -0 -1 0 0 -1 0 -0 -1 0 0 -1 0 -0 -1 0 0 -1 0 0 -1 0 -0 -1 0 -0 -1 0 0 -1 0 0 -1 0 -0 -1 0 0 -1 0 -0 -1 0 0 -1 0 0 -1 0 0 -1 0 -0 -1 0 -0 -1 0 0 -1 0 -0 -1 0 0 -1 0 0 -1 0 0 -1 0 -0 -1 0 -0 -1 0 0 -1 0 0 -1 0 0 -1 0 0 -1 0 -0 -1 0 0 -1 0 -0 -1 0 -0 -1 0 0 -1 0 0 -1 0 0 -1 0 0 -1 0 0 -1 0 -0 -1 0 0 -1 0 -0 -1 0 0 -1 0 0 -1 0 0 -1 0 0 -1 0 0 -1 0 0 -1 0 0 -1 0 0 -1 0 0 -1 0 0 -1 0 0 -1 0 0 -1 0 0 -1 0 0 -1 0 0 -1 0 0 -1 0 0 -1 0 0 -1 0 0 -1 0 0 -1 0 0 -1 0 0 -1 0 0 -1 0 0 -1 0 0 -1 0 0 -1 0 -0 -1 0 0 -1 0 0 -1 0 0 -1 0 -0 -1 0 0 -1 0 0 -1 0 0 -1 0 0 -1 0 0 -1 0 0 -1 0 -0 -1 0 0 -1 0 0 -1 0 0 -1 0 0 -1 0 0 -1 0 0 -1 0 0 -1 0 0 -1 0 0 -1 0 0 -1 0 0 -1 0 -0 -1 0 0 -1 0 0 -1 0 0 -1 0 0 -1 0 -0 -1 0 0 -1 0 0 -1 0 0 -1 0 -0 -1 0 0 -1 0 0 -1 0 0 -1 0 0 -1 0 0 -1 0 0 -1 0 0 -1 0 0 -1 0 0 -1 0 0 -1 0 -0 -1 0 0 -1 0 -0 -1 0 0 -1 0 0 -1 0 0 -1 0 0 -1 0 0 -1 0 0 -1 0 0 -1 0 0 -1 0 0 -1 0 0 -1 0 -0 -1 0 0 -1 0 0 -1 0 0 -1 0 0 -1 0 0 -1 0 0 -1 0 0 -1 0 0 -1 0 0 -1 0 0 -1 0 0 -1 0 0 -1 0 0 -1 0 0 -1 0 -0 -1 0 -0 -1 0 0 -1 0 0 -1 0 0 -1 0 0 -1 0 0 -1 0 0 -1 0 0 -1 0 0 -1 0 0 -1 0 0 -1 0 0 -1 0 0 -1 0 0 -1 0 0 -1 0 0 -1 0 0 -1 0 0 -1 0 0 -1 0 0 -1 0 0 -1 0 0 -1 0 0 -1 0 0 -1 0 0 -1 0 0 -1 0 0 -1 0 0 -1 0 0 -1 0 0 -1 0 -0 -1 0 0 -1 0 0 -1 0 0 -1 0 0 -1 0 0 -1 0 0 -1 0 0 -1 0 0 -1 0 0 -1 0 0 -1 0 -0 -1 0 0 -1 0 0 -1 0 0 -1 0 0 -1 0 0 -1 0 -0 -1 0 0 -1 0 0 -1 0 0 -1 0 0 -1 0 0 -1 0 0 -1 0 -0 -1 0 0 -1 0 0 -1 0 0 -1 0 0 -1 0 0 -1 0 0 -1 0 0 -1 0 0 -1 0 0 -1 0 0 -1 0 0 -1 0 0 -1 0 0 -1 0 0 -1 0 0 -1 0 0 -1 0 0 -1 0 0 -1 0 -0 -1 0 -0 -1 0 0 -1 0 -0 -1 0 0 -1 0 -0 -1 0 0 -1 0 -0 -1 0 0 -1 0 -0 -1 0 0 -1 0 -0 -1 0 0 -1 0 -0 -1 0 0 -1 0 -0 -1 0 0 -1 0 -0 -1 0 0 -1 0 0 -1 0 0 -1 0 -0 -1 0 0 -1 0 -0 -1 0 0 -1 0 -0 -1 0 0 -1 0 0 -1 0 -0 -1 0 0 -1 0 0 -1 0 -0 -1 0 0 -1 0 -0 -1 0 0 -1 0 0 -1 0 -0 -1 0 0 -1 0 -0 -1 0 0 -1 0 0 -1 0 0 -1 0 -0 -1 0 0 -1 0 -0 -1 0 0 -1 0 0 -1 0 0 -1 0 0 -1 0 0 -1 0 0 -1 0 0 -1 0 0 -1 0 0 -1 0 0 -1 0 0 -1 0 0 -1 0 0 -1 0 0 -1 0 0 -1 0 0 -1 0 0 -1 0 0 -1 0 0 -1 0 0 -1 0 0 -1 0 0 -1 0 0 -1 0 0 -1 0 0 -1 0 0 -1 0 0 -1 0 0 -1 0 0 -1 0 0 -1 0 -0 -1 0 0 -1 0 0 -1 0 0 -1 0 0 -1 0 0 -1 0 0 -1 0 0 -1 0 0 -1 0 0 -1 0 0 -1 0 0 -1 0 0 -1 0 0 -1 0 0 -1 0 0 -1 0 0 -1 0 0 -1 0 0 -1 0 0 -1 0 -0 -1 0 0 -1 0 0 -1 0 -0 -1 0 -0 -1 0 0 -1 0 0 -1 0 0 -1 0 0 -1 0 0 -1 0 0 -1 0 0 -1 0 0 -1 0 0 -1 0 0 -1 0 -0 -1 0 0 -1 0 0 -1 0 0 -1 0 0 -1 0 0 -1 0 0 -1 0 0 -1 0 0 -1 0 0 -1 0 0 -1 0 0 -1 0 0 -1 0 0 -1 0 0 -1 0 0 -1 0 0 -1 0 0 -1 0 0 -1 0 0 -1 0 0 -1 0 0 -1 0 0 -1 0 0 -1 0 0 -1 0 0 -1 0 0 -1 0 0 -1 0 0 -1 0 0 -1 0 0 -1 0 0 -1 0 0 -1 0 -0 -1 0 0 -1 0 0 -1 0 0 -1 0 0 -1 0 0 -1 0 0 -1 0 0 -1 0 0 -1 0 -0 -1 0 0 -1 0 0 -1 0 0 -1 0 -0 -1 0 0 -1 0 0 -1 0 0 -1 0 -0 -1 0 0 -1 0 0 -1 0 0 -1 0 0 -1 0 -0 -1 0 -0 -1 0 -0 -1 0 -0 -1 0 0 -1 0 0 -1 0 0 -1 -1 0 0 -1 0 0 1 0 0 1 -0 0 0.9996892 0.02493004 0 0.9996892 0.02493004 0 0.9972036 0.07473136 0 0.9972036 0.07473136 0 0.9922393 0.1243428 0 0.9922393 0.1243428 0 0.9848077 0.1736482 0 0.9848077 0.1736482 0 0.974928 0.2225205 0 0.974928 0.2225205 0 0.9626241 0.2708409 0 0.9626241 0.2708409 0 0.9479274 0.3184866 0 0.9479274 0.3184866 0 0.9308737 0.365341 0 0.9308737 0.365341 0 0.9115059 0.4112869 0 0.9115059 0.4112869 0 0.8898716 0.4562109 0 0.8898716 0.4562109 0 0.8660254 0.4999999 0 0.8400258 0.5425465 -0 0.8660254 0.4999999 0 0.8119377 0.583744 -0 0.8400258 0.5425465 0 0.8119377 0.583744 0 0.7818314 0.6234899 0 0.7818314 0.6234899 0 0.7497811 0.6616858 0 0.7497811 0.6616858 0 0.7158671 0.6982366 0 0.6801726 0.733052 -0 0.7158671 0.6982366 0 0.6427876 0.7660444 -0 0.6801726 0.733052 0 0.6427876 0.7660444 0 0.6038045 0.7971325 0 0.6038045 0.7971325 0 0.56332 0.8262388 0 0.56332 0.8262388 0 0.5214351 0.8532909 -0 0.5214351 0.8532909 0 0.4782541 0.8782215 0 0.4782541 0.8782215 0 0.4338837 0.9009689 0 0.4338837 0.9009689 0 0.3884348 0.9214762 0 0.3884348 0.9214762 0 0.3420203 0.9396925 0 0.2947558 0.9555725 -0 0.3420203 0.9396925 0 0.2467566 0.9690775 -0 0.2947558 0.9555725 0 0.2467566 0.9690775 0 0.1981465 0.9801724 0 0.1981465 0.9801724 0 0.149042 0.9888308 0 0.149042 0.9888308 0 0.09956852 0.9950308 0 0.04984506 0.9987569 -0 0.09956852 0.9950308 0 0.04984506 0.9987569 0 0 1 0 -0.04984506 0.9987569 0 -0 1 0 -0.04984506 0.9987569 0 -0.09956852 0.9950308 0 -0.09956852 0.9950308 0 -0.149042 0.9888308 0 -0.1981465 0.9801724 0 -0.149042 0.9888308 0 -0.1981465 0.9801724 0 -0.2467566 0.9690775 0 -0.2467566 0.9690775 0 -0.2947558 0.9555725 0 -0.2947558 0.9555725 0 -0.3420203 0.9396925 0 -0.3420203 0.9396925 0 -0.3884348 0.9214762 0 -0.3884348 0.9214762 0 -0.4338837 0.9009689 0 -0.4782541 0.8782215 0 -0.4338837 0.9009689 0 -0.4782541 0.8782215 0 -0.5214351 0.8532909 0 -0.5214351 0.8532909 0 -0.56332 0.8262388 0 -0.56332 0.8262388 0 -0.6038045 0.7971325 0 -0.6038045 0.7971325 0 -0.6427876 0.7660444 0 -0.6427876 0.7660444 0 -0.6801726 0.733052 0 -0.6801726 0.733052 0 -0.7158671 0.6982366 0 -0.7158671 0.6982366 0 -0.7497811 0.6616858 0 -0.7497811 0.6616858 0 -0.7818314 0.6234899 0 -0.7818314 0.6234899 0 -0.8119377 0.583744 0 -0.8119377 0.583744 0 -0.8400258 0.5425465 0 -0.8400258 0.5425465 0 -0.8660254 0.4999999 0 -0.8660254 0.4999999 0 -0.8898716 0.4562109 0 -0.8898716 0.4562109 0 -0.9115059 0.4112869 0 -0.9115059 0.4112869 0 -0.9308737 0.365341 0 -0.9308737 0.365341 0 -0.9479274 0.3184866 0 -0.9479274 0.3184866 0 -0.9626241 0.2708409 0 -0.9626241 0.2708409 0 -0.974928 0.2225205 0 -0.974928 0.2225205 0 -0.9848077 0.1736482 0 -0.9922393 0.1243428 0 -0.9848077 0.1736482 0 -0.9922393 0.1243428 0 -0.9972036 0.07473136 0 -0.9972036 0.07473136 0 -0.9996892 0.02493004 0 -0.9996892 0.02493004 0 0.998795 -0.04907678 0 0.998795 -0.04907678 0 0.9891785 -0.146717 0 0.9891785 -0.146717 0 0.9700281 -0.2429929 0 0.9700281 -0.2429929 0 0.9415474 -0.3368805 0 0.9039933 -0.4275465 0 0.9415474 -0.3368805 0 0.8577346 -0.5140927 0 0.9039933 -0.4275465 0 0.8577346 -0.5140927 0 0.8031886 -0.5957248 0 0.8031886 -0.5957248 0 0.7409664 -0.671542 0 0.7409664 -0.671542 0 0.6715518 -0.7409576 0 0.6715518 -0.7409576 0 0.5956811 -0.803221 0 0.5141156 -0.8577209 0 0.5956811 -0.803221 0 0.4275783 -0.9039783 0 0.5141156 -0.8577209 0 0.4275783 -0.9039783 0 0.3368695 -0.9415514 0 0.2429518 -0.9700384 0 0.3368695 -0.9415514 0 0.1467769 -0.9891696 0 0.2429518 -0.9700384 0 0.1467769 -0.9891696 0 0.04905643 -0.998796 0 0.04905643 -0.998796 0 1 0 0 1 0 0 -0 -1 -0 0 -1 0 0.04906613 0.9987954 -0 0.04906613 0.9987954 0 0.1467307 0.9891765 -0 0.1467307 0.9891765 0 0.2429815 0.9700309 -0 0.2429815 0.9700309 0 0.3368879 0.9415447 -0 0.3368879 0.9415447 0 0.427558 0.9039879 -0 0.427558 0.9039879 0 0.5141006 0.8577299 -0 0.5141006 0.8577299 0 0.5956999 0.8032071 -0 0.5956999 0.8032071 0 0.671562 0.7409484 -0 0.671562 0.7409484 0 0.7409506 0.6715595 -0 0.7409506 0.6715595 0 0.8032071 0.5956999 -0 0.8032071 0.5956999 0 0.8577295 0.5141013 -0 0.8577295 0.5141013 0 0.9039878 0.4275582 -0 0.9039878 0.4275582 0 0.9415432 0.3368922 -0 0.9415432 0.3368922 0 0.9700317 0.242978 -0 0.9700317 0.242978 0 0.9891764 0.1467315 -0 0.9987955 0.04906589 -0 0.9891764 0.1467315 0 0.9987955 0.04906589 -0 -0.04905643 -0.998796 0 -0.1467783 -0.9891695 0 -0.04905643 -0.998796 0 -0.2429495 -0.9700389 0 -0.1467783 -0.9891695 0 -0.3368664 -0.9415524 0 -0.2429495 -0.9700389 0 -0.3368664 -0.9415524 0 -0.4275858 -0.9039748 0 -0.4275858 -0.9039748 0 -0.5141113 -0.8577235 0 -0.5141113 -0.8577235 0 -0.5956811 -0.803221 0 -0.5956811 -0.803221 0 -0.6715566 -0.7409533 0 -0.6715566 -0.7409533 0 -0.7409616 -0.6715474 0 -0.7409616 -0.6715474 0 -0.8031933 -0.5957185 0 -0.8031933 -0.5957185 0 -0.8577346 -0.5140927 0 -0.8577346 -0.5140927 0 -0.9039896 -0.4275545 0 -0.9039896 -0.4275545 0 -0.9415443 -0.3368891 0 -0.9700303 -0.2429838 0 -0.9415443 -0.3368891 0 -0.9700303 -0.2429838 0 -0.9891771 -0.1467265 0 -0.9891771 -0.1467265 0 -0.9987954 -0.04906708 0 -0.9987954 -0.04906708 0 -0 1 0 0 1 0 -1 0 0 -1 0 0 -1 0 0 -1 0 0 -0.9987951 0.04907558 0 -0.9987951 0.04907558 0 -0.9891778 0.1467219 0 -0.9891778 0.1467219 0 -0.9700295 0.2429872 0 -0.9700295 0.2429872 0 -0.9415463 0.3368836 0 -0.9415463 0.3368836 0 -0.9039916 0.4275503 0 -0.9039916 0.4275503 0 -0.8577295 0.5141013 0 -0.8577295 0.5141013 0 -0.8032025 0.5957062 0 -0.8032025 0.5957062 0 -0.7409555 0.6715542 0 -0.7409555 0.6715542 0 -0.6715571 0.7409528 0 -0.6715571 0.7409528 0 -0.5956999 0.8032071 0 -0.5956999 0.8032071 0 -0.5141048 0.8577273 0 -0.5141048 0.8577273 0 -0.4275505 0.9039915 0 -0.4275505 0.9039915 0 -0.336891 0.9415436 0 -0.336891 0.9415436 0 -0.2429838 0.9700303 0 -0.2429838 0.9700303 0 -0.1467293 0.9891767 0 -0.04906613 0.9987954 0 -0.1467293 0.9891767 0 -0.04906613 0.9987954 0 -0.8568276 0.5156029 0 -0.8568276 0.5156029 0 -0.8813875 0.4723939 0 -0.8813875 0.4723939 0 -0.9037705 0.4280175 0 -0.9037705 0.4280175 0 -0.9239197 0.3825864 0 -0.9239197 0.3825864 0 -0.9417881 0.3362069 0 -0.9417881 0.3362069 0 -0.9573295 0.2889987 0 -0.9573295 0.2889987 0 -0.970506 0.2410771 0 -0.970506 0.2410771 0 -0.9812855 0.1925586 0 -0.9812855 0.1925586 0 -0.9896408 0.1435656 0 -0.9896408 0.1435656 0 -0.9955517 0.09421653 0 -0.9955517 0.09421653 0 -0.9990034 0.0446355 0 -0.9990034 0.0446355 0 -0.9999872 -0.005054911 -0 -0.9999872 -0.005054911 0 -0.9945482 -0.1042776 0 -0.998501 -0.05473433 -0 -0.998501 -0.05473433 0 -0.9945482 -0.1042776 0 -0.9881387 -0.1535638 0 -0.9881387 -0.1535638 -0 -0.9792887 -0.202469 0 -0.968019 -0.2508769 0 -0.9792887 -0.202469 -0 -0.968019 -0.2508769 0 -0.9543581 -0.2986645 0 -0.9383404 -0.3457128 0 -0.9543581 -0.2986645 -0 -0.9383404 -0.3457128 0 -0.9200049 -0.3919069 0 -0.9200049 -0.3919069 -0 -0.8993961 -0.4371346 0 -0.8993961 -0.4371346 -0 -0.8765666 -0.4812805 0 -0.8765666 -0.4812805 -0 -0.8515704 -0.5242402 0 -0.8515704 -0.5242402 -0 -0.8244714 -0.5659037 0 -0.8244714 -0.5659037 -0 -0.7953376 -0.6061668 0 -0.7953376 -0.6061668 -0 -0.7642355 -0.6449372 0 -0.7642355 -0.6449372 -0 -0.7312486 -0.6821111 0 -0.7312486 -0.6821111 -0 -0.6964532 -0.7176023 0 -0.6964532 -0.7176023 -0 -0.6599408 -0.7513176 0 -0.6599408 -0.7513176 -0 -0.621792 -0.7831824 0 -0.621792 -0.7831824 -0 -0.5821135 -0.8131075 -0 -0.5821135 -0.8131075 0 -0.5409979 -0.841024 -0 -0.5409979 -0.841024 0 -0.4985395 -0.8668669 -0 -0.4985395 -0.8668669 0 -0.4548528 -0.8905666 -0 -0.4548528 -0.8905666 0 -0.4100433 -0.912066 -0 -0.4100433 -0.912066 0 -0.3642217 -0.9313123 0 -0.3642217 -0.9313123 -0 -0.3174941 -0.9482602 0 -0.3174941 -0.9482602 -0 -0.2699929 -0.9628623 0 -0.2699929 -0.9628623 -0 -0.2218163 -0.9750885 0 -0.2218163 -0.9750885 -0 -0.1730925 -0.9849056 0 -0.1730925 -0.9849056 -0 -0.1239465 -0.9922889 0 -0.1239465 -0.9922889 -0 -0.07449358 -0.9972215 0 -0.07449358 -0.9972215 -0 -0.02484879 -0.9996912 0 -0.02484879 -0.9996912 -0 0.02484879 -0.9996912 0 0.02484879 -0.9996912 0 0.07449358 -0.9972215 0 0.07449358 -0.9972215 0 0.1239465 -0.9922889 0 0.1239465 -0.9922889 0 0.1730925 -0.9849056 0 0.1730925 -0.9849056 0 0.2218163 -0.9750885 0 0.2218163 -0.9750885 0 0.2699929 -0.9628623 0 0.3174941 -0.9482602 0 0.2699929 -0.9628623 0 0.3174941 -0.9482602 0 0.3642217 -0.9313123 0 0.3642217 -0.9313123 0 0.4100433 -0.912066 0 0.4100433 -0.912066 0 0.4548528 -0.8905666 0 0.4985395 -0.8668669 0 0.4548528 -0.8905666 0 0.4985395 -0.8668669 0 0.5409979 -0.841024 0 0.5409979 -0.841024 0 0.5821135 -0.8131075 0 0.621792 -0.7831824 0 0.5821135 -0.8131075 0 0.621792 -0.7831824 0 0.6599408 -0.7513176 0 0.6599408 -0.7513176 0 0.6964532 -0.7176023 0 0.6964532 -0.7176023 0 0.7312486 -0.6821111 0 0.7312486 -0.6821111 0 0.7642355 -0.6449372 0 0.7642355 -0.6449372 0 0.7953376 -0.6061668 0 0.7953376 -0.6061668 0 0.8244714 -0.5659037 0 0.8244714 -0.5659037 0 0.8515704 -0.5242402 0 0.8515704 -0.5242402 0 0.8765666 -0.4812805 0 0.8765666 -0.4812805 0 0.8993961 -0.4371346 0 0.8993961 -0.4371346 0 0.9200049 -0.3919069 0 0.9200049 -0.3919069 0 0.9383404 -0.3457128 0 0.9383404 -0.3457128 0 0.9543581 -0.2986645 0 0.9543581 -0.2986645 0 0.968019 -0.2508769 0 0.968019 -0.2508769 0 0.9792887 -0.202469 0 0.9792887 -0.202469 0 0.9881387 -0.1535638 0 0.9881387 -0.1535638 0 0.9945482 -0.1042776 0 0.9945482 -0.1042776 0 0.998501 -0.05473433 0 0.998501 -0.05473433 0 0.9999872 -0.005054911 0 0.9999872 -0.005054911 0 0.9990034 0.0446355 0 0.9990034 0.0446355 0 0.9955517 0.09421653 0 0.9955517 0.09421653 0 0.9896408 0.1435656 0 0.9896408 0.1435656 0 0.9812855 0.1925586 0 0.9812855 0.1925586 0 0.970506 0.2410771 0 0.970506 0.2410771 0 0.9573295 0.2889987 0 0.9573295 0.2889987 0 0.9417881 0.3362069 0 0.9417881 0.3362069 0 0.9239197 0.3825864 0 0.9239197 0.3825864 0 0.9037705 0.4280175 0 0.9037705 0.4280175 0 0.8813875 0.4723939 0 0.8813875 0.4723939 0 0.8568276 0.5156029 0 0.8568276 0.5156029 0 -1 0 0 -1 0 0 1 0 0 1 0 0 1 0 0 1 0 0 -0.04905643 -0.998796 0 -0.04905643 -0.998796 0 -0.1467769 -0.9891696 0 -0.1467769 -0.9891696 0 -0.2429518 -0.9700384 0 -0.2429518 -0.9700384 0 -0.3368695 -0.9415514 0 -0.3368695 -0.9415514 0 -0.4275783 -0.9039783 0 -0.5141156 -0.8577209 0 -0.4275783 -0.9039783 0 -0.5141156 -0.8577209 0 -0.5956811 -0.803221 0 -0.5956811 -0.803221 0 -0.6715518 -0.7409576 0 -0.6715518 -0.7409576 0 -0.7409664 -0.671542 0 -0.7409664 -0.671542 0 -0.8031886 -0.5957248 0 -0.8577346 -0.5140927 0 -0.8031886 -0.5957248 0 -0.8577346 -0.5140927 0 -0.9039933 -0.4275465 0 -0.9039933 -0.4275465 0 -0.9415474 -0.3368805 0 -0.9415474 -0.3368805 0 -0.9700281 -0.2429929 0 -0.9700281 -0.2429929 0 -0.9891785 -0.146717 0 -0.9891785 -0.146717 0 -0.998795 -0.04907678 0 -0.998795 -0.04907678 0 0.04905643 -0.998796 0 0.04905643 -0.998796 0 0.1467783 -0.9891695 0 0.1467783 -0.9891695 0 0.2429495 -0.9700389 0 0.2429495 -0.9700389 0 0.3368664 -0.9415524 0 0.3368664 -0.9415524 0 0.4275858 -0.9039748 0 0.5141113 -0.8577235 0 0.4275858 -0.9039748 0 0.5141113 -0.8577235 0 0.5956811 -0.803221 0 0.5956811 -0.803221 0 0.6715566 -0.7409533 0 0.6715566 -0.7409533 0 0.7409616 -0.6715474 0 0.7409616 -0.6715474 0 0.8031933 -0.5957185 0 0.8577346 -0.5140927 0 0.8031933 -0.5957185 0 0.8577346 -0.5140927 0 0.9039896 -0.4275545 0 0.9039896 -0.4275545 0 0.9415443 -0.3368891 0 0.9415443 -0.3368891 0 0.9700303 -0.2429838 0 0.9700303 -0.2429838 0 0.9891771 -0.1467265 0 0.9891771 -0.1467265 0 0.9987954 -0.04906708 0 0.9987954 -0.04906708 0 -0 -1 0 0 -1 -0 -0.9994532 -0.03306329 -0 -0.9994532 -0.03306329 0 -0.9950829 -0.09904582 0 -0.9950829 -0.09904582 -0 -0.9863613 -0.1645947 0 -0.9863613 -0.1645947 -0 -0.9733266 -0.2294241 0 -0.9560359 -0.2932497 0 -0.9733266 -0.2294241 -0 -0.9560359 -0.2932497 0 -0.9345639 -0.3557952 0 -0.9345639 -0.3557952 -0 -0.9090058 -0.4167835 0 -0.9090058 -0.4167835 -0 -0.8794767 -0.4759418 0 -0.8794767 -0.4759418 -0 -0.8460926 -0.533036 0 -0.8460926 -0.533036 -0 -0.8090222 -0.587778 0 -0.8090222 -0.587778 -0 -0.7684004 -0.6399695 0 -0.724424 -0.6893547 0 -0.7684004 -0.6399695 -0 -0.724424 -0.6893547 0 -0.6772763 -0.7357287 0 -0.6271787 -0.7788753 0 -0.6772763 -0.7357287 -0 -0.6271787 -0.7788753 0 -0.5743353 -0.8186201 0 -0.5743353 -0.8186201 -0 -0.5189614 -0.8547977 0 -0.5189614 -0.8547977 -0 -0.461346 -0.8872203 0 -0.461346 -0.8872203 -0 -0.4016981 -0.9157722 0 -0.3402818 -0.9403235 0 -0.4016981 -0.9157722 -0 -0.3402818 -0.9403235 0 -0.2774009 -0.9607542 0 -0.2133093 -0.9769847 0 -0.2774009 -0.9607542 -0 -0.2133093 -0.9769847 0 -0.1482574 -0.9889488 0 -0.08258945 -0.9965837 0 -0.1482574 -0.9889488 -0 -0.08258945 -0.9965837 0 -0.01651791 -0.9998636 0 -0.01651791 -0.9998636 -0 0.04957297 -0.9987705 0 0.1154906 -0.9933085 0 0.04957297 -0.9987705 0 0.1808704 -0.9835069 0 0.1154906 -0.9933085 0 0.1808704 -0.9835069 0 0.2454986 -0.969397 0 0.2454986 -0.969397 0 0.309014 -0.9510576 0 0.309014 -0.9510576 0 0.3712004 -0.9285527 0 0.3712004 -0.9285527 0 0.4317536 -0.9019916 0 0.4317536 -0.9019916 0 0.4904225 -0.8714848 0 0.4904225 -0.8714848 0 0.5469401 -0.8371716 0 0.5469401 -0.8371716 0 0.6010844 -0.7991856 0 0.6010844 -0.7991856 0 0.652584 -0.7577164 0 0.652584 -0.7577164 0 0.7012339 -0.7129313 0 0.7012339 -0.7129313 0 0.7468228 -0.665023 0 0.7468228 -0.665023 0 0.7891434 -0.614209 0 0.8280096 -0.560714 0 0.7891434 -0.614209 0 0.8280096 -0.560714 0 0.8632566 -0.5047654 0 0.8632566 -0.5047654 0 0.894727 -0.4466136 0 0.894727 -0.4466136 0 0.92229 -0.3864985 0 0.92229 -0.3864985 0 0.9458183 -0.3246966 0 0.965209 -0.2614797 0 0.9458183 -0.3246966 0 0.965209 -0.2614797 0 0.9803802 -0.1971159 0 0.9803802 -0.1971159 0 0.9912637 -0.1318954 0 0.9978137 -0.06608898 0 0.9912637 -0.1318954 0 0.9978137 -0.06608898 0 1 0 0 0.9978137 0.06608898 -0 1 0 0 0.9978137 0.06608898 0 0.9912637 0.1318954 0 0.9803802 0.1971159 -0 0.9912637 0.1318954 0 0.965209 0.2614797 -0 0.9803802 0.1971159 0 0.965209 0.2614797 0 0.9458183 0.3246966 0 0.9458183 0.3246966 0 0.92229 0.3864985 0 0.92229 0.3864985 0 0.894727 0.4466136 -0 0.894727 0.4466136 0 0.8632566 0.5047654 0 0.8632566 0.5047654 0 0.8280096 0.560714 0 0.8280096 0.560714 0 0.7891434 0.614209 -0 0.7891434 0.614209 0 0.7468228 0.665023 0 0.7468228 0.665023 0 0.7012339 0.7129313 -0 0.7012339 0.7129313 0 0.652584 0.7577164 0 0.652584 0.7577164 0 0.6010844 0.7991856 0 0.6010844 0.7991856 0 0.5469401 0.8371716 -0 0.5469401 0.8371716 0 0.4904225 0.8714848 0 0.4904225 0.8714848 0 0.4317536 0.9019916 -0 0.4317536 0.9019916 0 0.3712004 0.9285527 0 0.3712004 0.9285527 0 0.309014 0.9510576 0 0.309014 0.9510576 0 0.2454986 0.969397 0 0.2454986 0.969397 0 0.1808704 0.9835069 0 0.1808704 0.9835069 0 0.1154906 0.9933085 -0 0.04957297 0.9987705 -0 0.1154906 0.9933085 0 0.04957297 0.9987705 0 -0.01651791 0.9998636 0 -0.08258945 0.9965837 0 -0.01651791 0.9998636 0 -0.08258945 0.9965837 0 -0.1482574 0.9889488 0 -0.1482574 0.9889488 0 -0.2133093 0.9769847 0 -0.2133093 0.9769847 0 -0.2774009 0.9607542 0 -0.2774009 0.9607542 0 -0.3402818 0.9403235 0 -0.3402818 0.9403235 0 -0.4016981 0.9157722 0 -0.4016981 0.9157722 0 -0.461346 0.8872203 0 -0.461346 0.8872203 0 -0.5189614 0.8547977 0 -0.5189614 0.8547977 0 -0.5743353 0.8186201 0 -0.5743353 0.8186201 0 -0.6271787 0.7788753 0 -0.6271787 0.7788753 0 -0.6772763 0.7357287 0 -0.6772763 0.7357287 0 -0.724424 0.6893547 0 -0.724424 0.6893547 0 -0.7684004 0.6399695 0 -0.7684004 0.6399695 0 -0.8090222 0.587778 0 -0.8090222 0.587778 0 -0.8460926 0.533036 0 -0.8460926 0.533036 0 -0.8794767 0.4759418 0 -0.8794767 0.4759418 0 -0.9090058 0.4167835 0 -0.9090058 0.4167835 0 -0.9345639 0.3557952 0 -0.9345639 0.3557952 0 -0.9560359 0.2932497 0 -0.9560359 0.2932497 0 -0.9733266 0.2294241 0 -0.9733266 0.2294241 0 -0.9863613 0.1645947 0 -0.9863613 0.1645947 0 -0.9950829 0.09904582 0 -0.9950829 0.09904582 0 -0.9994532 0.03306329 0 -0.9994532 0.03306329 0 -0.9994535 -0.03305504 -0 -0.9994535 -0.03305504 0 -0.9950826 -0.09904968 0 -0.9950826 -0.09904968 -0 -0.9863601 -0.1646019 0 -0.9863601 -0.1646019 -0 -0.9733266 -0.2294239 0 -0.956037 -0.293246 0 -0.9733266 -0.2294239 -0 -0.956037 -0.293246 0 -0.934563 -0.3557977 0 -0.934563 -0.3557977 -0 -0.9090095 -0.4167754 0 -0.9090095 -0.4167754 -0 -0.8794758 -0.4759436 0 -0.8794758 -0.4759436 -0 -0.8460941 -0.5330335 0 -0.8460941 -0.5330335 -0 -0.8090106 -0.5877941 0 -0.8090106 -0.5877941 -0 -0.7684014 -0.6399682 0 -0.7244278 -0.6893506 0 -0.7684014 -0.6399682 -0 -0.7244278 -0.6893506 0 -0.6772792 -0.7357261 0 -0.6271747 -0.7788786 0 -0.6772792 -0.7357261 -0 -0.6271747 -0.7788786 0 -0.574337 -0.818619 0 -0.574337 -0.818619 -0 -0.5189683 -0.8547935 0 -0.5189683 -0.8547935 -0 -0.4613349 -0.887226 0 -0.4613349 -0.887226 -0 -0.4016963 -0.915773 0 -0.3402958 -0.9403184 0 -0.4016963 -0.915773 -0 -0.3402958 -0.9403184 0 -0.2774042 -0.9607533 0 -0.2132977 -0.9769873 0 -0.2774042 -0.9607533 -0 -0.2132977 -0.9769873 0 -0.1482645 -0.9889477 0 -0.0825792 -0.9965845 0 -0.1482645 -0.9889477 -0 -0.0825792 -0.9965845 0 -0.01653355 -0.9998633 0 -0.01653355 -0.9998633 -0 0.04958396 -0.99877 0 0.1154852 -0.9933092 0 0.04958396 -0.99877 0 0.1808787 -0.9835054 0 0.1154852 -0.9933092 0 0.1808787 -0.9835054 0 0.2454845 -0.9694005 0 0.2454845 -0.9694005 0 0.3090224 -0.9510548 0 0.3090224 -0.9510548 0 0.3711953 -0.9285548 0 0.3711953 -0.9285548 0 0.4317562 -0.9019903 0 0.4317562 -0.9019903 0 0.4904228 -0.8714846 0 0.4904228 -0.8714846 0 0.5469492 -0.8371659 0 0.5469492 -0.8371659 0 0.6010732 -0.799194 0 0.6010732 -0.799194 0 0.652589 -0.7577121 0 0.652589 -0.7577121 0 0.7012393 -0.7129259 0 0.7012393 -0.7129259 0 0.7468218 -0.6650242 0 0.7468218 -0.6650242 0 0.7891372 -0.614217 0 0.8280134 -0.5607082 0 0.7891372 -0.614217 0 0.8280134 -0.5607082 0 0.8632559 -0.5047665 0 0.8632559 -0.5047665 0 0.8947256 -0.4466162 0 0.8947256 -0.4466162 0 0.9222937 -0.3864897 0 0.9222937 -0.3864897 0 0.9458156 -0.3247042 0 0.9652092 -0.261479 0 0.9458156 -0.3247042 0 0.9652092 -0.261479 0 0.9803796 -0.1971187 0 0.9803796 -0.1971187 0 0.9912639 -0.1318932 0 0.9978137 -0.06609084 0 0.9912639 -0.1318932 0 0.9978137 -0.06609084 0 1 0 0 0.9978137 0.06609084 -0 1 0 0 0.9978137 0.06609084 0 0.9912639 0.1318932 0 0.9803796 0.1971187 -0 0.9912639 0.1318932 0 0.9652092 0.261479 -0 0.9803796 0.1971187 0 0.9652092 0.261479 0 0.9458156 0.3247042 0 0.9458156 0.3247042 0 0.9222937 0.3864897 0 0.9222937 0.3864897 0 0.8947256 0.4466162 -0 0.8947256 0.4466162 0 0.8632559 0.5047665 0 0.8632559 0.5047665 0 0.8280134 0.5607082 0 0.8280134 0.5607082 0 0.7891372 0.614217 -0 0.7891372 0.614217 0 0.7468218 0.6650242 0 0.7468218 0.6650242 0 0.7012393 0.7129259 -0 0.7012393 0.7129259 0 0.652589 0.7577121 0 0.652589 0.7577121 0 0.6010732 0.799194 0 0.6010732 0.799194 0 0.5469492 0.8371659 -0 0.5469492 0.8371659 0 0.4904228 0.8714846 0 0.4904228 0.8714846 0 0.4317562 0.9019903 -0 0.4317562 0.9019903 0 0.3711953 0.9285548 0 0.3711953 0.9285548 0 0.3090224 0.9510548 0 0.3090224 0.9510548 0 0.2454845 0.9694005 0 0.2454845 0.9694005 0 0.1808787 0.9835054 0 0.1808787 0.9835054 0 0.1154852 0.9933092 -0 0.04958396 0.99877 -0 0.1154852 0.9933092 0 0.04958396 0.99877 0 -0.01653355 0.9998633 0 -0.0825792 0.9965845 0 -0.01653355 0.9998633 0 -0.0825792 0.9965845 0 -0.1482645 0.9889477 0 -0.1482645 0.9889477 0 -0.2132977 0.9769873 0 -0.2132977 0.9769873 0 -0.2774042 0.9607533 0 -0.2774042 0.9607533 0 -0.3402958 0.9403184 0 -0.3402958 0.9403184 0 -0.4016963 0.915773 0 -0.4016963 0.915773 0 -0.4613349 0.887226 0 -0.4613349 0.887226 0 -0.5189683 0.8547935 0 -0.5189683 0.8547935 0 -0.574337 0.818619 0 -0.574337 0.818619 0 -0.6271747 0.7788786 0 -0.6271747 0.7788786 0 -0.6772792 0.7357261 0 -0.6772792 0.7357261 0 -0.7244278 0.6893506 0 -0.7244278 0.6893506 0 -0.7684014 0.6399682 0 -0.7684014 0.6399682 0 -0.8090106 0.5877941 0 -0.8090106 0.5877941 0 -0.8460941 0.5330335 0 -0.8460941 0.5330335 0 -0.8794758 0.4759436 0 -0.8794758 0.4759436 0 -0.9090095 0.4167754 0 -0.9090095 0.4167754 0 -0.934563 0.3557977 0 -0.934563 0.3557977 0 -0.956037 0.293246 0 -0.956037 0.293246 0 -0.9733266 0.2294239 0 -0.9733266 0.2294239 0 -0.9863601 0.1646019 0 -0.9863601 0.1646019 0 -0.9950826 0.09904968 0 -0.9950826 0.09904968 0 -0.9994535 0.03305504 0 -0.9994535 0.03305504 0 -0.9994535 -0.03305504 -0 -0.9994535 -0.03305504 0 -0.9950826 -0.09904968 0 -0.9950826 -0.09904968 -0 -0.9863601 -0.1646019 0 -0.9863601 -0.1646019 -0 -0.9733266 -0.2294239 0 -0.956037 -0.293246 0 -0.9733266 -0.2294239 -0 -0.956037 -0.293246 0 -0.934563 -0.3557977 0 -0.934563 -0.3557977 -0 -0.9090095 -0.4167754 0 -0.9090095 -0.4167754 -0 -0.8794758 -0.4759436 0 -0.8794758 -0.4759436 -0 -0.8460941 -0.5330335 0 -0.8460941 -0.5330335 -0 -0.8090106 -0.5877941 0 -0.8090106 -0.5877941 -0 -0.7684014 -0.6399682 0 -0.7244278 -0.6893506 0 -0.7684014 -0.6399682 -0 -0.7244278 -0.6893506 0 -0.6772792 -0.7357261 0 -0.6271747 -0.7788786 0 -0.6772792 -0.7357261 -0 -0.6271747 -0.7788786 0 -0.574337 -0.818619 0 -0.574337 -0.818619 -0 -0.5189683 -0.8547935 0 -0.5189683 -0.8547935 -0 -0.4613349 -0.887226 0 -0.4613349 -0.887226 -0 -0.4016963 -0.915773 0 -0.3402958 -0.9403184 0 -0.4016963 -0.915773 -0 -0.3402958 -0.9403184 0 -0.2774042 -0.9607533 0 -0.2132977 -0.9769873 0 -0.2774042 -0.9607533 -0 -0.2132977 -0.9769873 0 -0.1482645 -0.9889477 0 -0.0825792 -0.9965845 0 -0.1482645 -0.9889477 -0 -0.0825792 -0.9965845 0 -0.01653355 -0.9998633 0 -0.01653355 -0.9998633 -0 0.04958396 -0.99877 0 0.1154852 -0.9933092 0 0.04958396 -0.99877 0 0.1808787 -0.9835054 0 0.1154852 -0.9933092 0 0.1808787 -0.9835054 0 0.2454845 -0.9694005 0 0.2454845 -0.9694005 0 0.3090224 -0.9510548 0 0.3090224 -0.9510548 0 0.3711953 -0.9285548 0 0.3711953 -0.9285548 0 0.4317562 -0.9019903 0 0.4317562 -0.9019903 0 0.4904228 -0.8714846 0 0.4904228 -0.8714846 0 0.5469492 -0.8371659 0 0.5469492 -0.8371659 0 0.6010732 -0.799194 0 0.6010732 -0.799194 0 0.652589 -0.7577121 0 0.652589 -0.7577121 0 0.7012393 -0.7129259 0 0.7012393 -0.7129259 0 0.7468218 -0.6650242 0 0.7468218 -0.6650242 0 0.7891372 -0.614217 0 0.8280134 -0.5607082 0 0.7891372 -0.614217 0 0.8280134 -0.5607082 0 0.8632559 -0.5047665 0 0.8632559 -0.5047665 0 0.8947256 -0.4466162 0 0.8947256 -0.4466162 0 0.9222937 -0.3864897 0 0.9222937 -0.3864897 0 0.9458156 -0.3247042 0 0.9652092 -0.261479 0 0.9458156 -0.3247042 0 0.9652092 -0.261479 0 0.9803796 -0.1971187 0 0.9803796 -0.1971187 0 0.9912639 -0.1318932 0 0.9978137 -0.06609084 0 0.9912639 -0.1318932 0 0.9978137 -0.06609084 0 1 0 0 0.9978137 0.06609084 -0 1 0 0 0.9978137 0.06609084 0 0.9912639 0.1318932 0 0.9803796 0.1971187 -0 0.9912639 0.1318932 0 0.9652092 0.261479 -0 0.9803796 0.1971187 0 0.9652092 0.261479 0 0.9458156 0.3247042 0 0.9458156 0.3247042 0 0.9222937 0.3864897 0 0.9222937 0.3864897 0 0.8947256 0.4466162 -0 0.8947256 0.4466162 0 0.8632559 0.5047665 0 0.8632559 0.5047665 0 0.8280134 0.5607082 0 0.8280134 0.5607082 0 0.7891372 0.614217 -0 0.7891372 0.614217 0 0.7468218 0.6650242 0 0.7468218 0.6650242 0 0.7012393 0.7129259 -0 0.7012393 0.7129259 0 0.652589 0.7577121 0 0.652589 0.7577121 0 0.6010732 0.799194 0 0.6010732 0.799194 0 0.5469492 0.8371659 -0 0.5469492 0.8371659 0 0.4904228 0.8714846 0 0.4904228 0.8714846 0 0.4317562 0.9019903 -0 0.4317562 0.9019903 0 0.3711953 0.9285548 0 0.3711953 0.9285548 0 0.3090224 0.9510548 0 0.3090224 0.9510548 0 0.2454845 0.9694005 0 0.2454845 0.9694005 0 0.1808787 0.9835054 0 0.1808787 0.9835054 0 0.1154852 0.9933092 -0 0.04958396 0.99877 -0 0.1154852 0.9933092 0 0.04958396 0.99877 0 -0.01653355 0.9998633 0 -0.0825792 0.9965845 0 -0.01653355 0.9998633 0 -0.0825792 0.9965845 0 -0.1482645 0.9889477 0 -0.1482645 0.9889477 0 -0.2132977 0.9769873 0 -0.2132977 0.9769873 0 -0.2774042 0.9607533 0 -0.2774042 0.9607533 0 -0.3402958 0.9403184 0 -0.3402958 0.9403184 0 -0.4016963 0.915773 0 -0.4016963 0.915773 0 -0.4613349 0.887226 0 -0.4613349 0.887226 0 -0.5189683 0.8547935 0 -0.5189683 0.8547935 0 -0.574337 0.818619 0 -0.574337 0.818619 0 -0.6271747 0.7788786 0 -0.6271747 0.7788786 0 -0.6772792 0.7357261 0 -0.6772792 0.7357261 0 -0.7244278 0.6893506 0 -0.7244278 0.6893506 0 -0.7684014 0.6399682 0 -0.7684014 0.6399682 0 -0.8090106 0.5877941 0 -0.8090106 0.5877941 0 -0.8460941 0.5330335 0 -0.8460941 0.5330335 0 -0.8794758 0.4759436 0 -0.8794758 0.4759436 0 -0.9090095 0.4167754 0 -0.9090095 0.4167754 0 -0.934563 0.3557977 0 -0.934563 0.3557977 0 -0.956037 0.293246 0 -0.956037 0.293246 0 -0.9733266 0.2294239 0 -0.9733266 0.2294239 0 -0.9863601 0.1646019 0 -0.9863601 0.1646019 0 -0.9950826 0.09904968 0 -0.9950826 0.09904968 0 -0.9994535 0.03305504 0 -0.9994535 0.03305504 0 -0.9705693 0.2408219 0 -0.9705693 0.2408219 0 -0.9813343 0.1923099 0 -0.9813343 0.1923099 0 -0.9896763 0.1433206 0 -0.9896763 0.1433206 0 -0.9955742 0.09397884 0 -0.9955742 0.09397884 0 -0.9990137 0.04440256 0 -0.9990137 0.04440256 0 -0.9999861 -0.005280255 0 -0.9999861 -0.005280255 0 -0.998489 -0.05495223 0 -0.998489 -0.05495223 0 -0.9945261 -0.1044881 0 -0.9945261 -0.1044881 0 -0.9881076 -0.153764 0 -0.9792485 -0.2026633 0 -0.9881076 -0.153764 0 -0.9792485 -0.2026633 0 -0.9679713 -0.2510606 0 -0.9679713 -0.2510606 0 -0.9543041 -0.2988372 0 -0.9543041 -0.2988372 0 -0.9382801 -0.3458764 0 -0.9382801 -0.3458764 0 -0.9199387 -0.3920621 0 -0.9199387 -0.3920621 0 -0.8993258 -0.4372792 0 -0.8993258 -0.4372792 0 -0.8764921 -0.4814163 0 -0.8764921 -0.4814163 0 -0.8514935 -0.5243651 0 -0.8514935 -0.5243651 0 -0.8243928 -0.5660182 0 -0.8243928 -0.5660182 0 -0.795257 -0.6062726 0 -0.7641547 -0.6450331 0 -0.795257 -0.6062726 0 -0.7641547 -0.6450331 0 -0.7311671 -0.6821984 0 -0.7311671 -0.6821984 0 -0.6963755 -0.7176775 0 -0.6963755 -0.7176775 0 -0.6598591 -0.7513894 0 -0.6217216 -0.7832383 0 -0.6598591 -0.7513894 0 -0.6217216 -0.7832383 0 -0.582038 -0.8131616 0 -0.582038 -0.8131616 0 -0.5409278 -0.8410691 0 -0.5409278 -0.8410691 0 -0.4984734 -0.866905 0 -0.4984734 -0.866905 0 -0.4547941 -0.8905966 0 -0.4547941 -0.8905966 0 -0.409986 -0.9120917 0 -0.409986 -0.9120917 0 -0.3641737 -0.931331 0 -0.3174526 -0.9482742 0 -0.3641737 -0.931331 0 -0.2699518 -0.9628739 0 -0.3174526 -0.9482742 0 -0.2699518 -0.9628739 0 -0.2217878 -0.975095 0 -0.2217878 -0.975095 0 -0.17307 -0.9849095 0 -0.1239247 -0.9922916 0 -0.17307 -0.9849095 0 -0.1239247 -0.9922916 0 -0.07447761 -0.9972227 0 -0.02484962 -0.9996912 0 -0.07447761 -0.9972227 0 -0.02484962 -0.9996912 0 0.02484962 -0.9996912 0 0.02484962 -0.9996912 0 0.07447761 -0.9972227 0 0.07447761 -0.9972227 0 0.1239247 -0.9922916 0 0.1239247 -0.9922916 0 0.17307 -0.9849095 0 0.17307 -0.9849095 0 0.2217878 -0.975095 0 0.2217878 -0.975095 0 0.2699518 -0.9628739 0 0.2699518 -0.9628739 0 0.3174526 -0.9482742 0 0.3174526 -0.9482742 0 0.3641737 -0.931331 0 0.3641737 -0.931331 0 0.409986 -0.9120917 0 0.409986 -0.9120917 0 0.4547941 -0.8905966 0 0.4547941 -0.8905966 0 0.4984734 -0.866905 0 0.4984734 -0.866905 0 0.5409278 -0.8410691 0 0.5409278 -0.8410691 0 0.582038 -0.8131616 0 0.582038 -0.8131616 0 0.6217216 -0.7832383 0 0.6217216 -0.7832383 0 0.6598591 -0.7513894 0 0.6598591 -0.7513894 0 0.6963755 -0.7176775 0 0.6963755 -0.7176775 0 0.7311671 -0.6821984 0 0.7311671 -0.6821984 0 0.7641547 -0.6450331 0 0.795257 -0.6062726 0 0.7641547 -0.6450331 0 0.795257 -0.6062726 0 0.8243928 -0.5660182 0 0.8243928 -0.5660182 0 0.8514935 -0.5243651 0 0.8514935 -0.5243651 0 0.8764921 -0.4814163 0 0.8764921 -0.4814163 0 0.8993258 -0.4372792 0 0.8993258 -0.4372792 0 0.9199387 -0.3920621 0 0.9199387 -0.3920621 0 0.9382801 -0.3458764 0 0.9543041 -0.2988372 0 0.9382801 -0.3458764 0 0.9543041 -0.2988372 0 0.9679713 -0.2510606 0 0.9679713 -0.2510606 0 0.9792485 -0.2026633 0 0.9792485 -0.2026633 0 0.9881076 -0.153764 0 0.9881076 -0.153764 0 0.9945261 -0.1044881 0 0.9945261 -0.1044881 0 0.998489 -0.05495223 0 0.998489 -0.05495223 0 0.9999861 -0.005280255 0 0.9999861 -0.005280255 0 0.9990137 0.04440256 0 0.9990137 0.04440256 -0 0.9955742 0.09397884 0 0.9955742 0.09397884 -0 0.9896763 0.1433206 0 0.9896763 0.1433206 -0 0.9813343 0.1923099 0 0.9813343 0.1923099 -0 0.9705693 0.2408219 0 0.9705693 0.2408219 -0 0 0 1 0 0 1 0 0 1 0 0 1 0 0 1 0 0 1 0 0 1 0 0 1 0 0 1 0 0 1 0 0 1 0 0 1 0 0 1 0 0 1 0 0 1 0 0 1 0 0 1 0 0 1 0 0 1 0 0 1 0 0 1 0 0 1 0 0 1 0 0 1 0 0 1 0 0 1 0 0 1 0 0 1 0 0 1 0 0 1 0 0 1 0 0 1 0 0 1 0 0 1 0 0 1 0 0 1 0 0 1 0 0 1 0 0 1 0 0 1 0 0 1 0 0 1 0 0 1 0 0 1 0 0 1 0 0 1 0 0 1 0 0 1 0 0 1 0 0 1 0 0 1 0 0 1 0 0 1 0 0 1 0 0 1 0 0 1 0 0 1 0 0 1 0 0 1 0 0 1 0 0 1 0 0 1 0 0 1 0 0 1 0 0 1 0 0 1 0 0 1 0 0 1 0 0 1 0 0 1 0 0 1 0 0 1 0 0 1 0 0 1 0 0 1 0 0 1 0 0 1 0 0 1 0 0 1 0 0 1 0 0 1 0 0 1 0 0 1 0 0 1 0 0 1 0 0 1 0 0 1 0 0 1 0 0 1 0 0 1 0 0 1 0 0 1 0 0 1 0 0 1 0 0 1 0 0 1 0 0 1 0 0 1 0 0 1 0 0 1 0 0 1 0 0 1 0 0 1 0 0 1 0 0 1 0 0 1 0 0 1 0 0 1 0 0 1 0 0 1 0 0 1 0 0 1 0 0 1 0 0 1 0 0 1 0 0 1 0 0 1 0 0 1 0 0 1 0 0 1 0 0 1 0 0 1 0 0 1 0 0 1 0 0 1 0 0 1 0 0 1 0 0 1 0 0 1 0 0 1 0 0 1 0 0 1 0 0 1 0 0 1 0 0 1 0 0 1 0 0 1 0 0 1 0 0 1 0 0 1 0 0 1 0 0 1 0 0 1 0 0 1 0 0 1 0 0 1 0 0 1 0 0 1 0 0 1 0 0 1 0 0 1 0 0 1 0 0 1 0 0 1 0 0 1 0 0 1 0 0 1 0 0 1 0 0 1 0 0 1 0.9996892 0.02493026 0 0.9996892 0.02493026 0 0.9972037 0.07473106 0 0.9972037 0.07473106 0 0.9922392 0.1243436 0 0.9922392 0.1243436 0 0.9848077 0.1736479 0 0.9848077 0.1736479 0 0.9749281 0.22252 0 0.9749281 0.22252 0 0.9626242 0.2708408 0 0.9479273 0.3184867 0 0.9626242 0.2708408 0 0.9479273 0.3184867 0 0.9308733 0.365342 0 0.9308733 0.365342 0 0.9115057 0.4112875 0 0.9115057 0.4112875 0 0.8898728 0.4562088 0 0.8660248 0.5000011 0 0.8898728 0.4562088 0 0.8660248 0.5000011 0 0.8400257 0.5425467 0 0.8400257 0.5425467 0 0.8119375 0.5837443 0 0.8119375 0.5837443 0 0.7818315 0.6234898 0 0.7818315 0.6234898 0 0.7497817 0.6616852 0 0.7497817 0.6616852 0 0.7158691 0.6982345 0 0.7158691 0.6982345 0 0.6801709 0.7330536 0 0.642786 0.7660458 0 0.6801709 0.7330536 0 0.642786 0.7660458 0 0.6038041 0.7971326 0 0.6038041 0.7971326 0 0.5633223 0.8262373 0 0.5214347 0.8532912 0 0.5633223 0.8262373 0 0.4782546 0.8782212 0 0.5214347 0.8532912 0 0.4782546 0.8782212 0 0.4338816 0.9009699 0 0.4338816 0.9009699 0 0.3884362 0.9214756 0 0.3884362 0.9214756 0 0.3420189 0.9396932 0 0.3420189 0.9396932 0 0.2947563 0.9555725 0 0.2947563 0.9555725 0 0.2467594 0.9690768 0 0.2467594 0.9690768 0 0.1981446 0.9801728 0 0.1981446 0.9801728 0 0.1490399 0.9888312 0 0.1490399 0.9888312 0 0.09956804 0.9950308 0 0.09956804 0.9950308 0 0.04985132 0.9987567 0 0.04985132 0.9987567 0 0 1 0 -0.04985132 0.9987567 0 -0 1 0 -0.04985132 0.9987567 0 -0.09956804 0.9950308 0 -0.09956804 0.9950308 0 -0.1490399 0.9888312 0 -0.1490399 0.9888312 0 -0.1981446 0.9801728 0 -0.1981446 0.9801728 0 -0.2467594 0.9690768 0 -0.2467594 0.9690768 0 -0.2947563 0.9555725 0 -0.2947563 0.9555725 0 -0.3420189 0.9396932 0 -0.3420189 0.9396932 0 -0.3884362 0.9214756 0 -0.3884362 0.9214756 0 -0.4338816 0.9009699 0 -0.4338816 0.9009699 0 -0.4782546 0.8782212 0 -0.4782546 0.8782212 0 -0.5214347 0.8532912 0 -0.5214347 0.8532912 0 -0.5633223 0.8262373 0 -0.5633223 0.8262373 0 -0.6038041 0.7971326 0 -0.6038041 0.7971326 0 -0.642786 0.7660458 0 -0.642786 0.7660458 0 -0.6801709 0.7330536 0 -0.6801709 0.7330536 0 -0.7158691 0.6982345 0 -0.7158691 0.6982345 0 -0.7497817 0.6616852 0 -0.7497817 0.6616852 0 -0.7818315 0.6234898 0 -0.7818315 0.6234898 0 -0.8119375 0.5837443 0 -0.8119375 0.5837443 0 -0.8400257 0.5425467 0 -0.8660248 0.5000011 0 -0.8400257 0.5425467 0 -0.8660248 0.5000011 0 -0.8898728 0.4562088 0 -0.8898728 0.4562088 0 -0.9115057 0.4112875 0 -0.9115057 0.4112875 0 -0.9308733 0.365342 0 -0.9308733 0.365342 0 -0.9479273 0.3184867 0 -0.9479273 0.3184867 0 -0.9626242 0.2708408 0 -0.9626242 0.2708408 0 -0.9749281 0.22252 0 -0.9749281 0.22252 0 -0.9848077 0.1736479 0 -0.9848077 0.1736479 0 -0.9922392 0.1243436 0 -0.9922392 0.1243436 0 -0.9972037 0.07473106 0 -0.9972037 0.07473106 0 -0.9996892 0.02493026 0 -0.9996892 0.02493026 0 -0.9996892 -0.02493026 0 -0.9996892 -0.02493026 -0 -0.9972037 -0.07473106 0 -0.9972037 -0.07473106 -0 -0.9922392 -0.1243436 0 -0.9922392 -0.1243436 -0 -0.9848077 -0.1736479 0 -0.9848077 -0.1736479 -0 -0.9749281 -0.22252 0 -0.9749281 -0.22252 -0 -0.9626242 -0.2708408 0 -0.9626242 -0.2708408 -0 -0.9479273 -0.3184867 0 -0.9479273 -0.3184867 -0 -0.9308733 -0.365342 0 -0.9308733 -0.365342 -0 -0.9115057 -0.4112875 0 -0.9115057 -0.4112875 -0 -0.8898728 -0.4562088 0 -0.8898728 -0.4562088 -0 -0.8660248 -0.5000011 0 -0.8660248 -0.5000011 -0 -0.8400257 -0.5425467 0 -0.8400257 -0.5425467 -0 -0.8119375 -0.5837443 0 -0.8119375 -0.5837443 -0 -0.7818315 -0.6234898 0 -0.7818315 -0.6234898 -0 -0.7497817 -0.6616852 0 -0.7497817 -0.6616852 -0 -0.7158661 -0.6982375 0 -0.7158661 -0.6982375 -0 -0.6801775 -0.7330474 0 -0.6801775 -0.7330474 -0 -0.642786 -0.7660458 0 -0.642786 -0.7660458 -0 -0.6038002 -0.7971356 0 -0.6038002 -0.7971356 -0 -0.5633181 -0.8262401 -0 -0.5633181 -0.8262401 0 -0.5214392 -0.8532885 -0 -0.5214392 -0.8532885 0 -0.4782546 -0.8782212 -0 -0.4782546 -0.8782212 0 -0.4338816 -0.9009699 -0 -0.4338816 -0.9009699 0 -0.3884414 -0.9214734 -0 -0.3884414 -0.9214734 0 -0.3420135 -0.9396951 0 -0.3420135 -0.9396951 -0 -0.2947619 -0.9555708 0 -0.2947619 -0.9555708 -0 -0.2467537 -0.9690782 0 -0.2467537 -0.9690782 -0 -0.1981446 -0.9801728 0 -0.1981446 -0.9801728 -0 -0.1490459 -0.9888303 0 -0.1490459 -0.9888303 -0 -0.09956804 -0.9950308 0 -0.09956804 -0.9950308 -0 -0.04984522 -0.9987569 0 -0.04984522 -0.9987569 -0 -0 -1 0 0 -1 -0 0.04984522 -0.9987569 0 0.04984522 -0.9987569 0 0.09956804 -0.9950308 0 0.09956804 -0.9950308 0 0.1490459 -0.9888303 0 0.1490459 -0.9888303 0 0.1981446 -0.9801728 0 0.1981446 -0.9801728 0 0.2467537 -0.9690782 0 0.2467537 -0.9690782 0 0.2947619 -0.9555708 0 0.2947619 -0.9555708 0 0.3420135 -0.9396951 0 0.3420135 -0.9396951 0 0.3884414 -0.9214734 0 0.3884414 -0.9214734 0 0.4338816 -0.9009699 0 0.4338816 -0.9009699 0 0.4782546 -0.8782212 0 0.4782546 -0.8782212 0 0.5214392 -0.8532885 0 0.5214392 -0.8532885 0 0.5633181 -0.8262401 0 0.5633181 -0.8262401 0 0.6038002 -0.7971356 0 0.6038002 -0.7971356 0 0.642786 -0.7660458 0 0.642786 -0.7660458 0 0.6801775 -0.7330474 0 0.6801775 -0.7330474 0 0.7158661 -0.6982375 0 0.7158661 -0.6982375 0 0.7497817 -0.6616852 0 0.7497817 -0.6616852 0 0.7818315 -0.6234898 0 0.7818315 -0.6234898 0 0.8119375 -0.5837443 0 0.8119375 -0.5837443 0 0.8400257 -0.5425467 0 0.8400257 -0.5425467 0 0.8660248 -0.5000011 0 0.8660248 -0.5000011 0 0.8898728 -0.4562088 0 0.8898728 -0.4562088 0 0.9115057 -0.4112875 0 0.9115057 -0.4112875 0 0.9308733 -0.365342 0 0.9308733 -0.365342 0 0.9479273 -0.3184867 0 0.9479273 -0.3184867 0 0.9626242 -0.2708408 0 0.9626242 -0.2708408 0 0.9749281 -0.22252 0 0.9749281 -0.22252 0 0.9848077 -0.1736479 0 0.9848077 -0.1736479 0 0.9922392 -0.1243436 0 0.9922392 -0.1243436 0 0.9972037 -0.07473106 0 0.9972037 -0.07473106 0 0.9996892 -0.02493026 0 0.9996892 -0.02493026 0 0 0 -1 0 0 -1 0 -0 -1 0 0 -1 0 0 -1 0 0 -1 0 0 -1 0 -0 -1 0 0 -1 0 0 -1 0 -0 -1 0 0 -1 0 0 -1 0 0 -1 0 0 -1 0 -0 -1 0 0 -1 0 0 -1 0 -0 -1 0 0 -1 0 0 -1 0 0 -1 0 0 -1 0 -0 -1 0 0 -1 0 0 -1 0 0 -1 0 -0 -1 0 0 -1 0 0 -1 0 0 -1 0 0 -1 0 -0 -1 0 0 -1 0 0 -1 0 -0 -1 0 0 -1 0 0 -1 0 -0 -1 0 0 -1 0 0 -1 0 0 -1 0 0 -1 0 -0 -1 0 0 -1 0 0 -1 0 -0 -1 0 0 -1 0 0 -1 0 0 -1 0 -0 -1 0 0 -1 0 0 -1 0 0 -1 0 -0 -1 0 0 -1 0 0 -1 0 0 -1 0 -0 -1 0 0 -1 0 0 -1 0 0 -1 0 -0 -1 0 0 -1 0 -0 -1 0 0 -1 0 0 -1 0 0 -1 0 0 -1 0 -0 -1 0 -0 -1 0 0 -1 0 0 -1 0 0 -1 0 0 -1 0 0 -1 0 0 -1 0 -0 -1 0 0 -1 0 0 -1 0 -0 -1 0 -0 -1 0 0 -1 0 0 -1 0 0 -1 0 0 -1 0 0 -1 0 0 -1 0 -0 -1 0 0 -1 0 0 -1 0 0 -1 0 0 -1 0 -0 -1 0 -0 -1 0 0 -1 0 0 -1 0 0 -1 0 0 -1 0 0 -1 0 -0 -1 0 0 -1 0 0 -1 0 0 -1 0 -0 -1 0 0 -1 0 0 -1 0 0 -1 0 0 -1 0 -0 -1 0 0 -1 0 0 -1 0 -0 -1 0 0 -1 0 0 -1 0 0 -1 0 -0 -1 0 0 -1 0 0 -1 0 0 -1 0 -0 -1 0 0 -1 0 0 -1 0 0 -1 0 0 -1 0 0 -1 0 -0 -1 0 0 -1 0 0 -1 0 0 -1 0 0 -1 0 0 -1 0 0 -1 0 0 -1 0 0 -1 0 -0 -1 0 0 -1 0 0 -1 0 0 -1 0 0 -1 0 -0 -1 0 0 -1 0 -0 -1 0 0 -1 0 0 -1 0 0 -1 0 0 -1 0 -0 -1 0 0 -1 0 0 -1 0 -0 -1 0 -0 -1 0 0 -1 0 0 -1 0 0 -1 0 0 -1 0 0 -1 0 0 -1 0 -0 -1 0 0 -1 0 0 -1 0 0 -1 0 -0 -1 0 0 -1 0 0 -1 0 0 -1 0 -0 -1 0 0 -1 0 0 -1 0 0 -1 0 0 -1 0 -0 -1 0 0 -1 0 0 -1 0 0 -1 0 -0 -1 0 -0 -1 0 0 -1 0 0 -1 0 -0 -1 0 0 -1 0 0 -1 0 0 -1 0 0 -1 0 0 -1 0 0 -1 0 0 -1 0 0 -1 0 0 -1 0 -0 -1 0 0 -1 0 0 -1 0 -0 -1 0 0 -1 0 0 -1 0 0 -1 0 0 -1 0 0 -1 0 0 -1 0 0 -1 0 0 -1 0 -0 -1 0 0 -1 0 0 -1 0 -0 -1 0 0 -1 0 0 -1 0 0 -1 0 0 -1 0 -0 -1 0 0 -1 0 0 -1 0 0 -1 0 -0 -1 0 0 -1 0 0 -1 0 -0 -1 0 0 -1 0 0 -1 0 0 -1 0 0 -1 0 -0 -1 0 0 -1 0 0 -1 0 0 -1 0 -0 -1 0 0 -1 0 0 -1 0 -0 -1 0 0 -1 0 0 -1 0 0 -1 0 0 -1 0 -0 -1 0 0 -1 0 0 -1 0 0 -1 0 -0 -1 0 0 -1 0 0 -1 0 -0 -1 0 0 -1 0 0 -1 0 0 -1 0 0 -1 0 -0 -1 0 0 -1 0 0 -1 0 0 -1 0 0 -1 0 -0 -1 0 0 -1 0 0 -1 0 0 -1 0 0 -1 0 0 -1 0 0 -1 0 0 -1 0 0 -1 0 0 -1 0 0 -1 0 0 -1 0 0 -1 0 0 -1 0 0 -1 0 0 -1 0 0 -1 0 0 -1 0 0 -1 0 0 -1 0 0 -1 0 0 -1 0 0 -1 0 0 -1 0 0 -1 0 0 -1 0 0 -1 0 0 -1 0 -0 -1 0 -0 -1 0 -0 -1 0 -0 -1 0 0 -1 0 0 -1 0 0 -1 0 0 -1 0 0 -1 0 0 -1 0 0 -1 0 -0 -1 0 -0 -1 0 -0 -1 0 -0 -1 0 0 -1 0 -0 -1 0 0 -1 0 -0 -1 0 0 -1 0 0 -1 0 0 -1 0 0 -1 0 0 -1 0 0 -1 0 -0 -1 0 0 -1 0 -0 -1 0 -0 -1 0 0 -1 0 0 -1 0 0 -1 0 0 -1 0 -0 -1 0 -0 -1 0 -0 -1 0 -0 -1 0 -0 -1 0 0 -1 0 0 -1 0 -0 -1 0 0 -1 0 0 -1 0 0 -1 0 -0 -1 0 -0 -1 0 0 -1 0 0 -1 0 -0 -1 0 0 -1 0 0 -1 0 0 -1 0 -0 -1 0 -0 -1 0 0 -1 0 0 -1 0 0 -1 0 -0 -1 0 -0 -1 0 -0 -1 0 -0 -1 0 0 -1 0 0 -1 0 -0 -1 -0 -0 -1 -0 -0 -1 -0 -0 -1 -0 -0 -1 0 0 -1 0 0 -1 0 0 -1 0 0 -1 0 0 -1 -0 -0 -1 0 0 -1 0 0 -1 0 0 -1 -0 -0 -1 0 -0 -1 -0 -0 -1 0 0 -1 0 0 -1 -0 -0 -1 -0 -0 -1 -0 -0 -1 -0 -0 -1 0 0 -1 0 0 -1 0 0 -1 0 0 -1 -0 -0 -1 0 -0 -1 0 0 -1 0 -0 -1 0 0 -1 -0 -0 -1 0 0 -1 -0 -0 -1 0.9996892 0.02493019 -0 0.9996892 0.02493019 0 0.9972038 0.07473087 0 0.9922392 0.1243437 0 0.9972038 0.07473087 -0 0.9922392 0.1243437 0 0.9848078 0.1736477 0 0.974928 0.2225208 0 0.9848078 0.1736477 -0 0.9626241 0.2708413 0 0.974928 0.2225208 0 0.9626241 0.2708413 0 0.9479271 0.3184873 0 0.9479271 0.3184873 -0 0.9308742 0.3653401 0 0.9115053 0.4112882 0 0.9308742 0.3653401 -0 0.9115053 0.4112882 0 0.8898727 0.456209 0 0.8898727 0.456209 -0 0.866025 0.5000008 -0 0.866025 0.5000008 0 0.8400263 0.5425459 -0 0.8400263 0.5425459 0 0.811937 0.5837451 -0 0.811937 0.5837451 0 0.7818327 0.6234882 -0 0.7818327 0.6234882 0 0.7497803 0.6616869 0 0.7497803 0.6616869 -0 0.7158667 0.6982369 0 0.7158667 0.6982369 -0 0.6801723 0.7330523 0 0.6801723 0.7330523 -0 0.6427888 0.7660435 0 0.6427888 0.7660435 -0 0.6038049 0.7971321 0 0.6038049 0.7971321 -0 0.5633191 0.8262394 0 0.5214361 0.8532904 0 0.5633191 0.8262394 -0 0.5214361 0.8532904 0 0.4782536 0.8782218 0 0.4338847 0.9009683 0 0.4782536 0.8782218 -0 0.4338847 0.9009683 0 0.3884355 0.9214759 0 0.342016 0.9396941 0 0.3884355 0.9214759 -0 0.342016 0.9396941 0 0.2947583 0.9555718 0 0.2947583 0.9555718 -0 0.246756 0.9690776 0 0.1981459 0.9801725 0 0.246756 0.9690776 -0 0.1490433 0.9888307 0 0.1981459 0.9801725 0 0.1490433 0.9888307 0 0.09956783 0.9950308 0 0.0498437 0.9987571 0 0.09956783 0.9950308 -0 0.0498437 0.9987571 0 0 1 0 -0.0498437 0.9987571 0 0 1 -0 -0.0498437 0.9987571 0 -0.09956783 0.9950308 0 -0.1490433 0.9888307 0 -0.09956783 0.9950308 0 -0.1490433 0.9888307 0 -0.1981459 0.9801725 0 -0.1981459 0.9801725 0 -0.246756 0.9690776 0 -0.246756 0.9690776 0 -0.2947583 0.9555718 0 -0.2947583 0.9555718 0 -0.342016 0.9396941 0 -0.342016 0.9396941 0 -0.3884355 0.9214759 0 -0.3884355 0.9214759 0 -0.4338847 0.9009683 0 -0.4338847 0.9009683 0 -0.4782536 0.8782218 0 -0.4782536 0.8782218 0 -0.5214361 0.8532904 0 -0.5214361 0.8532904 0 -0.5633191 0.8262394 0 -0.5633191 0.8262394 0 -0.6038049 0.7971321 0 -0.6038049 0.7971321 0 -0.6427888 0.7660435 0 -0.6427888 0.7660435 0 -0.6801723 0.7330523 0 -0.6801723 0.7330523 0 -0.7158667 0.6982369 0 -0.7158667 0.6982369 0 -0.7497803 0.6616869 0 -0.7497803 0.6616869 0 -0.7818327 0.6234882 0 -0.7818327 0.6234882 0 -0.811937 0.5837451 0 -0.811937 0.5837451 0 -0.8400263 0.5425459 0 -0.8400263 0.5425459 0 -0.866025 0.5000008 0 -0.866025 0.5000008 0 -0.8898727 0.456209 0 -0.8898727 0.456209 0 -0.9115053 0.4112882 0 -0.9115053 0.4112882 0 -0.9308742 0.3653401 0 -0.9308742 0.3653401 0 -0.9479271 0.3184873 0 -0.9479271 0.3184873 0 -0.9626241 0.2708413 0 -0.9626241 0.2708413 0 -0.974928 0.2225208 0 -0.974928 0.2225208 0 -0.9848078 0.1736477 0 -0.9848078 0.1736477 0 -0.9922392 0.1243437 0 -0.9922392 0.1243437 0 -0.9972038 0.07473087 0 -0.9972038 0.07473087 0 -0.9996892 0.02493019 0 -0.9996892 0.02493019 0 -0.9996892 -0.02493019 0 -0.9996892 -0.02493019 0 -0.9972038 -0.07473087 0 -0.9972038 -0.07473087 0 -0.9922392 -0.1243437 0 -0.9922392 -0.1243437 0 -0.9848078 -0.1736477 0 -0.9848078 -0.1736477 0 -0.974928 -0.2225208 0 -0.974928 -0.2225208 0 -0.9626241 -0.2708413 0 -0.9626241 -0.2708413 0 -0.9479271 -0.3184873 0 -0.9479271 -0.3184873 0 -0.9308742 -0.3653401 0 -0.9308742 -0.3653401 0 -0.9115053 -0.4112882 0 -0.9115053 -0.4112882 0 -0.8898727 -0.456209 0 -0.8898727 -0.456209 0 -0.866025 -0.5000008 0 -0.866025 -0.5000008 0 -0.8400263 -0.5425459 0 -0.8400263 -0.5425459 0 -0.8119386 -0.5837429 0 -0.8119386 -0.5837429 0 -0.781829 -0.6234929 0 -0.781829 -0.6234929 0 -0.7497845 -0.6616822 0 -0.7497845 -0.6616822 0 -0.7158667 -0.6982369 0 -0.7158667 -0.6982369 0 -0.6801697 -0.7330547 0 -0.6801697 -0.7330547 0 -0.642786 -0.7660458 0 -0.642786 -0.7660458 0 -0.6038049 -0.7971321 0 -0.6038049 -0.7971321 0 -0.5633224 -0.8262372 0 -0.5633224 -0.8262372 0 -0.5214361 -0.8532904 0 -0.5214361 -0.8532904 0 -0.4782499 -0.8782238 0 -0.4782499 -0.8782238 0 -0.4338847 -0.9009683 0 -0.4338847 -0.9009683 0 -0.3884396 -0.9214742 0 -0.3884396 -0.9214742 0 -0.3420202 -0.9396926 0 -0.3420202 -0.9396926 0 -0.2947496 -0.9555745 0 -0.2947496 -0.9555745 0 -0.2467605 -0.9690765 0 -0.2467605 -0.9690765 0 -0.1981505 -0.9801716 0 -0.1981505 -0.9801716 0 -0.149034 -0.9888321 0 -0.149034 -0.9888321 0 -0.09957256 -0.9950303 0 -0.09957256 -0.9950303 0 -0.0498437 -0.9987571 -0 -0.0498437 -0.9987571 0 0 -1 0 0 -1 0 0.0498437 -0.9987571 0 0.0498437 -0.9987571 0 0.09957256 -0.9950303 0 0.09957256 -0.9950303 0 0.149034 -0.9888321 0 0.149034 -0.9888321 0 0.2467605 -0.9690765 0 0.1981505 -0.9801716 0 0.1981505 -0.9801716 0 0.2467605 -0.9690765 0 0.2947496 -0.9555745 0 0.2947496 -0.9555745 0 0.3420202 -0.9396926 0 0.3420202 -0.9396926 0 0.3884396 -0.9214742 0 0.4338847 -0.9009683 0 0.3884396 -0.9214742 0 0.4338847 -0.9009683 0 0.4782499 -0.8782238 0 0.4782499 -0.8782238 0 0.5214361 -0.8532904 0 0.5214361 -0.8532904 0 0.5633224 -0.8262372 0 0.6038049 -0.7971321 0 0.5633224 -0.8262372 0 0.6038049 -0.7971321 0 0.642786 -0.7660458 0 0.6801697 -0.7330547 0 0.642786 -0.7660458 0 0.6801697 -0.7330547 0 0.7158667 -0.6982369 0 0.7158667 -0.6982369 0 0.7497845 -0.6616822 0 0.7497845 -0.6616822 0 0.781829 -0.6234929 0 0.781829 -0.6234929 0 0.8119386 -0.5837429 0 0.8119386 -0.5837429 0 0.8400263 -0.5425459 0 0.8400263 -0.5425459 0 0.866025 -0.5000008 0 0.866025 -0.5000008 0 0.8898727 -0.456209 0 0.8898727 -0.456209 0 0.9115053 -0.4112882 0 0.9115053 -0.4112882 0 0.9308742 -0.3653401 0 0.9308742 -0.3653401 0 0.9479271 -0.3184873 0 0.9479271 -0.3184873 0 0.9626241 -0.2708413 0 0.9626241 -0.2708413 0 0.974928 -0.2225208 0 0.974928 -0.2225208 0 0.9848078 -0.1736477 0 0.9848078 -0.1736477 0 0.9922392 -0.1243437 0 0.9922392 -0.1243437 0 0.9972038 -0.07473087 0 0.9972038 -0.07473087 0 0.9996892 -0.02493019 0 0.9996892 -0.02493019 0 0 0 1 0 0 1 0 0 1 0 0 1 0 0 1 0 0 1 0 0 1 0 0 1 0 0 1 0 0 1 0 0 1 0 0 1 0 0 1 0 0 1 0 0 1 0 0 1 0 0 1 0 0 1 0 0 1 0 0 1 0 0 1 0 0 1 0 0 1 0 0 1 0 0 1 0 0 1 0 0 1 0 0 1 0 0 1 0 0 1 0 0 1 0 0 1 0 0 1 0 0 1 0 0 1 0 0 1 0 0 1 0 0 1 0 0 1 0 0 1 0 0 1 0 0 1 0 0 1 0 0 1 0 0 1 0 0 1 0 0 1 0 0 1 0 0 1 0 0 1 0 0 1 0 0 1 0 0 1 0 0 1 0 0 1 0 0 1 0 0 1 0 0 1 0 0 1 0 0 1 0 0 1 0 0 1 0 0 1 0 0 1 0 0 1 0 0 1 0 0 1 0 0 1 0 0 1 0 0 1 0 0 1 0 0 1 0 0 1 0 0 1 0 0 1 0 0 1 0 0 1 0 0 1 0 0 1 0 0 1 0 0 1 0 0 1 0 0 1 0 0 1 0 0 1 0 0 1 0 0 1 0 0 1 0 0 1 0 0 1 0 0 1 0 0 1 0 0 1 0 0 1 0 0 1 0 0 1 0 0 1 0 0 1 0 0 1 0 0 1 0 0 1 0 0 1 0 0 1 0 0 1 0 0 1 0 0 1 0 0 1 0 0 1 0 0 1 0 0 1 0 0 1 0 0 1 0 0 1 0 0 1 0 0 1 0 0 1 0 0 1 0 0 1 0 0 1 0 0 1 0 0 1 0 0 1 0 0 1 0 0 1 0 0 1 0 0 1 0 0 1 0 0 1 0 0 1 0 0 1 0 0 1 0 0 1 0 0 1 0 0 1 0 0 1 0 0 1 0 0 1 0 0 1 0 0 1 0 0 1 0 0 1 0 0 1 0 0 1 0 0 1 0 0 1 0 0 1 0 0 1 0 0 1 0 0 1 0 0 1 0 0 1 0 0 1 0 0 1 0 0 1 0 0 1 0 0 1 0 0 1 0 0 1 0 0 1 0 0 1 0 0 1 0 0 1 0 0 1 0 0 1 0 0 1 0 0 1 0 0 1 0 0 1 0 0 1 0 0 1 0 0 1 0 0 1 0 0 1 0 0 1 0 0 1 0 0 1 0 0 1 0 0 1 0 0 1 0 0 1 0 0 1 0 0 1 0 0 1 0 0 1 0 0 1 0 0 1 0 0 1 0 0 1 0 0 1 0 0 1 0 0 1 0 0 1 0 0 1 0 0 1 0 0 1 0 0 1 0 0 1 0 0 1 0 0 1 0 0 1 0 0 1 0 0 1 0 0 1 0 0 1 0 0 1 0 0 1 0 0 1 0 0 1 0 0 1 0 0 1 0 0 1 0 0 1 0 0 1 0 0 1 0 0 1 0 0 1 0 0 1 0 0 1 0 0 1 0 0 1 0 0 1 0 0 1 0 0 1 0 0 1 0 0 1 0 0 1 0 0 1 0 0 1 0 0 1 0 0 1 0 0 1 0 0 1 0 0 1 0 0 1 0 0 1 0 0 1 0 0 1 0 0 1 0 0 1 0 0 1 0 0 1 0 0 1 0 0 1 0 0 1 0 0 1 0 0 1 0 0 1 0 0 1 0 0 1 0 0 1 0 0 1 0 0 1 0.9996892 0.02493036 -0 0.9996892 0.02493036 0 0.9972037 0.07473079 0 0.9922392 0.1243432 0 0.9972037 0.07473079 -0 0.9922392 0.1243432 0 0.9848078 0.1736478 0 0.9749278 0.2225214 0 0.9848078 0.1736478 -0 0.9626238 0.2708417 0 0.9749278 0.2225214 0 0.9626238 0.2708417 0 0.9479277 0.3184856 0 0.9479277 0.3184856 -0 0.9308739 0.3653406 0 0.9308739 0.3653406 -0 0.9115053 0.4112881 0 0.9115053 0.4112881 -0 0.8898715 0.4562112 0 0.8898715 0.4562112 -0 0.8660259 0.4999991 -0 0.8660259 0.4999991 0 0.8400257 0.5425465 -0 0.8400257 0.5425465 0 0.8119387 0.5837427 -0 0.8119387 0.5837427 0 0.7818303 0.6234914 -0 0.7818303 0.6234914 0 0.7497813 0.6616858 0 0.7497813 0.6616858 -0 0.7158678 0.6982359 0 0.7158678 0.6982359 -0 0.6801714 0.733053 0 0.6801714 0.733053 -0 0.6427878 0.7660443 0 0.6427878 0.7660443 -0 0.6038061 0.7971313 0 0.6038061 0.7971313 -0 0.563318 0.8262402 0 0.563318 0.8262402 -0 0.5214378 0.8532893 0 0.5214378 0.8532893 -0 0.4782529 0.8782222 0 0.4782529 0.8782222 -0 0.4338842 0.9009687 0 0.3884344 0.9214764 0 0.4338842 0.9009687 -0 0.3884344 0.9214764 0 0.3420191 0.939693 0 0.3420191 0.939693 -0 0.294759 0.9555717 0 0.294759 0.9555717 -0 0.2467558 0.9690777 0 0.1981454 0.9801726 0 0.2467558 0.9690777 -0 0.1981454 0.9801726 0 0.1490443 0.9888305 0 0.1490443 0.9888305 -0 0.09956342 0.9950312 0 0.09956342 0.9950312 -0 0.04985027 0.9987567 0 0 1 0 0.04985027 0.9987567 -0 0 1 0 -0.04985027 0.9987567 0 -0.09956342 0.9950312 0 -0.04985027 0.9987567 0 -0.09956342 0.9950312 0 -0.1490443 0.9888305 0 -0.1981454 0.9801726 0 -0.1490443 0.9888305 0 -0.1981454 0.9801726 0 -0.2467558 0.9690777 0 -0.2467558 0.9690777 0 -0.294759 0.9555717 0 -0.294759 0.9555717 0 -0.3420191 0.939693 0 -0.3420191 0.939693 0 -0.3884344 0.9214764 0 -0.3884344 0.9214764 0 -0.4338842 0.9009687 0 -0.4338842 0.9009687 0 -0.4782529 0.8782222 0 -0.4782529 0.8782222 0 -0.5214378 0.8532893 0 -0.5214378 0.8532893 0 -0.563318 0.8262402 0 -0.563318 0.8262402 0 -0.6038061 0.7971313 0 -0.6038061 0.7971313 0 -0.6427878 0.7660443 0 -0.6427878 0.7660443 0 -0.6801714 0.733053 0 -0.6801714 0.733053 0 -0.7158678 0.6982359 0 -0.7158678 0.6982359 0 -0.7497813 0.6616858 0 -0.7497813 0.6616858 0 -0.7818303 0.6234914 0 -0.7818303 0.6234914 0 -0.8119387 0.5837427 0 -0.8119387 0.5837427 0 -0.8400257 0.5425465 0 -0.8400257 0.5425465 0 -0.8660259 0.4999991 0 -0.8898715 0.4562112 0 -0.8660259 0.4999991 0 -0.8898715 0.4562112 0 -0.9115053 0.4112881 0 -0.9115053 0.4112881 0 -0.9308739 0.3653406 0 -0.9308739 0.3653406 0 -0.9479277 0.3184856 0 -0.9479277 0.3184856 0 -0.9626238 0.2708417 0 -0.9626238 0.2708417 0 -0.9749278 0.2225214 0 -0.9749278 0.2225214 0 -0.9848078 0.1736478 0 -0.9848078 0.1736478 0 -0.9922392 0.1243432 0 -0.9922392 0.1243432 0 -0.9972037 0.07473079 0 -0.9972037 0.07473079 0 -0.9996892 0.02493036 0 -0.9996892 0.02493036 0 -0.9996892 -0.02493036 -0 -0.9996892 -0.02493036 0 -0.9972037 -0.07473079 0 -0.9972037 -0.07473079 0 -0.9922392 -0.1243432 0 -0.9922392 -0.1243432 0 -0.9848078 -0.1736478 0 -0.9848078 -0.1736478 0 -0.9749278 -0.2225214 0 -0.9749278 -0.2225214 0 -0.9626238 -0.2708417 0 -0.9626238 -0.2708417 0 -0.9479277 -0.3184856 0 -0.9479277 -0.3184856 0 -0.9308739 -0.3653406 0 -0.9308739 -0.3653406 0 -0.9115053 -0.4112881 -0 -0.9115053 -0.4112881 0 -0.8898715 -0.4562112 0 -0.8898715 -0.4562112 0 -0.8660259 -0.4999991 -0 -0.8660259 -0.4999991 0 -0.8400257 -0.5425465 0 -0.8400257 -0.5425465 0 -0.8119387 -0.5837427 0 -0.8119387 -0.5837427 0 -0.7818303 -0.6234914 -0 -0.7818303 -0.6234914 0 -0.7497813 -0.6616858 0 -0.7497813 -0.6616858 0 -0.7158653 -0.6982385 -0 -0.7158653 -0.6982385 0 -0.6801743 -0.7330504 0 -0.6801743 -0.7330504 0 -0.6427878 -0.7660443 0 -0.6427878 -0.7660443 0 -0.6038061 -0.7971313 0 -0.6038061 -0.7971313 0 -0.563318 -0.8262402 -0 -0.563318 -0.8262402 0 -0.5214339 -0.8532917 0 -0.5214339 -0.8532917 0 -0.478261 -0.8782178 0 -0.478261 -0.8782178 0 -0.4338799 -0.9009708 0 -0.4338799 -0.9009708 0 -0.3884389 -0.9214745 0 -0.3884389 -0.9214745 0 -0.3420191 -0.939693 -0 -0.3420191 -0.939693 0 -0.2947542 -0.9555731 0 -0.2947542 -0.9555731 0 -0.2467509 -0.969079 -0 -0.2467509 -0.969079 0 -0.1981454 -0.9801726 0 -0.1981454 -0.9801726 0 -0.1490443 -0.9888305 -0 -0.1490443 -0.9888305 0 -0.09957387 -0.9950302 0 -0.09957387 -0.9950302 0 -0.04983975 -0.9987572 -0 -0.04983975 -0.9987572 0 0 -1 0 0 -1 0 0.04983975 -0.9987572 0 0.04983975 -0.9987572 0 0.09957387 -0.9950302 0 0.09957387 -0.9950302 0 0.1490443 -0.9888305 0 0.1490443 -0.9888305 0 0.1981454 -0.9801726 0 0.1981454 -0.9801726 0 0.2467509 -0.969079 0 0.2467509 -0.969079 0 0.2947542 -0.9555731 0 0.2947542 -0.9555731 0 0.3420191 -0.939693 0 0.3420191 -0.939693 0 0.3884389 -0.9214745 0 0.3884389 -0.9214745 0 0.4338799 -0.9009708 0 0.4338799 -0.9009708 0 0.478261 -0.8782178 0 0.478261 -0.8782178 0 0.5214339 -0.8532917 0 0.5214339 -0.8532917 0 0.563318 -0.8262402 0 0.563318 -0.8262402 0 0.6038061 -0.7971313 0 0.6038061 -0.7971313 0 0.6427878 -0.7660443 0 0.6427878 -0.7660443 0 0.6801743 -0.7330504 0 0.6801743 -0.7330504 0 0.7158653 -0.6982385 0 0.7158653 -0.6982385 0 0.7497813 -0.6616858 0 0.7497813 -0.6616858 0 0.7818303 -0.6234914 0 0.7818303 -0.6234914 0 0.8119387 -0.5837427 0 0.8119387 -0.5837427 0 0.8400257 -0.5425465 0 0.8400257 -0.5425465 0 0.8660259 -0.4999991 0 0.8660259 -0.4999991 0 0.8898715 -0.4562112 0 0.8898715 -0.4562112 0 0.9115053 -0.4112881 0 0.9115053 -0.4112881 0 0.9308739 -0.3653406 0 0.9308739 -0.3653406 0 0.9479277 -0.3184856 0 0.9479277 -0.3184856 0 0.9626238 -0.2708417 0 0.9626238 -0.2708417 0 0.9749278 -0.2225214 0 0.9749278 -0.2225214 0 0.9848078 -0.1736478 0 0.9848078 -0.1736478 0 0.9922392 -0.1243432 0 0.9922392 -0.1243432 0 0.9972037 -0.07473079 0 0.9972037 -0.07473079 0 0.9996892 -0.02493036 0 0.9996892 -0.02493036 0 0 0 1 0 0 1 0 0 1 0 0 1 0 0 1 0 0 1 0 0 1 0 0 1 0 0 1 0 0 1 0 0 1 0 0 1 0 0 1 0 0 1 0 0 1 0 0 1 0 0 1 0 0 1 0 0 1 0 0 1 0 0 1 0 0 1 0 0 1 0 0 1 0 0 1 0 0 1 0 0 1 0 0 1 0 0 1 0 0 1 0 0 1 0 0 1 0 0 1 0 0 1 0 0 1 0 0 1 0 0 1 0 0 1 0 0 1 0 0 1 0 0 1 0 0 1 0 0 1 0 0 1 0 0 1 0 0 1 0 0 1 0 0 1 0 0 1 0 0 1 0 0 1 0 0 1 0 0 1 0 0 1 0 0 1 0 0 1 0 0 1 0 0 1 0 0 1 0 0 1 0 0 1 0 0 1 0 0 1 0 0 1 0 0 1 0 0 1 0 0 1 0 0 1 0 0 1 0 0 1 0 0 1 0 0 1 0 0 1 0 0 1 0 0 1 0 0 1 0 0 1 0 0 1 0 0 1 0 0 1 0 0 1 0 0 1 0 0 1 0 0 1 0 0 1 0 0 1 0 0 1 0 0 1 0 0 1 0 0 1 0 0 1 0 0 1 0 0 1 0 0 1 0 0 1 0 0 1 0 0 1 0 0 1 0 0 1 0 0 1 0 0 1 0 0 1 0 0 1 0 0 1 0 0 1 0 0 1 0 0 1 0 0 1 0 0 1 0 0 1 0 0 1 0 0 1 0 0 1 0 0 1 0 0 1 0 0 1 0 0 1 0 0 1 0 0 1 0 0 1 0 0 1 0 0 1 0 0 1 0 0 1 0 0 1 0 0 1 0 0 1 0 0 1 0 0 1 0 0 1 0 0 1 0 0 1 0 0 1 0 0 1 0 0 1 0 0 1 0 0 1 0 0 1 0 0 1 0 0 1 0 0 1 0 0 1 0 0 1 0 0 1 0 0 1 0 0 1 0 0 1 0 0 1 0 0 1 0 0 1 0 0 1 0 0 1 0 0 1 0 0 1 0 0 1 0 0 1 0 0 1 0 0 1 0 0 1 0 0 1 0 0 1 0 0 1 0 0 1 0 0 1 0 0 1 0 0 1 0 0 1 0 0 1 0 0 1 0 0 1 0 0 1 0 0 1 0 0 1 0 0 1 0 0 1 0 0 1 0 0 1 0 0 1 0 0 1 0 0 1 0 0 1 0 0 1 0 0 1 0 0 1 0 0 1 0 0 1 0 0 1 0 0 1 0 0 1 0 0 1 0 0 1 0 0 1 0 0 1 0 0 1 0 0 1 0 0 1 0 0 1 0 0 1 0 0 1 0 0 1 0 0 1 0 0 1 0 0 1 0 0 1 0 0 1 0 0 1 0 0 1 0 0 1 0 0 1 0 0 1 0 0 1 0 0 1 0 0 1 0 0 1 0 0 1 0 0 1 0 0 1 0 0 1 0 0 1 0 0 1 0 0 1 0 0 1 0 0 1 0 0 1 0 0 1 0 0 1 0 0 1 0 0 1 0 0 1 0 0 1 0 0 1 0 0 1 0 0 1 0 0 1 0 0 1 0 0 1 0 0 1 0 0 1 0 0 1 0 0 1 0 0 1 0 0 1 0 0 1 0 0 1 0 0 1 0 0 1 0 0 1 0 0 1 0 0 1 0 0 1 0 0 1 0 0 1 0.9996892 0.02493026 -0 0.9996892 0.02493026 0 0.9972037 0.07473106 0 0.9972037 0.07473106 -0 0.9922392 0.1243436 0 0.9922392 0.1243436 -0 0.9848078 0.173648 0 0.9848078 0.173648 -0 0.9749281 0.22252 0 0.9749281 0.22252 -0 0.9626242 0.2708408 0 0.9479273 0.3184867 0 0.9626242 0.2708408 -0 0.9479273 0.3184867 0 0.9308734 0.365342 0 0.9308734 0.365342 -0 0.9115057 0.4112875 0 0.8898728 0.4562088 0 0.9115057 0.4112875 -0 0.8898728 0.4562088 0 0.8660247 0.5000011 -0 0.8660247 0.5000011 0 0.8400257 0.5425467 0 0.8400257 0.5425467 0 0.8119375 0.5837443 -0 0.8119375 0.5837443 0 0.7818315 0.6234898 0 0.7818315 0.6234898 0 0.7497817 0.6616852 0 0.7497817 0.6616852 0 0.7158691 0.6982345 -0 0.7158691 0.6982345 0 0.6801709 0.7330536 0 0.6801709 0.7330536 -0 0.642786 0.7660457 0 0.6038042 0.7971327 0 0.642786 0.7660457 -0 0.5633223 0.8262373 0 0.6038042 0.7971327 0 0.5633223 0.8262373 0 0.5214347 0.8532912 0 0.4782546 0.8782212 0 0.5214347 0.8532912 -0 0.4782546 0.8782212 0 0.4338816 0.9009699 0 0.3884362 0.9214756 0 0.4338816 0.9009699 -0 0.3884362 0.9214756 0 0.3420188 0.9396931 0 0.2947563 0.9555724 0 0.3420188 0.9396931 -0 0.2947563 0.9555724 0 0.2467594 0.9690768 0 0.2467594 0.9690768 -0 0.1981446 0.9801728 0 0.1490399 0.9888312 0 0.1981446 0.9801728 -0 0.1490399 0.9888312 0 0.09956804 0.9950308 0 0.04985132 0.9987566 0 0.09956804 0.9950308 -0 0.04985132 0.9987566 0 0 1 0 -0.04985132 0.9987566 0 0 1 -0 -0.04985132 0.9987566 0 -0.09956804 0.9950308 0 -0.1490399 0.9888312 0 -0.09956804 0.9950308 0 -0.1490399 0.9888312 0 -0.1981446 0.9801728 0 -0.1981446 0.9801728 0 -0.2467594 0.9690768 0 -0.2467594 0.9690768 0 -0.2947563 0.9555724 0 -0.2947563 0.9555724 0 -0.3420188 0.9396931 0 -0.3420188 0.9396931 0 -0.3884362 0.9214756 0 -0.3884362 0.9214756 0 -0.4338816 0.9009699 0 -0.4338816 0.9009699 0 -0.4782546 0.8782212 0 -0.4782546 0.8782212 0 -0.5214347 0.8532912 0 -0.5214347 0.8532912 0 -0.5633223 0.8262373 0 -0.5633223 0.8262373 0 -0.6038042 0.7971327 0 -0.6038042 0.7971327 0 -0.642786 0.7660457 0 -0.642786 0.7660457 0 -0.6801709 0.7330536 0 -0.6801709 0.7330536 0 -0.7158691 0.6982345 0 -0.7158691 0.6982345 0 -0.7497817 0.6616852 0 -0.7497817 0.6616852 0 -0.7818315 0.6234898 0 -0.7818315 0.6234898 0 -0.8119375 0.5837443 0 -0.8119375 0.5837443 0 -0.8400257 0.5425467 0 -0.8400257 0.5425467 0 -0.8660247 0.5000011 0 -0.8660247 0.5000011 0 -0.8898728 0.4562088 0 -0.8898728 0.4562088 0 -0.9115057 0.4112875 0 -0.9115057 0.4112875 0 -0.9308734 0.365342 0 -0.9308734 0.365342 0 -0.9479273 0.3184867 0 -0.9626242 0.2708408 0 -0.9479273 0.3184867 0 -0.9626242 0.2708408 0 -0.9749281 0.22252 0 -0.9749281 0.22252 0 -0.9848078 0.173648 0 -0.9848078 0.173648 0 -0.9922392 0.1243436 0 -0.9922392 0.1243436 0 -0.9972037 0.07473106 0 -0.9972037 0.07473106 0 -0.9996892 0.02493026 0 -0.9996892 0.02493026 0 -0.9996892 -0.02493026 0 -0.9996892 -0.02493026 0 -0.9972037 -0.07473106 0 -0.9972037 -0.07473106 0 -0.9922392 -0.1243436 0 -0.9922392 -0.1243436 0 -0.9848078 -0.173648 0 -0.9848078 -0.173648 0 -0.9749281 -0.22252 0 -0.9749281 -0.22252 0 -0.9626242 -0.2708408 0 -0.9626242 -0.2708408 0 -0.9479273 -0.3184867 0 -0.9479273 -0.3184867 0 -0.9308734 -0.365342 0 -0.9308734 -0.365342 0 -0.9115057 -0.4112875 0 -0.9115057 -0.4112875 0 -0.8898728 -0.4562088 0 -0.8898728 -0.4562088 0 -0.8660247 -0.5000011 0 -0.8660247 -0.5000011 0 -0.8400257 -0.5425467 0 -0.8400257 -0.5425467 0 -0.8119375 -0.5837443 0 -0.8119375 -0.5837443 0 -0.7818315 -0.6234898 0 -0.7818315 -0.6234898 0 -0.7497817 -0.6616852 0 -0.7497817 -0.6616852 0 -0.7158661 -0.6982375 0 -0.7158661 -0.6982375 0 -0.6801776 -0.7330475 0 -0.6801776 -0.7330475 0 -0.642786 -0.7660457 0 -0.642786 -0.7660457 0 -0.6038002 -0.7971356 0 -0.6038002 -0.7971356 0 -0.5633181 -0.8262401 0 -0.5633181 -0.8262401 0 -0.5214391 -0.8532885 0 -0.5214391 -0.8532885 0 -0.4782546 -0.8782212 0 -0.4782546 -0.8782212 0 -0.4338816 -0.9009699 0 -0.4338816 -0.9009699 0 -0.3884414 -0.9214734 0 -0.3884414 -0.9214734 0 -0.3420134 -0.9396951 0 -0.3420134 -0.9396951 0 -0.2947619 -0.9555708 0 -0.2947619 -0.9555708 0 -0.2467537 -0.9690782 0 -0.2467537 -0.9690782 0 -0.1981446 -0.9801728 -0 -0.1981446 -0.9801728 0 -0.1490459 -0.9888303 0 -0.1490459 -0.9888303 0 -0.09956804 -0.9950308 0 -0.09956804 -0.9950308 0 -0.04984521 -0.9987569 0 -0.04984521 -0.9987569 0 0 -1 0 0 -1 0 0.04984521 -0.9987569 0 0.04984521 -0.9987569 0 0.09956804 -0.9950308 0 0.09956804 -0.9950308 0 0.1490459 -0.9888303 0 0.1490459 -0.9888303 0 0.1981446 -0.9801728 0 0.1981446 -0.9801728 0 0.2467537 -0.9690782 0 0.2947619 -0.9555708 0 0.2467537 -0.9690782 0 0.2947619 -0.9555708 0 0.3420134 -0.9396951 0 0.3884414 -0.9214734 0 0.3420134 -0.9396951 0 0.4338816 -0.9009699 0 0.3884414 -0.9214734 0 0.4338816 -0.9009699 0 0.4782546 -0.8782212 0 0.5214391 -0.8532885 0 0.4782546 -0.8782212 0 0.5633181 -0.8262401 0 0.5214391 -0.8532885 0 0.5633181 -0.8262401 0 0.6038002 -0.7971356 0 0.6038002 -0.7971356 0 0.642786 -0.7660457 0 0.6801776 -0.7330475 0 0.642786 -0.7660457 0 0.7158661 -0.6982375 0 0.6801776 -0.7330475 0 0.7158661 -0.6982375 0 0.7497817 -0.6616852 0 0.7497817 -0.6616852 0 0.7818315 -0.6234898 0 0.7818315 -0.6234898 0 0.8119375 -0.5837443 0 0.8119375 -0.5837443 0 0.8400257 -0.5425467 0 0.8400257 -0.5425467 0 0.8660247 -0.5000011 0 0.8660247 -0.5000011 0 0.8898728 -0.4562088 0 0.9115057 -0.4112875 0 0.8898728 -0.4562088 0 0.9308734 -0.365342 0 0.9115057 -0.4112875 0 0.9308734 -0.365342 0 0.9479273 -0.3184867 0 0.9626242 -0.2708408 0 0.9479273 -0.3184867 0 0.9749281 -0.22252 0 0.9626242 -0.2708408 0 0.9749281 -0.22252 0 0.9848078 -0.173648 0 0.9848078 -0.173648 0 0.9922392 -0.1243436 0 0.9922392 -0.1243436 0 0.9972037 -0.07473106 0 0.9972037 -0.07473106 0 0.9996892 -0.02493026 0 0.9996892 -0.02493026 0 0 0 1 0 0 1 0 0 1 0 0 1 0 0 1 0 0 1 0 0 1 0 0 1 0 0 1 0 0 1 0 0 1 0 0 1 0 0 1 0 0 1 0 0 1 0 0 1 0 0 1 0 0 1 0 0 1 0 0 1 0 0 1 0 0 1 0 0 1 0 0 1 0 0 1 0 0 1 0 0 1 0 0 1 0 0 1 0 0 1 0 0 1 0 0 1 0 0 1 0 0 1 0 0 1 0 0 1 0 0 1 0 0 1 0 0 1 0 0 1 0 0 1 0 0 1 0 0 1 0 0 1 0 0 1 0 0 1 0 0 1 0 0 1 0 0 1 0 0 1 0 0 1 0 0 1 0 0 1 0 0 1 0 0 1 0 0 1 0 0 1 0 0 1 0 0 1 0 0 1 0 0 1 0 0 1 0 0 1 0 0 1 0 0 1 0 0 1 0 0 1 0 0 1 0 0 1 0 0 1 0 0 1 0 0 1 0 0 1 0 0 1 0 0 1 0 0 1 0 0 1 0 0 1 0 0 1 0 0 1 0 0 1 0 0 1 0 0 1 0 0 1 0 0 1 0 0 1 0 0 1 0 0 1 0 0 1 0 0 1 0 0 1 0 0 1 0 0 1 0 0 1 0 0 1 0 0 1 0 0 1 0 0 1 0 0 1 0 0 1 0 0 1 0 0 1 0 0 1 0 0 1 0 0 1 0 0 1 0 0 1 0 0 1 0 0 1 0 0 1 0 0 1 0 0 1 0 0 1 0 0 1 0 0 1 0 0 1 0 0 1 0 0 1 0 0 1 0 0 1 0 0 1 0 0 1 0 0 1 0 0 1 0 0 1 0 0 1 0 0 1 0 0 1 0 0 1 0 0 1 0 0 1 0 0 1 0 0 1 0 0 1 0 0 1 0 0 1 0 0 1 0 0 1 0 0 1 0 0 1 0 0 1 0 0 1 0 0 1 0 0 1 0 0 1 0 0 1 0 0 1 0 0 1 0 0 1 0 0 1 0 0 1 0 0 1 0 0 1 0 0 1 0 0 1 0 0 1 0 0 1 0 0 1 0 0 1 0 0 1 0 0 1 0 0 1 0 0 1 0 0 1 0 0 1 0 0 1 0 0 1 0 0 1 0 0 1 0 0 1 0 0 1 0 0 1 0 0 1 0 0 1 0 0 1 0 0 1 0 0 1 0 0 1 0 0 1 0 0 1 0 0 1 0 0 1 0 0 1 0 0 1 0 0 1 0 0 1 0 0 1 0 0 1 0 0 1 0 0 1 0 0 1 0 0 1 0 0 1 0 0 1 0 0 1 0 0 1 0 0 1 0 0 1 0 0 1 0 0 1 0 0 1 0 0 1 0 0 1 0 0 1 0 0 1 0 0 1 0 0 1 0 0 1 0 0 1 0 0 1 0 0 1 0 0 1 0 0 1 0 0 1 0 0 1 0 0 1 0 0 1 0 0 1 0 0 1 0 0 1 0 0 1 0 0 1 0 0 1 0 0 1 0 0 1 0 0 1 0 0 1 0 0 1 0 0 1 0 0 1 0 0 1 0 0 1 0 0 1 0 0 1 0 0 1 0 0 1 0 0 1 0 0 1 0 0 1 0 0 1 0 0 1 0 0 1 0 0 1 0 0 1 0 0 1 0 0 1 0 0 1 0 0 1 0 0 1 0 0 1 0 0 1 0 0 1 -0.9996892 -0.02493042 0 -0.9996892 -0.02493042 0 -0.9972039 -0.07472923 0 -0.9922391 -0.1243446 0 -0.9972039 -0.07472923 0 -0.9922391 -0.1243446 0 -0.9848078 -0.1736476 0 -0.9848078 -0.1736476 0 -0.9749282 -0.2225195 0 -0.9749282 -0.2225195 0 -0.9626238 -0.2708421 0 -0.9626238 -0.2708421 0 -0.9479272 -0.318487 0 -0.9479272 -0.318487 0 -0.9308735 -0.3653417 0 -0.9115058 -0.4112872 0 -0.9308735 -0.3653417 0 -0.9115058 -0.4112872 0 -0.8898727 -0.4562087 0 -0.8898727 -0.4562087 0 -0.8660251 -0.5000005 0 -0.8660251 -0.5000005 0 -0.8400252 -0.5425472 0 -0.8400252 -0.5425472 0 -0.8119395 -0.5837417 0 -0.8119395 -0.5837417 0 -0.7818317 -0.6234896 0 -0.7818317 -0.6234896 0 -0.7497814 -0.6616856 0 -0.7497814 -0.6616856 0 -0.7158651 -0.6982386 0 -0.7158651 -0.6982386 0 -0.6801725 -0.7330521 0 -0.6801725 -0.7330521 0 -0.642787 -0.7660449 0 -0.642787 -0.7660449 0 -0.603803 -0.7971336 0 -0.603803 -0.7971336 0 -0.5633239 -0.8262362 0 -0.5214328 -0.8532923 0 -0.5633239 -0.8262362 0 -0.5214328 -0.8532923 0 -0.4782563 -0.8782203 0 -0.4338835 -0.900969 0 -0.4782563 -0.8782203 0 -0.4338835 -0.900969 0 -0.3884327 -0.9214771 0 -0.3420231 -0.9396915 0 -0.3884327 -0.9214771 0 -0.3420231 -0.9396915 0 -0.2947555 -0.9555727 0 -0.2467566 -0.9690776 0 -0.2947555 -0.9555727 0 -0.1981468 -0.9801723 0 -0.2467566 -0.9690776 0 -0.1490399 -0.9888312 0 -0.1981468 -0.9801723 0 -0.1490399 -0.9888312 0 -0.09957089 -0.9950305 0 -0.04984576 -0.9987569 0 -0.09957089 -0.9950305 0 0 -1 0 -0.04984576 -0.9987569 0 0 -1 0 0.04984576 -0.9987569 0 0.04984576 -0.9987569 0 0.09957089 -0.9950305 0 0.1490399 -0.9888312 0 0.09957089 -0.9950305 0 0.1490399 -0.9888312 0 0.1981468 -0.9801723 0 0.1981468 -0.9801723 0 0.2467566 -0.9690776 0 0.2467566 -0.9690776 0 0.2947555 -0.9555727 0 0.2947555 -0.9555727 0 0.3420231 -0.9396915 0 0.3420231 -0.9396915 0 0.3884327 -0.9214771 0 0.3884327 -0.9214771 0 0.4338835 -0.900969 0 0.4338835 -0.900969 0 0.4782563 -0.8782203 0 0.4782563 -0.8782203 0 0.5214328 -0.8532923 0 0.5214328 -0.8532923 0 0.5633239 -0.8262362 0 0.5633239 -0.8262362 0 0.603803 -0.7971336 0 0.603803 -0.7971336 0 0.642787 -0.7660449 0 0.642787 -0.7660449 0 0.6801725 -0.7330521 0 0.6801725 -0.7330521 0 0.7158651 -0.6982386 0 0.7158651 -0.6982386 0 0.7497814 -0.6616856 0 0.7497814 -0.6616856 0 0.7818317 -0.6234896 0 0.7818317 -0.6234896 0 0.8119395 -0.5837417 0 0.8119395 -0.5837417 0 0.8400252 -0.5425472 0 0.8400252 -0.5425472 0 0.8660251 -0.5000005 0 0.8660251 -0.5000005 0 0.8898727 -0.4562087 0 0.8898727 -0.4562087 0 0.9115058 -0.4112872 0 0.9115058 -0.4112872 0 0.9308735 -0.3653417 0 0.9308735 -0.3653417 0 0.9479272 -0.318487 0 0.9479272 -0.318487 0 0.9626238 -0.2708421 0 0.9626238 -0.2708421 0 0.9749282 -0.2225195 0 0.9749282 -0.2225195 0 0.9848078 -0.1736476 0 0.9848078 -0.1736476 0 0.9922391 -0.1243446 0 0.9922391 -0.1243446 0 0.9972039 -0.07472923 0 0.9972039 -0.07472923 0 0.9996892 -0.02493042 0 0.9996892 -0.02493042 0 0.9996892 0.02493042 0 0.9996892 0.02493042 -0 0.9972039 0.07472923 0 0.9972039 0.07472923 -0 0.9922391 0.1243446 0 0.9922391 0.1243446 -0 0.9848078 0.1736476 0 0.9848078 0.1736476 -0 0.9749282 0.2225195 0 0.9749282 0.2225195 -0 0.9626238 0.2708421 0 0.9626238 0.2708421 -0 0.9479272 0.318487 0 0.9479272 0.318487 -0 0.9308735 0.3653417 0 0.9308735 0.3653417 -0 0.9115058 0.4112872 0 0.9115058 0.4112872 -0 0.8898727 0.4562087 -0 0.8898727 0.4562087 -0 0.8660251 0.5000005 0 0.8660251 0.5000005 -0 0.8400252 0.5425472 0 0.8400252 0.5425472 -0 0.8119395 0.5837417 0 0.8119395 0.5837417 -0 0.7818317 0.6234896 0 0.7818317 0.6234896 -0 0.7497782 0.6616893 0 0.7497782 0.6616893 -0 0.7158688 0.6982348 0 0.7158688 0.6982348 -0 0.6801725 0.7330521 0 0.6801725 0.7330521 -0 0.642787 0.7660449 0 0.642787 0.7660449 -0 0.603803 0.7971336 0 0.603803 0.7971336 -0 0.5633187 0.8262397 -0 0.5633187 0.8262397 0 0.5214437 0.8532856 -0 0.5214437 0.8532856 0 0.4782447 0.8782266 -0 0.4782447 0.8782266 0 0.4338897 0.900966 -0 0.4338897 0.900966 0 0.3884391 0.9214743 0 0.3884391 0.9214743 -0 0.3420098 0.9396964 0 0.3420098 0.9396964 -0 0.2947624 0.9555706 0 0.2947624 0.9555706 -0 0.2467495 0.9690793 0 0.2467495 0.9690793 -0 0.1981468 0.9801723 0 0.1981468 0.9801723 -0 0.1490472 0.9888301 0 0.1490472 0.9888301 -0 0.09957089 0.9950305 0 0.09957089 0.9950305 -0 0.04983824 0.9987573 0 0.04983824 0.9987573 -0 0 1 0 0 1 -0 -0.04983824 0.9987573 0 -0.04983824 0.9987573 0 -0.09957089 0.9950305 0 -0.09957089 0.9950305 0 -0.1490472 0.9888301 0 -0.1490472 0.9888301 0 -0.1981468 0.9801723 0 -0.1981468 0.9801723 0 -0.2467495 0.9690793 0 -0.2467495 0.9690793 0 -0.2947624 0.9555706 0 -0.2947624 0.9555706 0 -0.3420098 0.9396964 0 -0.3420098 0.9396964 0 -0.3884391 0.9214743 0 -0.3884391 0.9214743 0 -0.4338897 0.900966 0 -0.4338897 0.900966 0 -0.4782447 0.8782266 0 -0.4782447 0.8782266 0 -0.5214437 0.8532856 0 -0.5633187 0.8262397 0 -0.5214437 0.8532856 0 -0.5633187 0.8262397 0 -0.603803 0.7971336 0 -0.603803 0.7971336 0 -0.642787 0.7660449 0 -0.642787 0.7660449 0 -0.6801725 0.7330521 0 -0.6801725 0.7330521 0 -0.7158688 0.6982348 0 -0.7497782 0.6616893 0 -0.7158688 0.6982348 0 -0.7497782 0.6616893 0 -0.7818317 0.6234896 0 -0.7818317 0.6234896 0 -0.8119395 0.5837417 0 -0.8119395 0.5837417 0 -0.8400252 0.5425472 0 -0.8400252 0.5425472 0 -0.8660251 0.5000005 0 -0.8660251 0.5000005 0 -0.8898727 0.4562087 0 -0.9115058 0.4112872 0 -0.8898727 0.4562087 0 -0.9115058 0.4112872 0 -0.9308735 0.3653417 0 -0.9308735 0.3653417 0 -0.9479272 0.318487 0 -0.9479272 0.318487 0 -0.9626238 0.2708421 0 -0.9626238 0.2708421 0 -0.9749282 0.2225195 0 -0.9749282 0.2225195 0 -0.9848078 0.1736476 0 -0.9848078 0.1736476 0 -0.9922391 0.1243446 0 -0.9922391 0.1243446 0 -0.9972039 0.07472923 0 -0.9972039 0.07472923 0 -0.9996892 0.02493042 0 -0.9996892 0.02493042 0 0 0 1 0 0 1 0 0 1 0 0 1 0 0 1 0 0 1 0 0 1 0 0 1 0 0 1 0 0 1 0 0 1 0 0 1 0 0 1 0 0 1 0 0 1 0 0 1 0 0 1 0 0 1 0 0 1 0 0 1 0 0 1 0 0 1 0 0 1 0 0 1 0 0 1 0 0 1 0 0 1 0 0 1 0 0 1 0 0 1 0 0 1 0 0 1 0 0 1 0 0 1 0 0 1 0 0 1 0 0 1 0 0 1 0 0 1 0 0 1 0 0 1 0 0 1 0 0 1 0 0 1 0 0 1 0 0 1 0 0 1 0 0 1 0 0 1 0 0 1 0 0 1 0 0 1 0 0 1 0 0 1 0 0 1 0 0 1 0 0 1 0 0 1 0 0 1 0 0 1 0 0 1 0 0 1 0 0 1 0 0 1 0 0 1 0 0 1 0 0 1 0 0 1 0 0 1 0 0 1 0 0 1 0 0 1 0 0 1 0 0 1 0 0 1 0 0 1 0 0 1 0 0 1 0 0 1 0 0 1 0 0 1 0 0 1 0 0 1 0 0 1 0 0 1 0 0 1 0 0 1 0 0 1 0 0 1 0 0 1 0 0 1 0 0 1 0 0 1 0 0 1 0 0 1 0 0 1 0 0 1 0 0 1 0 0 1 0 0 1 0 0 1 0 0 1 0 0 1 0 0 1 0 0 1 0 0 1 0 0 1 0 0 1 0 0 1 0 0 1 0 0 1 0 0 1 0 0 1 0 0 1 0 0 1 0 0 1 0 0 1 0 0 1 0 0 1 0 0 1 0 0 1 0 0 1 0 0 1 0 0 1 0.9996892 0.02493019 0 0.9996892 0.02493019 0 0.9972038 0.07473087 0 0.9922392 0.1243437 0 0.9972038 0.07473087 0 0.9922392 0.1243437 0 0.9848078 0.1736477 0 0.974928 0.2225208 0 0.9848078 0.1736477 0 0.9626241 0.2708413 0 0.974928 0.2225208 0 0.9626241 0.2708413 0 0.9479271 0.3184873 0 0.9479271 0.3184873 0 0.9308742 0.3653401 0 0.9115053 0.4112882 0 0.9308742 0.3653401 0 0.9115053 0.4112882 0 0.8898727 0.456209 0 0.8898727 0.456209 0 0.866025 0.5000008 0 0.866025 0.5000008 0 0.8400263 0.5425459 0 0.8400263 0.5425459 0 0.811937 0.5837451 0 0.811937 0.5837451 0 0.7818327 0.6234882 0 0.7818327 0.6234882 0 0.7497803 0.6616869 0 0.7497803 0.6616869 0 0.7158667 0.6982369 0 0.7158667 0.6982369 0 0.6801723 0.7330523 0 0.6801723 0.7330523 0 0.6427888 0.7660435 0 0.6427888 0.7660435 0 0.6038049 0.7971321 0 0.6038049 0.7971321 0 0.5633191 0.8262394 0 0.5214361 0.8532904 0 0.5633191 0.8262394 0 0.5214361 0.8532904 0 0.4782536 0.8782218 0 0.4338847 0.9009683 0 0.4782536 0.8782218 0 0.4338847 0.9009683 0 0.3884355 0.9214759 0 0.342016 0.9396941 0 0.3884355 0.9214759 0 0.342016 0.9396941 0 0.2947583 0.9555718 0 0.2947583 0.9555718 0 0.246756 0.9690776 0 0.1981459 0.9801725 0 0.246756 0.9690776 0 0.1490433 0.9888307 0 0.1981459 0.9801725 0 0.1490433 0.9888307 0 0.09956783 0.9950308 0 0.0498437 0.9987571 0 0.09956783 0.9950308 0 0.0498437 0.9987571 0 0 1 0 -0.0498437 0.9987571 0 -0 1 0 -0.0498437 0.9987571 0 -0.09956783 0.9950308 0 -0.1490433 0.9888307 0 -0.09956783 0.9950308 0 -0.1490433 0.9888307 0 -0.1981459 0.9801725 0 -0.1981459 0.9801725 0 -0.246756 0.9690776 0 -0.246756 0.9690776 0 -0.2947583 0.9555718 0 -0.2947583 0.9555718 0 -0.342016 0.9396941 0 -0.342016 0.9396941 0 -0.3884355 0.9214759 0 -0.3884355 0.9214759 0 -0.4338847 0.9009683 0 -0.4338847 0.9009683 0 -0.4782536 0.8782218 0 -0.4782536 0.8782218 0 -0.5214361 0.8532904 0 -0.5214361 0.8532904 0 -0.5633191 0.8262394 0 -0.5633191 0.8262394 0 -0.6038049 0.7971321 0 -0.6038049 0.7971321 0 -0.6427888 0.7660435 0 -0.6427888 0.7660435 0 -0.6801723 0.7330523 0 -0.6801723 0.7330523 0 -0.7158667 0.6982369 0 -0.7158667 0.6982369 0 -0.7497803 0.6616869 0 -0.7497803 0.6616869 0 -0.7818327 0.6234882 0 -0.7818327 0.6234882 0 -0.811937 0.5837451 0 -0.811937 0.5837451 0 -0.8400263 0.5425459 0 -0.8400263 0.5425459 0 -0.866025 0.5000008 0 -0.866025 0.5000008 0 -0.8898727 0.456209 0 -0.8898727 0.456209 0 -0.9115053 0.4112882 0 -0.9115053 0.4112882 0 -0.9308742 0.3653401 0 -0.9308742 0.3653401 0 -0.9479271 0.3184873 0 -0.9479271 0.3184873 0 -0.9626241 0.2708413 0 -0.9626241 0.2708413 0 -0.974928 0.2225208 0 -0.974928 0.2225208 0 -0.9848078 0.1736477 0 -0.9848078 0.1736477 0 -0.9922392 0.1243437 0 -0.9922392 0.1243437 0 -0.9972038 0.07473087 0 -0.9972038 0.07473087 0 -0.9996892 0.02493019 0 -0.9996892 0.02493019 0 -0.9996892 -0.02493019 0 -0.9996892 -0.02493019 -0 -0.9972038 -0.07473087 0 -0.9972038 -0.07473087 -0 -0.9922392 -0.1243437 0 -0.9922392 -0.1243437 -0 -0.9848078 -0.1736477 0 -0.9848078 -0.1736477 -0 -0.974928 -0.2225208 0 -0.974928 -0.2225208 -0 -0.9626241 -0.2708413 0 -0.9626241 -0.2708413 -0 -0.9479271 -0.3184873 0 -0.9479271 -0.3184873 -0 -0.9308742 -0.3653401 0 -0.9308742 -0.3653401 -0 -0.9115053 -0.4112882 0 -0.9115053 -0.4112882 -0 -0.8898727 -0.456209 0 -0.8898727 -0.456209 -0 -0.866025 -0.5000008 0 -0.866025 -0.5000008 -0 -0.8400263 -0.5425459 0 -0.8400263 -0.5425459 -0 -0.8119386 -0.5837429 0 -0.8119386 -0.5837429 -0 -0.781829 -0.6234929 0 -0.781829 -0.6234929 -0 -0.7497845 -0.6616822 0 -0.7497845 -0.6616822 -0 -0.7158667 -0.6982369 0 -0.7158667 -0.6982369 -0 -0.6801697 -0.7330547 0 -0.6801697 -0.7330547 -0 -0.642786 -0.7660458 0 -0.642786 -0.7660458 -0 -0.6038049 -0.7971321 0 -0.6038049 -0.7971321 -0 -0.5633224 -0.8262372 -0 -0.5633224 -0.8262372 0 -0.5214361 -0.8532904 -0 -0.5214361 -0.8532904 0 -0.4782499 -0.8782238 -0 -0.4782499 -0.8782238 0 -0.4338847 -0.9009683 -0 -0.4338847 -0.9009683 0 -0.3884396 -0.9214742 -0 -0.3884396 -0.9214742 0 -0.3420202 -0.9396926 0 -0.3420202 -0.9396926 -0 -0.2947496 -0.9555745 0 -0.2947496 -0.9555745 -0 -0.2467605 -0.9690765 0 -0.2467605 -0.9690765 -0 -0.1981505 -0.9801716 0 -0.1981505 -0.9801716 -0 -0.149034 -0.9888321 0 -0.149034 -0.9888321 -0 -0.09957256 -0.9950303 0 -0.09957256 -0.9950303 -0 -0.0498437 -0.9987571 -0 -0.0498437 -0.9987571 -0 -0 -1 0 0 -1 -0 0.0498437 -0.9987571 0 0.0498437 -0.9987571 0 0.09957256 -0.9950303 0 0.09957256 -0.9950303 0 0.149034 -0.9888321 0 0.149034 -0.9888321 0 0.2467605 -0.9690765 0 0.1981505 -0.9801716 0 0.1981505 -0.9801716 0 0.2467605 -0.9690765 0 0.2947496 -0.9555745 0 0.2947496 -0.9555745 0 0.3420202 -0.9396926 0 0.3420202 -0.9396926 0 0.3884396 -0.9214742 0 0.4338847 -0.9009683 0 0.3884396 -0.9214742 0 0.4338847 -0.9009683 0 0.4782499 -0.8782238 0 0.4782499 -0.8782238 0 0.5214361 -0.8532904 0 0.5214361 -0.8532904 0 0.5633224 -0.8262372 0 0.6038049 -0.7971321 0 0.5633224 -0.8262372 0 0.6038049 -0.7971321 0 0.642786 -0.7660458 0 0.6801697 -0.7330547 0 0.642786 -0.7660458 0 0.6801697 -0.7330547 0 0.7158667 -0.6982369 0 0.7158667 -0.6982369 0 0.7497845 -0.6616822 0 0.7497845 -0.6616822 0 0.781829 -0.6234929 0 0.781829 -0.6234929 0 0.8119386 -0.5837429 0 0.8119386 -0.5837429 0 0.8400263 -0.5425459 0 0.8400263 -0.5425459 0 0.866025 -0.5000008 0 0.866025 -0.5000008 0 0.8898727 -0.456209 0 0.8898727 -0.456209 0 0.9115053 -0.4112882 0 0.9115053 -0.4112882 0 0.9308742 -0.3653401 0 0.9308742 -0.3653401 0 0.9479271 -0.3184873 0 0.9479271 -0.3184873 0 0.9626241 -0.2708413 0 0.9626241 -0.2708413 0 0.974928 -0.2225208 0 0.974928 -0.2225208 0 0.9848078 -0.1736477 0 0.9848078 -0.1736477 0 0.9922392 -0.1243437 0 0.9922392 -0.1243437 0 0.9972038 -0.07473087 0 0.9972038 -0.07473087 0 0.9996892 -0.02493019 0 0.9996892 -0.02493019 0 0 0 1 0 0 1 0 0 1 0 0 1 0 0 1 0 0 1 0 0 1 0 0 1 0 0 1 0 0 1 0 0 1 0 0 1 0 0 1 0 0 1 0 0 1 0 0 1 0 0 1 0 0 1 0 0 1 0 0 1 0 0 1 0 0 1 0 0 1 0 0 1 0 0 1 0 0 1 0 0 1 0 0 1 0 0 1 0 0 1 0 0 1 0 0 1 0 0 1 0 0 1 0 0 1 0 0 1 0 0 1 0 0 1 0 0 1 0 0 1 0 0 1 0 0 1 0 0 1 0 0 1 0 0 1 0 0 1 0 0 1 0 0 1 0 0 1 0 0 1 0 0 1 0 0 1 0 0 1 0 0 1 0 0 1 0 0 1 0 0 1 0 0 1 0 0 1 0 0 1 0 0 1 0 0 1 0 0 1 0 0 1 0 0 1 0 0 1 0 0 1 0 0 1 0 0 1 0 0 1 0 0 1 0 0 1 0 0 1 0 0 1 0 0 1 0 0 1 0 0 1 0 0 1 0 0 1 0 0 1 0 0 1 0 0 1 0 0 1 0 0 1 0 0 1 0 0 1 0 0 1 0 0 1 0 0 1 0 0 1 0 0 1 0 0 1 0 0 1 0 0 1 0 0 1 0 0 1 0 0 1 0 0 1 0 0 1 0 0 1 0 0 1 0 0 1 0 0 1 0 0 1 0 0 1 0 0 1 0 0 1 0 0 1 0 0 1 0 0 1 0 0 1 0 0 1 0 0 1 0 0 1 0 0 1 0 0 1 0 0 1 0 0 1 0 0 1 0 0 1 0 0 1 0 0 1 0 0 1 0 0 1 0 0 -1 0 0 -1 0 0 -1 0 0 -1 0 -0 -1 0 0 -1 0 0 -1 0 -0 -1 0 0 -1 0 0 -1 0 0 -1 0 0 -1 0 -0 -1 0 0 -1 0 0 -1 0 -0 -1 0 0 -1 0 0 -1 0 0 -1 0 -0 -1 0 0 -1 0 0 -1 0 0 -1 0 -0 -1 0 0 -1 0 0 -1 0 0 -1 0 -0 -1 0 0 -1 0 0 -1 0 0 -1 0 -0 -1 0 0 -1 0 0 -1 0 0 -1 0 -0 -1 0 0 -1 0 0 -1 0 0 -1 0 -0 -1 0 0 -1 0 0 -1 0 0 -1 0 -0 -1 0 0 -1 0 0 -1 0 0 -1 0 -0 -1 0 0 -1 0 0 -1 0 0 -1 0 -0 -1 0 0 -1 0 0 -1 0 0 -1 0 -0 -1 0 0 -1 0 0 -1 0 0 -1 0 -0 -1 0 0 -1 0 -0 -1 0 0 -1 0 -0 -1 0 0 -1 0 -0 -1 0 0 -1 0 0 -1 0 0 -1 0 -0 -1 0 0 -1 0 0 -1 0 0 -1 0 0 -1 0 -0 -1 0 0 -1 0 0 -1 0 0 -1 0 0 -1 0 0 -1 0 -0 -1 0 -0 -1 0 0 -1 0 0 -1 0 0 -1 0 0 -1 0 -0 -1 0 0 -1 0 0 -1 0 0 -1 0 -0 -1 0 0 -1 0 0 -1 0 0 -1 0 -0 -1 0 0 -1 0 0 -1 0 0 -1 0 0 -1 0 0 -1 0 -0 -1 0 -0 -1 0 0 -1 0 0 -1 0 0 -1 0 0 -1 0 0 -1 0 0 -1 0 -0 -1 0 -0 -1 0 0 -1 0 0 -1 0 0 -1 0 -0 -1 0 0 -1 0 0 -1 0 0 -1 0 0 -1 0 0 -1 0 0 -1 0 0 -1 0 0 -1 0 0 -1 0 0 -1 0 0 -1 0 0 -1 0 0 -1 0 0 -1 0 0 -1 0 0 -1 0 0 -1 0 0 -1 0 0 -1 0 0 -1 0 0 -1 0 -0 -1 0 0 -1 0 0 -1 0 0 -1 0 -0 -1 0 -0 -1 0 0 -1 0 0 -1 0 0 -1 0 -0 -1 0 0 -1 0 0 -1 0 -0 -1 0 0 -1 0 0 -1 0 0 -1 0 0 -1 0 -0 -1 0 0 -1 0 0 -1 0 0 -1 0 0 -1 0 0 -1 0 -0 -1 0 -0 -1 0 0 -1 0 0 -1 0 0 -1 0 0 -1 0 -0 -1 0 0 -1 0 0 -1 0 0 -1 0 0 -1 0 0 -1 0 -0 -1 0 0 -1 0 0 -1 0 0 -1 0 0 -1 0 -0 -1 0 0 -1 0 0 -1 0 0 -1 0 -0 -1 0 -0 -1 0 0 -1 0 0 -1 0 -0 -1 0 0 -1 0 0 -1 0 0 -1 0 0 -1 0 0 -1 0 0 -1 0 0 -1 0 0 -1 0 0 -1 0 -0 -1 0 0 -1 0 0 -1 0 0 -1 0 -0 -1 0 0 -1 0 0 -1 0 0 -1 0 0 -1 0 -0 -1 0 0 -1 0 0 -1 0 0 -1 0 -0 -1 0 0 -1 0 0 -1 0 -0 -1 0 0 -1 0 0 -1 0 0 -1 0 -0 -1 0 0 -1 0 0 -1 0 0 -1 0 0 -1 0 -0 -1 0 0 -1 0 0 -1 0 -0 -1 0 0 -1 0 0 -1 0 0 -1 0 0 -1 0 -0 -1 0 0 -1 0 0 -1 0 0 -1 0 -0 -1 0 0 -1 0 0 -1 0 0 -1 0 -0 -1 0 0 -1 0 0 -1 0 -0 -1 0 0 -1 0 0 -1 0 0 -1 0 0 -1 0 -0 -1 0 0 -1 0 0 -1 0 0 -1 0 -0 -1 0 0 -1 0 0 -1 0 0 -1 0 0 -1 0 -0 -1 0.9996892 -0.02493141 0 0.9996892 -0.02493141 0 0.9972039 -0.07472928 0 0.9972039 -0.07472928 0 0.9922392 -0.1243436 0 0.9922392 -0.1243436 0 0.9848075 -0.1736494 0 0.9848075 -0.1736494 0 0.9749284 -0.222519 0 0.9749284 -0.222519 0 0.9626239 -0.2708415 0 0.947927 -0.3184876 0 0.9626239 -0.2708415 0 0.947927 -0.3184876 0 0.9308734 -0.3653418 0 0.9308734 -0.3653418 0 0.9115063 -0.411286 0 0.8898725 -0.4562094 0 0.9115063 -0.411286 0 0.8660248 -0.500001 0 0.8898725 -0.4562094 0 0.8660248 -0.500001 0 0.8400267 -0.5425451 0 0.8400267 -0.5425451 0 0.8119375 -0.5837443 0 0.8119375 -0.5837443 0 0.7818311 -0.6234903 0 0.7818311 -0.6234903 0 0.7497818 -0.6616852 0 0.7497818 -0.6616852 0 0.7158667 -0.6982369 0 0.6801712 -0.7330533 0 0.7158667 -0.6982369 0 0.6801712 -0.7330533 0 0.6427881 -0.766044 0 0.6427881 -0.766044 0 0.603807 -0.7971305 0 0.603807 -0.7971305 0 0.5633213 -0.826238 0 0.5633213 -0.826238 0 0.5214347 -0.8532912 0 0.5214347 -0.8532912 0 0.4782545 -0.8782213 0 0.4782545 -0.8782213 0 0.4338817 -0.9009699 0 0.4338817 -0.9009699 0 0.3884361 -0.9214756 0 0.3420135 -0.9396951 0 0.3884361 -0.9214756 0 0.3420135 -0.9396951 0 0.294762 -0.9555707 0 0.294762 -0.9555707 0 0.2467478 -0.9690797 0 0.2467478 -0.9690797 0 0.1981505 -0.9801716 0 0.1981505 -0.9801716 0 0.1490489 -0.9888298 0 0.1490489 -0.9888298 0 0.09956499 -0.9950311 0 0.09956499 -0.9950311 0 0.04985132 -0.9987566 0 0.04985132 -0.9987566 0 0 -1 0 -0 -1 -0 -0.04985132 -0.9987566 0 -0.04985132 -0.9987566 -0 -0.09956499 -0.9950311 0 -0.09956499 -0.9950311 -0 -0.1490489 -0.9888298 0 -0.1490489 -0.9888298 -0 -0.1981505 -0.9801716 0 -0.1981505 -0.9801716 -0 -0.2467478 -0.9690797 0 -0.294762 -0.9555707 0 -0.2467478 -0.9690797 -0 -0.294762 -0.9555707 0 -0.3420135 -0.9396951 -0 -0.3420135 -0.9396951 0 -0.3884361 -0.9214756 -0 -0.3884361 -0.9214756 0 -0.4338817 -0.9009699 0 -0.4338817 -0.9009699 0 -0.4782545 -0.8782213 -0 -0.4782545 -0.8782213 0 -0.5214347 -0.8532912 -0 -0.5214347 -0.8532912 0 -0.5633213 -0.826238 0 -0.5633213 -0.826238 0 -0.603807 -0.7971305 -0 -0.603807 -0.7971305 0 -0.6427881 -0.766044 -0 -0.6427881 -0.766044 0 -0.6801712 -0.7330533 -0 -0.6801712 -0.7330533 0 -0.7158667 -0.6982369 0 -0.7158667 -0.6982369 -0 -0.7497818 -0.6616852 0 -0.7497818 -0.6616852 0 -0.7818311 -0.6234903 -0 -0.7818311 -0.6234903 0 -0.8119375 -0.5837443 0 -0.8400267 -0.5425451 0 -0.8119375 -0.5837443 -0 -0.8660248 -0.500001 0 -0.8400267 -0.5425451 0 -0.8898725 -0.4562094 0 -0.8660248 -0.500001 0 -0.8898725 -0.4562094 0 -0.9115063 -0.411286 0 -0.9308734 -0.3653418 0 -0.9115063 -0.411286 -0 -0.9308734 -0.3653418 0 -0.947927 -0.3184876 0 -0.947927 -0.3184876 -0 -0.9626239 -0.2708415 0 -0.9626239 -0.2708415 -0 -0.9749284 -0.222519 0 -0.9848075 -0.1736494 0 -0.9749284 -0.222519 -0 -0.9922392 -0.1243436 0 -0.9848075 -0.1736494 0 -0.9972039 -0.07472928 0 -0.9922392 -0.1243436 0 -0.9972039 -0.07472928 0 -0.9996892 -0.02493141 -0 -0.9996892 -0.02493141 0 -0.9996892 0.02493141 0 -0.9996892 0.02493141 0 -0.9972039 0.07472928 0 -0.9972039 0.07472928 0 -0.9922392 0.1243436 0 -0.9922392 0.1243436 0 -0.9848075 0.1736494 0 -0.9848075 0.1736494 0 -0.9749284 0.222519 0 -0.9749284 0.222519 0 -0.9626239 0.2708415 0 -0.9626239 0.2708415 0 -0.947927 0.3184876 0 -0.947927 0.3184876 0 -0.9308745 0.3653392 0 -0.9308745 0.3653392 0 -0.9115051 0.4112889 0 -0.9115051 0.4112889 0 -0.8898725 0.4562094 0 -0.8898725 0.4562094 0 -0.8660248 0.500001 0 -0.8660248 0.500001 0 -0.8400267 0.5425451 0 -0.8400267 0.5425451 0 -0.8119375 0.5837443 0 -0.8119375 0.5837443 0 -0.7818311 0.6234903 0 -0.7818311 0.6234903 0 -0.7497818 0.6616852 0 -0.7497818 0.6616852 0 -0.7158667 0.6982369 0 -0.7158667 0.6982369 0 -0.6801712 0.7330533 0 -0.6801712 0.7330533 0 -0.6427881 0.766044 0 -0.6427881 0.766044 0 -0.603807 0.7971305 0 -0.603807 0.7971305 0 -0.5633213 0.826238 0 -0.5633213 0.826238 0 -0.5214347 0.8532912 0 -0.5214347 0.8532912 0 -0.4782545 0.8782213 0 -0.4782545 0.8782213 0 -0.4338817 0.9009699 0 -0.3884361 0.9214756 0 -0.4338817 0.9009699 0 -0.3884361 0.9214756 0 -0.3420202 0.9396926 0 -0.3420202 0.9396926 0 -0.294755 0.9555728 0 -0.294755 0.9555728 0 -0.246755 0.9690779 0 -0.246755 0.9690779 0 -0.1981432 0.9801731 0 -0.1981432 0.9801731 0 -0.1490489 0.9888298 0 -0.1490489 0.9888298 0 -0.09956499 0.9950311 0 -0.09956499 0.9950311 0 -0.0498437 0.9987571 0 -0.0498437 0.9987571 0 -0 1 0 0 1 0 0.0498437 0.9987571 0 0.0498437 0.9987571 0 0.09956499 0.9950311 0 0.09956499 0.9950311 0 0.1490489 0.9888298 0 0.1490489 0.9888298 0 0.1981432 0.9801731 0 0.1981432 0.9801731 0 0.246755 0.9690779 0 0.246755 0.9690779 0 0.294755 0.9555728 0 0.294755 0.9555728 0 0.3420202 0.9396926 0 0.3884361 0.9214756 -0 0.3420202 0.9396926 0 0.3884361 0.9214756 0 0.4338817 0.9009699 0 0.4338817 0.9009699 0 0.4782545 0.8782213 0 0.4782545 0.8782213 0 0.5214347 0.8532912 0 0.5633213 0.826238 -0 0.5214347 0.8532912 0 0.5633213 0.826238 0 0.603807 0.7971305 0 0.603807 0.7971305 0 0.6427881 0.766044 0 0.6427881 0.766044 0 0.6801712 0.7330533 0 0.7158667 0.6982369 -0 0.6801712 0.7330533 0 0.7158667 0.6982369 0 0.7497818 0.6616852 0 0.7497818 0.6616852 0 0.7818311 0.6234903 0 0.7818311 0.6234903 0 0.8119375 0.5837443 -0 0.8119375 0.5837443 0 0.8400267 0.5425451 0 0.8400267 0.5425451 0 0.8660248 0.500001 -0 0.8660248 0.500001 0 0.8898725 0.4562094 0 0.9115051 0.4112889 -0 0.8898725 0.4562094 0 0.9308745 0.3653392 -0 0.9115051 0.4112889 0 0.9308745 0.3653392 0 0.947927 0.3184876 0 0.9626239 0.2708415 -0 0.947927 0.3184876 0 0.9626239 0.2708415 0 0.9749284 0.222519 0 0.9848075 0.1736494 -0 0.9749284 0.222519 0 0.9848075 0.1736494 0 0.9922392 0.1243436 0 0.9972039 0.07472928 -0 0.9922392 0.1243436 0 0.9972039 0.07472928 0 0.9996892 0.02493141 0 0.9996892 0.02493141 0 0 0 -1 0 0 -1 0 0 -1 0 0 -1 0 0 -1 0 0 -1 0 0 -1 0 0 -1 0 0 -1 0 0 -1 0 0 -1 0 0 -1 0 0 -1 0 0 -1 0 0 -1 0 0 -1 0 0 -1 0 0 -1 0 0 -1 0 0 -1 0 0 -1 0 0 -1 0 0 -1 0 0 -1 0 0 -1 0 0 -1 0 -0 -1 0 0 -1 0 0 -1 0 0 -1 0 0 -1 0 0 -1 0 0 -1 0 0 -1 0 0 -1 0 -0 -1 0 0 -1 0 0 -1 0 -0 -1 0 -0 -1 0 -0 -1 0 0 -1 0 0 -1 0 0 -1 0 0 -1 0 -0 -1 0 -0 -1 0 -0 -1 0 0 -1 0 0 -1 0 -0 -1 0 0 -1 0 -0 -1 0 0 -1 0 -0 -1 0 -0 -1 0 -0 -1 0 -0 -1 0 0 -1 0 -0 -1 0 0 -1 0 0 -1 0 0 -1 0 0 -1 0 -0 -1 0 -0 -1 0 0 -1 0 -0 -1 0 0 -1 0 0 -1 0 0 -1 0 0 -1 0 0 -1 0 0 -1 0 -0 -1 0 -0 -1 0 -0 -1 0 0 -1 0 -0 -1 0 0 -1 0 0 -1 0 -0 -1 0 -0 -1 0 -0 -1 0 0 -1 0 0 -1 0 -0 -1 0 0 -1 0 -0 -1 0 0 -1 0 0 -1 -0 -0 -1 -0 -0 -1 0 0 -1 0 -0 -1 -0 -0 -1 0 0 -1 -0 -0 -1 0 0 -1 0 0 -1 0 0 -1 0 0 -1 0 -0 -1 0 0 -1 0 0 -1 0 0 -1 0 0 -1 -0 -0 -1 0 0 -1 0 0 -1 -0 -0 -1 -0 -0 -1 0 0 -1 0 0 -1 -0 -0 -1 -0 -0 -1 -0 -0 -1 0 0 -1 0 0 -1 0 0 -1 0 0 -1 -0 -0 -1 0 0 -1 -0 -0 -1</float_array>
          <technique_common>
            <accessor count="6116" source="#cubenormals-array0-array" stride="3">
              <param type="float" name="X"/>
              <param type="float" name="Y"/>
              <param type="float" name="Z"/>
            </accessor>
          </technique_common>
        </source>
        <vertices id="cubeverts-array0-vertices">
          <input semantic="POSITION" source="#cubeverts-array0"/>
        </vertices>
        <triangles count="6116" material="ref_Assembly_solid">
          <input offset="0" semantic="VERTEX" source="#cubeverts-array0-vertices"/>
          <input offset="1" semantic="NORMAL" source="#cubenormals-array0"/>
          <p>0 0 1 0 2 0 2 1 1 1 3 1 4 2 5 2 6 2 7 3 6 3 8 3 9 4 7 4 10 4 9 5 4 5 6 5 9 6 6 6 7 6 11 7 12 7 4 7 11 8 13 8 12 8 11 9 14 9 13 9 11 10 15 10 14 10 11 11 4 11 9 11 16 12 17 12 11 12 16 13 11 13 9 13 18 14 16 14 9 14 18 15 19 15 20 15 18 16 9 16 19 16 21 17 22 17 23 17 21 18 23 18 24 18 25 19 26 19 27 19 28 20 26 20 25 20 28 21 21 21 26 21 28 22 25 22 29 22 30 23 21 23 28 23 31 24 30 24 32 24 33 25 30 25 31 25 34 26 21 26 30 26 34 27 30 27 33 27 35 28 16 28 18 28 35 29 22 29 21 29 35 30 21 30 34 30 35 31 18 31 22 31 35 32 34 32 36 32 35 33 36 33 37 33 38 34 16 34 35 34 39 35 16 35 38 35 40 36 16 36 39 36 41 37 16 37 40 37 42 38 16 38 41 38 43 39 16 39 42 39 44 40 16 40 43 40 45 41 16 41 44 41 46 42 16 42 45 42 47 43 16 43 46 43 48 44 16 44 47 44 49 45 16 45 48 45 50 46 16 46 49 46 51 47 16 47 50 47 52 48 16 48 51 48 53 49 16 49 52 49 54 50 55 50 56 50 57 51 54 51 56 51 58 52 57 52 56 52 58 53 59 53 60 53 58 54 61 54 59 54 58 55 56 55 61 55 62 56 57 56 58 56 62 57 63 57 57 57 62 58 64 58 63 58 62 59 65 59 64 59 66 60 62 60 58 60 67 61 66 61 58 61 67 62 68 62 69 62 67 63 70 63 68 63 67 64 58 64 70 64 71 65 72 65 73 65 74 66 72 66 71 66 75 67 72 67 74 67 76 68 72 68 75 68 76 69 75 69 77 69 78 70 76 70 79 70 80 71 72 71 76 71 80 72 76 72 78 72 81 73 72 73 80 73 81 74 80 74 82 74 83 75 72 75 81 75 84 76 83 76 85 76 86 77 66 77 67 77 86 78 87 78 66 78 86 79 88 79 87 79 86 80 67 80 72 80 86 81 84 81 89 81 86 82 83 82 84 82 86 83 72 83 83 83 90 84 88 84 86 84 91 85 90 85 86 85 92 86 91 86 86 86 93 87 92 87 86 87 94 88 93 88 86 88 95 89 94 89 86 89 96 90 95 90 86 90 97 91 96 91 86 91 98 92 97 92 86 92 99 93 98 93 86 93 100 94 99 94 86 94 101 95 100 95 86 95 102 96 101 96 86 96 103 97 102 97 86 97 104 98 105 98 106 98 107 99 108 99 109 99 110 100 106 100 111 100 110 101 104 101 106 101 112 102 107 102 109 102 113 103 114 103 108 103 113 104 108 104 107 104 115 105 116 105 105 105 115 106 105 106 104 106 117 107 110 107 111 107 118 108 112 108 109 108 118 109 109 109 119 109 120 110 121 110 116 110 120 111 116 111 115 111 122 112 114 112 113 112 123 113 118 113 119 113 123 114 119 114 124 114 125 115 111 115 126 115 125 116 117 116 111 116 127 117 128 117 121 117 127 118 121 118 120 118 129 119 130 119 114 119 129 120 114 120 122 120 131 121 125 121 126 121 132 122 123 122 124 122 133 123 134 123 128 123 133 124 135 124 134 124 133 125 128 125 127 125 136 126 137 126 130 126 136 127 130 127 129 127 138 128 132 128 124 128 138 129 124 129 139 129 140 130 141 130 135 130 140 131 135 131 133 131 142 132 138 132 139 132 142 133 139 133 143 133 144 134 141 134 140 134 145 135 142 135 143 135 146 136 145 136 143 136 146 137 143 137 147 137 148 138 149 138 150 138 151 139 146 139 147 139 152 140 153 140 149 140 152 141 149 141 148 141 154 142 150 142 155 142 154 143 148 143 150 143 156 144 157 144 153 144 156 145 153 145 152 145 158 146 151 146 147 146 158 147 147 147 159 147 160 148 155 148 161 148 160 149 154 149 155 149 162 150 158 150 159 150 162 151 159 151 163 151 164 152 126 152 157 152 164 153 131 153 126 153 164 154 157 154 156 154 165 155 161 155 137 155 165 156 160 156 161 156 166 157 162 157 163 157 167 158 168 158 131 158 167 159 131 159 164 159 169 160 166 160 163 160 169 161 163 161 170 161 171 162 165 162 137 162 171 163 136 163 172 163 171 164 137 164 136 164 173 165 169 165 170 165 174 166 175 166 168 166 174 167 168 167 167 167 176 168 173 168 170 168 176 169 170 169 177 169 178 170 172 170 179 170 178 171 171 171 172 171 180 172 176 172 177 172 180 173 177 173 181 173 182 174 183 174 175 174 182 175 184 175 183 175 182 176 175 176 174 176 185 177 180 177 181 177 186 178 187 178 188 178 186 179 179 179 187 179 186 180 178 180 179 180 189 181 181 181 190 181 189 182 185 182 181 182 191 183 189 183 190 183 192 184 193 184 184 184 192 185 194 185 193 185 192 186 184 186 182 186 195 187 191 187 190 187 195 188 190 188 196 188 197 189 198 189 199 189 197 190 188 190 198 190 197 191 186 191 188 191 200 192 195 192 196 192 200 193 196 193 201 193 202 194 194 194 192 194 202 195 203 195 194 195 202 196 204 196 203 196 205 197 200 197 201 197 206 198 205 198 201 198 206 199 201 199 207 199 208 200 209 200 210 200 208 201 199 201 209 201 208 202 197 202 199 202 211 203 207 203 212 203 211 204 206 204 207 204 213 205 214 205 204 205 213 206 215 206 214 206 213 207 204 207 202 207 216 208 211 208 212 208 217 209 216 209 212 209 217 210 212 210 218 210 219 211 208 211 210 211 219 212 220 212 221 212 219 213 210 213 220 213 222 214 217 214 218 214 222 215 218 215 223 215 224 216 215 216 213 216 224 217 225 217 215 217 224 218 226 218 225 218 227 219 222 219 223 219 228 220 227 220 223 220 228 221 223 221 229 221 230 222 219 222 221 222 230 223 231 223 232 223 230 224 233 224 231 224 230 225 221 225 233 225 234 226 226 226 224 226 234 227 235 227 226 227 234 228 236 228 235 228 234 229 237 229 236 229 238 230 239 230 240 230 238 231 241 231 239 231 238 232 232 232 241 232 238 233 230 233 232 233 242 234 243 234 244 234 242 235 245 235 243 235 242 236 246 236 245 236 242 237 247 237 246 237 242 238 248 238 247 238 242 239 249 239 248 239 242 240 250 240 249 240 242 241 251 241 250 241 242 242 252 242 251 242 242 243 253 243 252 243 242 244 254 244 253 244 242 245 255 245 254 245 242 246 256 246 255 246 242 247 257 247 256 247 242 248 258 248 257 248 242 249 259 249 258 249 242 250 260 250 259 250 242 251 261 251 260 251 242 252 262 252 261 252 242 253 263 253 262 253 242 254 264 254 263 254 242 255 265 255 264 255 242 256 266 256 265 256 242 257 267 257 266 257 268 258 237 258 234 258 268 259 269 259 237 259 268 260 270 260 269 260 268 261 271 261 270 261 272 262 273 262 242 262 274 263 275 263 276 263 274 264 277 264 275 264 274 265 240 265 277 265 274 266 238 266 240 266 278 267 279 267 271 267 278 268 280 268 279 268 278 269 281 269 280 269 278 270 282 270 281 270 278 271 271 271 268 271 283 272 284 272 272 272 283 273 285 273 284 273 283 274 272 274 242 274 286 275 287 275 283 275 286 276 283 276 242 276 288 277 289 277 290 277 288 278 291 278 289 278 288 279 292 279 291 279 288 280 276 280 292 280 288 281 274 281 276 281 293 282 286 282 242 282 294 283 295 283 282 283 294 284 296 284 295 284 294 285 297 285 296 285 294 286 298 286 297 286 294 287 282 287 278 287 299 288 300 288 293 288 301 289 288 289 290 289 301 290 302 290 303 290 301 291 304 291 302 291 301 292 305 292 304 292 301 293 290 293 305 293 306 294 307 294 299 294 306 295 299 295 293 295 306 296 293 296 242 296 308 297 306 297 242 297 309 298 308 298 242 298 310 299 311 299 298 299 310 300 312 300 311 300 310 301 313 301 312 301 310 302 314 302 313 302 310 303 298 303 294 303 315 304 309 304 242 304 315 305 316 305 309 305 315 306 242 306 244 306 315 307 317 307 318 307 315 308 319 308 317 308 315 309 320 309 319 309 315 310 321 310 320 310 315 311 322 311 321 311 315 312 244 312 322 312 323 313 324 313 325 313 323 314 326 314 324 314 323 315 327 315 326 315 323 316 303 316 327 316 323 317 301 317 303 317 328 318 314 318 310 318 328 319 329 319 314 319 328 320 330 320 329 320 328 321 331 321 330 321 328 322 332 322 331 322 328 323 333 323 332 323 328 324 334 324 333 324 328 325 335 325 334 325 328 326 336 326 335 326 328 327 337 327 336 327 328 328 338 328 337 328 328 329 339 329 338 329 340 330 341 330 342 330 340 331 343 331 341 331 340 332 344 332 343 332 340 333 325 333 344 333 340 334 323 334 325 334 345 335 346 335 347 335 345 336 348 336 346 336 345 337 349 337 348 337 345 338 342 338 349 338 345 339 340 339 342 339 350 340 347 340 351 340 350 341 345 341 347 341 350 342 352 342 353 342 350 343 354 343 352 343 350 344 351 344 354 344 355 345 350 345 353 345 355 346 356 346 357 346 355 347 358 347 356 347 355 348 353 348 358 348 359 349 355 349 357 349 359 350 360 350 361 350 359 351 362 351 360 351 359 352 363 352 362 352 359 353 357 353 363 353 364 354 339 354 328 354 364 355 365 355 339 355 364 356 366 356 365 356 364 357 367 357 366 357 364 358 368 358 367 358 364 359 369 359 368 359 364 360 370 360 369 360 371 361 370 361 364 361 371 362 315 362 318 362 371 363 372 363 370 363 371 364 373 364 372 364 371 365 374 365 373 365 371 366 375 366 374 366 371 367 376 367 375 367 371 368 318 368 376 368 377 369 378 369 371 369 379 370 371 370 364 370 379 371 380 371 381 371 379 372 364 372 380 372 382 373 377 373 371 373 382 374 383 374 377 374 384 375 385 375 386 375 384 376 361 376 385 376 384 377 359 377 361 377 387 378 379 378 388 378 389 379 379 379 387 379 389 380 387 380 390 380 391 381 371 381 379 381 391 382 382 382 371 382 391 383 392 383 382 383 391 384 393 384 392 384 391 385 394 385 393 385 391 386 379 386 389 386 395 387 384 387 386 387 395 388 396 388 397 388 395 389 398 389 396 389 395 390 386 390 398 390 399 391 400 391 401 391 399 392 397 392 400 392 399 393 395 393 397 393 402 394 399 394 401 394 402 395 401 395 403 395 404 396 402 396 403 396 404 397 405 397 406 397 404 398 403 398 405 398 407 399 406 399 408 399 407 400 404 400 406 400 409 401 228 401 229 401 409 402 407 402 408 402 409 403 408 403 228 403 410 404 409 404 229 404 410 405 229 405 411 405 412 406 410 406 411 406 412 407 411 407 413 407 414 408 412 408 413 408 414 409 413 409 415 409 416 410 414 410 415 410 416 411 415 411 417 411 418 412 416 412 417 412 418 413 417 413 419 413 420 414 418 414 419 414 420 415 419 415 421 415 422 416 420 416 421 416 422 417 421 417 423 417 424 418 425 418 426 418 427 419 426 419 425 419 428 420 424 420 426 420 428 421 426 421 429 421 430 422 426 422 427 422 430 423 431 423 426 423 432 424 428 424 429 424 433 425 431 425 430 425 434 426 432 426 429 426 435 427 431 427 433 427 436 428 429 428 437 428 436 429 434 429 429 429 438 430 431 430 435 430 438 431 439 431 431 431 440 432 436 432 437 432 441 433 439 433 438 433 442 434 440 434 437 434 443 435 439 435 441 435 444 436 442 436 437 436 444 437 437 437 445 437 446 438 439 438 443 438 447 439 444 439 445 439 448 440 449 440 439 440 448 441 439 441 446 441 450 442 447 442 445 442 451 443 449 443 448 443 452 444 445 444 453 444 452 445 450 445 445 445 454 446 449 446 451 446 455 447 452 447 453 447 456 448 449 448 454 448 457 449 453 449 458 449 457 450 455 450 453 450 459 451 449 451 456 451 460 452 457 452 458 452 461 453 449 453 459 453 462 454 460 454 458 454 462 455 458 455 463 455 464 456 449 456 461 456 465 457 462 457 463 457 466 458 449 458 464 458 467 459 463 459 468 459 467 460 465 460 463 460 469 461 449 461 466 461 470 462 467 462 468 462 470 463 468 463 471 463 472 464 449 464 469 464 473 465 470 465 471 465 473 466 471 466 474 466 475 467 449 467 472 467 476 468 473 468 474 468 477 469 449 469 475 469 478 470 476 470 474 470 478 471 422 471 423 471 478 472 474 472 422 472 479 473 478 473 423 473 479 474 423 474 480 474 481 475 479 475 480 475 481 476 480 476 482 476 483 477 481 477 482 477 483 478 482 478 484 478 485 479 486 479 487 479 485 480 488 480 486 480 485 481 477 481 488 481 485 482 449 482 477 482 489 483 485 483 487 483 490 484 483 484 484 484 490 485 484 485 491 485 492 486 493 486 485 486 494 487 485 487 489 487 495 488 490 488 491 488 495 489 491 489 496 489 497 490 492 490 485 490 498 491 485 491 494 491 499 492 495 492 496 492 499 493 496 493 500 493 501 494 499 494 500 494 501 495 500 495 502 495 503 496 502 496 504 496 503 497 501 497 502 497 505 498 506 498 507 498 505 499 507 499 497 499 505 500 497 500 485 500 508 501 504 501 509 501 508 502 503 502 504 502 510 503 505 503 485 503 511 504 510 504 485 504 512 505 513 505 511 505 514 506 515 506 512 506 516 507 514 507 512 507 516 508 517 508 514 508 516 509 511 509 485 509 516 510 512 510 511 510 0 511 518 511 516 511 0 512 519 512 520 512 0 513 521 513 519 513 0 514 522 514 521 514 0 515 523 515 522 515 0 516 524 516 523 516 0 517 498 517 524 517 0 518 516 518 485 518 0 519 485 519 498 519 525 520 526 520 527 520 525 521 528 521 526 521 525 522 529 522 528 522 525 523 530 523 529 523 525 524 531 524 530 524 525 525 532 525 531 525 525 526 533 526 532 526 525 527 534 527 533 527 525 528 535 528 534 528 525 529 536 529 535 529 525 530 537 530 536 530 525 531 538 531 537 531 525 532 539 532 538 532 525 533 540 533 539 533 525 534 541 534 540 534 525 535 542 535 541 535 525 536 543 536 542 536 525 537 544 537 543 537 525 538 545 538 544 538 525 539 546 539 545 539 525 540 547 540 546 540 525 541 548 541 547 541 525 542 549 542 548 542 1 543 550 543 551 543 1 544 552 544 550 544 1 545 553 545 552 545 1 546 554 546 553 546 1 547 555 547 554 547 1 548 520 548 555 548 1 549 0 549 520 549 1 550 549 550 525 550 1 551 551 551 549 551 556 552 557 552 1 552 558 553 559 553 560 553 561 554 1 554 525 554 561 555 556 555 1 555 561 556 562 556 559 556 561 557 525 557 562 557 561 558 559 558 558 558 563 559 564 559 565 559 563 560 566 560 564 560 567 561 561 561 568 561 569 562 561 562 567 562 569 563 565 563 556 563 569 564 570 564 563 564 569 565 556 565 561 565 569 566 563 566 565 566 242 567 16 567 267 567 267 568 16 568 571 568 571 569 16 569 144 569 144 570 16 570 53 570 144 571 53 571 141 571 86 572 525 572 527 572 86 573 527 573 572 573 86 574 572 574 573 574 86 575 573 575 508 575 86 576 508 576 103 576 103 577 508 577 509 577 0 578 2 578 518 578 518 579 574 579 516 579 2 580 574 580 518 580 516 581 575 581 517 581 574 582 575 582 516 582 517 583 576 583 514 583 575 584 576 584 517 584 514 585 577 585 515 585 576 586 577 586 514 586 515 587 578 587 512 587 577 588 578 588 515 588 578 589 579 589 512 589 512 590 580 590 513 590 513 591 580 591 511 591 579 592 580 592 512 592 580 593 581 593 511 593 511 594 582 594 510 594 510 595 582 595 505 595 581 596 582 596 511 596 505 597 583 597 506 597 582 598 583 598 505 598 506 599 584 599 507 599 583 600 584 600 506 600 507 601 585 601 497 601 584 602 585 602 507 602 497 603 586 603 492 603 585 604 586 604 497 604 492 605 587 605 493 605 586 606 587 606 492 606 587 607 588 607 493 607 588 608 589 608 493 608 493 609 589 609 485 609 3 610 1 610 557 610 590 611 557 611 556 611 590 612 3 612 557 612 591 613 556 613 565 613 591 614 590 614 556 614 592 615 565 615 564 615 592 616 591 616 565 616 593 617 564 617 566 617 593 618 592 618 564 618 594 619 566 619 563 619 594 620 593 620 566 620 595 621 563 621 570 621 595 622 594 622 563 622 596 623 570 623 569 623 596 624 595 624 570 624 597 625 569 625 567 625 597 626 596 626 569 626 598 627 567 627 568 627 598 628 597 628 567 628 599 629 568 629 561 629 599 630 598 630 568 630 600 631 561 631 558 631 600 632 599 632 561 632 601 633 558 633 560 633 601 634 600 634 558 634 602 635 560 635 559 635 602 636 601 636 560 636 603 637 559 637 562 637 603 638 602 638 559 638 604 639 603 639 562 639 605 640 604 640 562 640 605 641 562 641 525 641 606 642 607 642 608 642 606 643 608 643 609 643 606 644 609 644 610 644 611 645 607 645 606 645 612 646 613 646 614 646 612 647 614 647 615 647 612 648 615 648 616 648 612 649 616 649 617 649 612 650 617 650 607 650 612 651 607 651 611 651 618 652 619 652 612 652 618 653 612 653 611 653 620 654 611 654 621 654 620 655 621 655 622 655 620 656 618 656 611 656 623 657 618 657 620 657 624 658 623 658 625 658 626 659 624 659 627 659 626 660 623 660 624 660 628 661 626 661 629 661 630 662 626 662 628 662 630 663 623 663 626 663 631 664 630 664 632 664 631 665 632 665 633 665 634 666 630 666 631 666 635 667 634 667 636 667 637 668 623 668 630 668 637 669 630 669 634 669 637 670 634 670 635 670 637 671 635 671 638 671 639 672 623 672 637 672 639 673 618 673 623 673 640 674 618 674 639 674 641 675 618 675 640 675 642 676 618 676 641 676 643 677 618 677 642 677 644 678 618 678 643 678 645 679 618 679 644 679 646 680 618 680 645 680 647 681 618 681 646 681 648 682 618 682 647 682 649 683 618 683 648 683 650 684 618 684 649 684 651 685 652 685 653 685 654 686 651 686 653 686 655 687 656 687 657 687 655 688 658 688 656 688 655 689 653 689 658 689 655 690 654 690 653 690 659 691 660 691 654 691 659 692 661 692 660 692 659 693 662 693 661 693 659 694 654 694 655 694 663 695 659 695 655 695 664 696 665 696 666 696 664 697 667 697 665 697 664 698 655 698 667 698 664 699 663 699 655 699 668 700 669 700 670 700 671 701 669 701 668 701 672 702 669 702 671 702 673 703 669 703 672 703 674 704 669 704 673 704 675 705 674 705 676 705 677 706 669 706 674 706 677 707 674 707 675 707 678 708 669 708 677 708 678 709 677 709 679 709 680 710 669 710 678 710 681 711 680 711 682 711 683 712 663 712 664 712 683 713 669 713 680 713 683 714 664 714 669 714 683 715 680 715 681 715 683 716 681 716 684 716 685 717 663 717 683 717 686 718 685 718 683 718 687 719 686 719 683 719 688 720 687 720 683 720 689 721 688 721 683 721 690 722 689 722 683 722 691 723 690 723 683 723 692 724 691 724 683 724 693 725 692 725 683 725 694 726 693 726 683 726 695 727 694 727 683 727 696 728 697 728 698 728 699 729 700 729 701 729 702 730 700 730 699 730 702 731 703 731 700 731 704 732 697 732 696 732 705 733 699 733 701 733 705 734 701 734 706 734 707 735 696 735 698 735 707 736 698 736 708 736 709 737 703 737 702 737 709 738 710 738 703 738 711 739 697 739 704 739 711 740 712 740 697 740 713 741 705 741 706 741 713 742 706 742 714 742 715 743 707 743 708 743 715 744 708 744 716 744 717 745 710 745 709 745 717 746 718 746 710 746 719 747 712 747 711 747 719 748 720 748 712 748 721 749 713 749 714 749 722 750 715 750 716 750 723 751 724 751 718 751 723 752 718 752 717 752 725 753 720 753 719 753 725 754 726 754 720 754 727 755 722 755 716 755 727 756 716 756 728 756 729 757 726 757 725 757 730 758 618 758 650 758 730 759 650 759 724 759 730 760 724 760 723 760 731 761 727 761 728 761 731 762 728 762 732 762 733 763 618 763 730 763 734 764 731 764 732 764 735 765 732 765 736 765 735 766 734 766 732 766 737 767 735 767 736 767 737 768 736 768 738 768 739 769 740 769 741 769 742 770 740 770 739 770 742 771 743 771 740 771 744 772 739 772 741 772 744 773 741 773 745 773 746 774 737 774 738 774 747 775 743 775 742 775 747 776 748 776 743 776 749 777 744 777 745 777 749 778 745 778 750 778 751 779 746 779 738 779 751 780 738 780 752 780 753 781 748 781 747 781 753 782 721 782 714 782 753 783 714 783 748 783 754 784 751 784 752 784 754 785 752 785 755 785 756 786 749 786 750 786 756 787 750 787 726 787 757 788 754 788 755 788 758 789 721 789 753 789 758 790 759 790 760 790 758 791 760 791 721 791 761 792 757 792 755 792 761 793 755 793 762 793 763 794 756 794 726 794 763 795 729 795 764 795 763 796 726 796 729 796 765 797 761 797 762 797 765 798 762 798 766 798 767 799 768 799 759 799 767 800 759 800 758 800 769 801 765 801 766 801 769 802 766 802 770 802 771 803 763 803 764 803 771 804 764 804 772 804 773 805 769 805 770 805 774 806 775 806 768 806 774 807 768 807 767 807 776 808 773 808 770 808 776 809 770 809 777 809 778 810 772 810 779 810 778 811 779 811 780 811 778 812 771 812 772 812 781 813 776 813 777 813 781 814 777 814 782 814 783 815 784 815 785 815 783 816 785 816 775 816 783 817 775 817 774 817 786 818 781 818 782 818 787 819 780 819 788 819 787 820 778 820 780 820 789 821 786 821 782 821 789 822 782 822 790 822 791 823 789 823 790 823 791 824 790 824 792 824 793 825 784 825 783 825 793 826 794 826 795 826 793 827 795 827 784 827 796 828 791 828 792 828 797 829 787 829 788 829 797 830 788 830 798 830 797 831 798 831 799 831 800 832 796 832 792 832 800 833 792 833 801 833 802 834 800 834 801 834 802 835 801 835 803 835 804 836 805 836 806 836 804 837 806 837 794 837 804 838 794 838 793 838 807 839 802 839 803 839 807 840 803 840 808 840 809 841 797 841 799 841 809 842 799 842 810 842 809 843 810 843 811 843 809 844 811 844 812 844 813 845 807 845 808 845 814 846 813 846 808 846 814 847 808 847 815 847 816 848 817 848 818 848 816 849 818 849 819 849 816 850 819 850 805 850 816 851 805 851 804 851 820 852 815 852 821 852 820 853 814 853 815 853 822 854 809 854 812 854 822 855 812 855 823 855 822 856 823 856 824 856 825 857 826 857 827 857 825 858 827 858 828 858 825 859 828 859 817 859 825 860 817 860 816 860 829 861 824 861 830 861 829 862 822 862 824 862 829 863 830 863 831 863 829 864 831 864 832 864 829 865 832 865 833 865 605 866 834 866 835 866 605 867 835 867 836 867 605 868 836 868 837 868 605 869 837 869 838 869 605 870 838 870 839 870 605 871 839 871 840 871 605 872 840 872 841 872 605 873 841 873 842 873 605 874 842 874 843 874 605 875 843 875 844 875 605 876 844 876 845 876 605 877 845 877 846 877 605 878 846 878 847 878 605 879 847 879 848 879 605 880 848 880 849 880 605 881 849 881 850 881 605 882 850 882 851 882 605 883 851 883 852 883 605 884 852 884 853 884 605 885 853 885 854 885 605 886 854 886 855 886 605 887 855 887 856 887 605 888 856 888 857 888 858 889 826 889 825 889 858 890 859 890 860 890 858 891 860 891 861 891 858 892 861 892 826 892 862 893 829 893 833 893 862 894 833 894 863 894 862 895 863 895 864 895 862 896 864 896 865 896 602 897 603 897 604 897 602 898 604 898 605 898 601 899 602 899 605 899 866 900 859 900 858 900 866 901 867 901 868 901 866 902 868 902 869 902 866 903 869 903 870 903 866 904 870 904 859 904 598 905 599 905 600 905 598 906 600 906 601 906 598 907 601 907 605 907 871 908 865 908 872 908 871 909 872 909 873 909 871 910 873 910 874 910 871 911 874 911 875 911 871 912 862 912 865 912 596 913 597 913 598 913 876 914 877 914 878 914 876 915 878 915 879 915 876 916 879 916 867 916 876 917 867 917 866 917 595 918 596 918 598 918 594 919 598 919 605 919 594 920 595 920 598 920 880 921 871 921 875 921 880 922 875 922 881 922 880 923 881 923 882 923 880 924 882 924 883 924 880 925 883 925 884 925 593 926 594 926 605 926 591 927 592 927 593 927 885 928 886 928 887 928 885 929 887 929 888 929 885 930 888 930 889 930 885 931 889 931 877 931 885 932 877 932 876 932 590 933 591 933 593 933 3 934 605 934 857 934 3 935 590 935 593 935 3 936 857 936 890 936 3 937 890 937 891 937 3 938 891 938 892 938 3 939 892 939 893 939 3 940 893 940 894 940 3 941 894 941 895 941 3 942 895 942 896 942 3 943 593 943 605 943 897 944 880 944 884 944 897 945 884 945 898 945 897 946 898 946 899 946 897 947 899 947 900 947 897 948 900 948 901 948 902 949 903 949 904 949 902 950 904 950 905 950 902 951 905 951 906 951 902 952 906 952 907 952 902 953 907 953 908 953 902 954 908 954 909 954 902 955 909 955 910 955 902 956 910 956 911 956 902 957 911 957 912 957 902 958 912 958 913 958 902 959 913 959 886 959 902 960 886 960 885 960 914 961 915 961 916 961 914 962 897 962 901 962 914 963 901 963 917 963 914 964 917 964 918 964 914 965 918 965 915 965 919 966 916 966 920 966 919 967 920 967 921 967 919 968 921 968 922 968 919 969 922 969 923 969 919 970 914 970 916 970 924 971 923 971 925 971 924 972 925 972 926 972 924 973 926 973 927 973 924 974 927 974 928 974 924 975 919 975 923 975 929 976 928 976 930 976 929 977 930 977 931 977 929 978 931 978 932 978 929 979 924 979 928 979 933 980 932 980 934 980 933 981 934 981 935 981 933 982 935 982 936 982 933 983 929 983 932 983 589 984 903 984 902 984 589 985 937 985 938 985 589 986 938 986 939 986 589 987 939 987 940 987 589 988 940 988 941 988 589 989 941 989 942 989 589 990 942 990 903 990 2 991 937 991 589 991 2 992 3 992 896 992 2 993 896 993 943 993 2 994 943 994 944 994 2 995 944 995 945 995 2 996 945 996 946 996 2 997 946 997 947 997 2 998 947 998 937 998 576 999 574 999 2 999 576 1000 575 1000 574 1000 577 1001 576 1001 2 1001 577 1002 2 1002 589 1002 577 1003 589 1003 588 1003 948 1004 936 1004 949 1004 948 1005 949 1005 950 1005 948 1006 950 1006 951 1006 948 1007 933 1007 936 1007 578 1008 577 1008 588 1008 578 1009 587 1009 586 1009 578 1010 588 1010 587 1010 583 1011 585 1011 584 1011 583 1012 586 1012 585 1012 580 1013 579 1013 578 1013 581 1014 586 1014 583 1014 581 1015 578 1015 586 1015 581 1016 580 1016 578 1016 581 1017 583 1017 582 1017 952 1018 951 1018 953 1018 952 1019 953 1019 954 1019 952 1020 948 1020 951 1020 955 1021 954 1021 956 1021 955 1022 956 1022 957 1022 955 1023 952 1023 954 1023 958 1024 957 1024 959 1024 958 1025 959 1025 960 1025 958 1026 955 1026 957 1026 961 1027 960 1027 962 1027 961 1028 962 1028 963 1028 961 1029 958 1029 960 1029 964 1030 963 1030 965 1030 964 1031 961 1031 963 1031 966 1032 965 1032 820 1032 966 1033 964 1033 965 1033 966 1034 820 1034 821 1034 967 1035 821 1035 968 1035 967 1036 966 1036 821 1036 969 1037 968 1037 970 1037 969 1038 967 1038 968 1038 971 1039 970 1039 972 1039 971 1040 969 1040 970 1040 973 1041 972 1041 974 1041 973 1042 971 1042 972 1042 975 1043 974 1043 976 1043 975 1044 973 1044 974 1044 977 1045 976 1045 978 1045 977 1046 975 1046 976 1046 979 1047 978 1047 980 1047 979 1048 977 1048 978 1048 981 1049 982 1049 983 1049 984 1050 983 1050 982 1050 985 1051 982 1051 981 1051 985 1052 986 1052 982 1052 987 1053 984 1053 982 1053 987 1054 982 1054 988 1054 989 1055 986 1055 985 1055 990 1056 987 1056 988 1056 991 1057 986 1057 989 1057 992 1058 990 1058 988 1058 993 1059 986 1059 991 1059 994 1060 992 1060 988 1060 994 1061 988 1061 995 1061 996 1062 986 1062 993 1062 996 1063 997 1063 986 1063 998 1064 994 1064 995 1064 999 1065 997 1065 996 1065 1000 1066 998 1066 995 1066 1001 1067 997 1067 999 1067 1002 1068 1000 1068 995 1068 1002 1069 995 1069 1003 1069 1004 1070 997 1070 1001 1070 1005 1071 1002 1071 1003 1071 1006 1072 997 1072 1004 1072 1006 1073 1007 1073 997 1073 1008 1074 1003 1074 1009 1074 1008 1075 1005 1075 1003 1075 1010 1076 1007 1076 1006 1076 1011 1077 1008 1077 1009 1077 1012 1078 1007 1078 1010 1078 1013 1079 1009 1079 1014 1079 1013 1080 1011 1080 1009 1080 1015 1081 1007 1081 1012 1081 1016 1082 1013 1082 1014 1082 1017 1083 1007 1083 1015 1083 1018 1084 1014 1084 1019 1084 1018 1085 1016 1085 1014 1085 1020 1086 1007 1086 1017 1086 1021 1087 1018 1087 1019 1087 1022 1088 1007 1088 1020 1088 1023 1089 1019 1089 1024 1089 1023 1090 1021 1090 1019 1090 1025 1091 1007 1091 1022 1091 1026 1092 1023 1092 1024 1092 1027 1093 1007 1093 1025 1093 1028 1094 1024 1094 1029 1094 1028 1095 1026 1095 1024 1095 1030 1096 1007 1096 1027 1096 1031 1097 1029 1097 1032 1097 1031 1098 1028 1098 1029 1098 1033 1099 1007 1099 1030 1099 1034 1100 1032 1100 979 1100 1034 1101 1031 1101 1032 1101 1035 1102 1007 1102 1033 1102 1036 1103 979 1103 980 1103 1036 1104 1034 1104 979 1104 1037 1105 980 1105 1038 1105 1037 1106 1036 1106 980 1106 1039 1107 1037 1107 1038 1107 1039 1108 1038 1108 1040 1108 1041 1109 1007 1109 1035 1109 1041 1110 1035 1110 1042 1110 1041 1111 1042 1111 1043 1111 1044 1112 1041 1112 1043 1112 1045 1113 1040 1113 1046 1113 1045 1114 1039 1114 1040 1114 1047 1115 1041 1115 1044 1115 1048 1116 1045 1116 1046 1116 1048 1117 1046 1117 1049 1117 1050 1118 1051 1118 1041 1118 1052 1119 1041 1119 1047 1119 1053 1120 1048 1120 1049 1120 1053 1121 1049 1121 1054 1121 1053 1122 1054 1122 1055 1122 1056 1123 1050 1123 1041 1123 1057 1124 1041 1124 1052 1124 1058 1125 1055 1125 1059 1125 1058 1126 1053 1126 1055 1126 1060 1127 1059 1127 695 1127 1060 1128 1058 1128 1059 1128 1060 1129 695 1129 683 1129 1061 1130 1062 1130 1063 1130 1061 1131 1063 1131 1056 1131 1064 1132 1060 1132 683 1132 1065 1133 1064 1133 683 1133 1066 1134 1061 1134 1056 1134 1066 1135 1067 1135 1068 1135 1066 1136 1068 1136 1061 1136 1069 1137 1066 1137 1056 1137 1070 1138 1056 1138 1041 1138 1070 1139 1069 1139 1056 1139 1070 1140 1071 1140 1069 1140 1072 1141 1073 1141 1074 1141 1072 1142 1074 1142 1070 1142 1075 1143 1072 1143 1070 1143 1075 1144 1041 1144 1057 1144 1075 1145 1070 1145 1041 1145 1075 1146 1057 1146 1076 1146 1075 1147 1076 1147 1077 1147 1075 1148 1077 1148 1078 1148 1075 1149 1078 1149 1079 1149 1075 1150 1079 1150 1080 1150 1075 1151 1080 1151 1081 1151 1082 1152 1083 1152 1084 1152 1082 1153 1084 1153 1085 1153 1082 1154 1085 1154 1086 1154 1082 1155 1086 1155 1087 1155 1082 1156 1087 1156 1088 1156 1082 1157 1088 1157 1089 1157 1082 1158 1089 1158 1090 1158 1082 1159 1090 1159 1091 1159 1082 1160 1091 1160 1092 1160 1082 1161 1092 1161 1093 1161 1082 1162 1093 1162 1094 1162 1082 1163 1094 1163 1095 1163 1082 1164 1095 1164 1096 1164 1082 1165 1096 1165 1097 1165 1082 1166 1097 1166 1098 1166 1082 1167 1098 1167 1099 1167 1082 1168 1099 1168 1100 1168 1082 1169 1100 1169 1101 1169 1082 1170 1102 1170 1103 1170 1082 1171 1103 1171 1104 1171 1082 1172 1104 1172 1105 1172 1082 1173 1105 1173 1106 1173 1082 1174 1106 1174 1107 1174 1082 1175 1107 1175 1083 1175 1108 1176 1075 1176 1081 1176 1108 1177 1102 1177 1082 1177 1108 1178 1081 1178 1109 1178 1108 1179 1109 1179 1110 1179 1108 1180 1110 1180 1111 1180 1108 1181 1111 1181 1112 1181 1108 1182 1112 1182 1113 1182 1108 1183 1113 1183 1102 1183 1114 1184 1082 1184 1115 1184 1116 1185 1117 1185 1108 1185 1116 1186 1108 1186 1082 1186 1118 1187 1082 1187 1114 1187 1118 1188 1114 1188 1119 1188 1118 1189 1119 1189 1120 1189 1121 1190 1116 1190 1082 1190 1121 1191 1082 1191 1118 1191 1121 1192 1122 1192 1123 1192 1121 1193 1123 1193 1116 1193 1124 1194 1121 1194 1118 1194 1124 1195 1118 1195 1125 1195 1124 1196 1125 1196 1126 1196 1124 1197 1127 1197 1128 1197 1124 1198 1128 1198 1121 1198 605 1199 618 1199 834 1199 834 1200 618 1200 1129 1200 1129 1201 618 1201 1130 1201 1130 1202 618 1202 733 1202 683 1203 1082 1203 1101 1203 683 1204 1101 1204 1131 1204 683 1205 1131 1205 1065 1205 449 1206 485 1206 589 1206 449 1207 589 1207 902 1207 86 1208 618 1208 605 1208 86 1209 605 1209 525 1209 328 1210 310 1210 1007 1210 1007 1211 310 1211 997 1211 997 1212 294 1212 986 1212 310 1213 294 1213 997 1213 986 1214 278 1214 982 1214 294 1215 278 1215 986 1215 982 1216 268 1216 988 1216 278 1217 268 1217 982 1217 988 1218 234 1218 995 1218 268 1219 234 1219 988 1219 995 1220 224 1220 1003 1220 234 1221 224 1221 995 1221 1003 1222 213 1222 1009 1222 224 1223 213 1223 1003 1223 1009 1224 202 1224 1014 1224 213 1225 202 1225 1009 1225 1014 1226 192 1226 1019 1226 202 1227 192 1227 1014 1227 1019 1228 182 1228 1024 1228 192 1229 182 1229 1019 1229 1024 1230 174 1230 1029 1230 1029 1231 174 1231 1032 1231 182 1232 174 1232 1024 1232 1032 1233 167 1233 979 1233 174 1234 167 1234 1032 1234 167 1235 164 1235 979 1235 979 1236 156 1236 977 1236 164 1237 156 1237 979 1237 977 1238 152 1238 975 1238 156 1239 152 1239 977 1239 975 1240 148 1240 973 1240 973 1241 148 1241 971 1241 152 1242 148 1242 975 1242 971 1243 154 1243 969 1243 148 1244 154 1244 971 1244 154 1245 160 1245 969 1245 160 1246 165 1246 969 1246 969 1247 165 1247 967 1247 165 1248 171 1248 967 1248 967 1249 171 1249 966 1249 966 1250 171 1250 964 1250 171 1251 178 1251 964 1251 178 1252 186 1252 964 1252 964 1253 186 1253 961 1253 961 1254 197 1254 958 1254 186 1255 197 1255 961 1255 958 1256 208 1256 955 1256 197 1257 208 1257 958 1257 955 1258 219 1258 952 1258 952 1259 219 1259 948 1259 208 1260 219 1260 955 1260 948 1261 230 1261 933 1261 219 1262 230 1262 948 1262 230 1263 238 1263 933 1263 933 1264 274 1264 929 1264 238 1265 274 1265 933 1265 929 1266 288 1266 924 1266 274 1267 288 1267 929 1267 924 1268 301 1268 919 1268 919 1269 301 1269 914 1269 288 1270 301 1270 924 1270 301 1271 323 1271 914 1271 914 1272 340 1272 897 1272 897 1273 340 1273 880 1273 323 1274 340 1274 914 1274 340 1275 345 1275 880 1275 880 1276 350 1276 871 1276 345 1277 350 1277 880 1277 871 1278 355 1278 862 1278 862 1279 355 1279 829 1279 350 1280 355 1280 871 1280 355 1281 359 1281 829 1281 829 1282 384 1282 822 1282 359 1283 384 1283 829 1283 822 1284 395 1284 809 1284 384 1285 395 1285 822 1285 809 1286 399 1286 797 1286 395 1287 399 1287 809 1287 797 1288 402 1288 787 1288 399 1289 402 1289 797 1289 787 1290 404 1290 778 1290 778 1291 404 1291 771 1291 402 1292 404 1292 787 1292 404 1293 407 1293 771 1293 407 1294 409 1294 771 1294 771 1295 409 1295 763 1295 409 1296 410 1296 763 1296 763 1297 410 1297 756 1297 410 1298 412 1298 756 1298 756 1299 412 1299 749 1299 412 1300 414 1300 749 1300 749 1301 414 1301 744 1301 744 1302 414 1302 739 1302 414 1303 416 1303 739 1303 416 1304 418 1304 739 1304 739 1305 418 1305 742 1305 418 1306 420 1306 742 1306 742 1307 420 1307 747 1307 420 1308 422 1308 747 1308 747 1309 422 1309 753 1309 422 1310 474 1310 753 1310 753 1311 474 1311 758 1311 474 1312 471 1312 758 1312 758 1313 471 1313 767 1313 471 1314 468 1314 767 1314 767 1315 468 1315 774 1315 774 1316 468 1316 783 1316 468 1317 463 1317 783 1317 463 1318 458 1318 783 1318 783 1319 458 1319 793 1319 793 1320 458 1320 804 1320 458 1321 453 1321 804 1321 804 1322 445 1322 816 1322 453 1323 445 1323 804 1323 816 1324 437 1324 825 1324 445 1325 437 1325 816 1325 825 1326 429 1326 858 1326 437 1327 429 1327 825 1327 858 1328 426 1328 866 1328 866 1329 426 1329 876 1329 429 1330 426 1330 858 1330 426 1331 431 1331 876 1331 876 1332 439 1332 885 1332 431 1333 439 1333 876 1333 885 1334 449 1334 902 1334 439 1335 449 1335 885 1335 619 1336 86 1336 89 1336 619 1337 618 1337 86 1337 612 1338 89 1338 84 1338 612 1339 619 1339 89 1339 613 1340 84 1340 85 1340 613 1341 612 1341 84 1341 614 1342 85 1342 83 1342 614 1343 83 1343 81 1343 614 1344 613 1344 85 1344 615 1345 81 1345 82 1345 615 1346 614 1346 81 1346 616 1347 615 1347 82 1347 617 1348 82 1348 80 1348 617 1349 616 1349 82 1349 607 1350 80 1350 78 1350 607 1351 617 1351 80 1351 608 1352 78 1352 79 1352 608 1353 607 1353 78 1353 609 1354 79 1354 76 1354 609 1355 76 1355 77 1355 609 1356 608 1356 79 1356 610 1357 77 1357 75 1357 610 1358 609 1358 77 1358 606 1359 610 1359 75 1359 611 1360 75 1360 74 1360 611 1361 74 1361 71 1361 611 1362 606 1362 75 1362 621 1363 71 1363 73 1363 621 1364 611 1364 71 1364 622 1365 621 1365 73 1365 620 1366 622 1366 73 1366 620 1367 73 1367 72 1367 364 1368 328 1368 1041 1368 1041 1369 328 1369 1007 1369 72 1370 67 1370 620 1370 620 1371 67 1371 623 1371 1072 1372 371 1372 378 1372 1072 1373 1075 1373 371 1373 1073 1374 378 1374 377 1374 1073 1375 1072 1375 378 1375 1074 1376 377 1376 383 1376 1074 1377 1073 1377 377 1377 1070 1378 383 1378 382 1378 1070 1379 1074 1379 383 1379 1071 1380 382 1380 392 1380 1071 1381 1070 1381 382 1381 1069 1382 392 1382 393 1382 1069 1383 1071 1383 392 1383 1066 1384 393 1384 394 1384 1066 1385 1069 1385 393 1385 1067 1386 394 1386 391 1386 1067 1387 1066 1387 394 1387 1068 1388 391 1388 389 1388 1068 1389 1067 1389 391 1389 1061 1390 389 1390 390 1390 1061 1391 1068 1391 389 1391 1062 1392 390 1392 387 1392 1062 1393 1061 1393 390 1393 1063 1394 387 1394 388 1394 1063 1395 1062 1395 387 1395 1056 1396 388 1396 379 1396 1056 1397 1063 1397 388 1397 1050 1398 379 1398 381 1398 1050 1399 1056 1399 379 1399 1051 1400 381 1400 380 1400 1051 1401 380 1401 364 1401 1051 1402 1050 1402 381 1402 1041 1403 1051 1403 364 1403 623 1404 67 1404 69 1404 625 1405 69 1405 68 1405 625 1406 623 1406 69 1406 624 1407 68 1407 70 1407 624 1408 625 1408 68 1408 627 1409 70 1409 58 1409 627 1410 624 1410 70 1410 626 1411 627 1411 58 1411 629 1412 58 1412 60 1412 629 1413 626 1413 58 1413 628 1414 60 1414 59 1414 628 1415 629 1415 60 1415 630 1416 59 1416 61 1416 630 1417 628 1417 59 1417 632 1418 61 1418 56 1418 632 1419 630 1419 61 1419 633 1420 56 1420 55 1420 633 1421 632 1421 56 1421 631 1422 55 1422 54 1422 631 1423 633 1423 55 1423 634 1424 54 1424 57 1424 634 1425 631 1425 54 1425 636 1426 57 1426 63 1426 636 1427 634 1427 57 1427 635 1428 63 1428 64 1428 635 1429 64 1429 65 1429 635 1430 636 1430 63 1430 638 1431 635 1431 65 1431 637 1432 65 1432 62 1432 637 1433 638 1433 65 1433 639 1434 637 1434 62 1434 639 1435 62 1435 66 1435 315 1436 371 1436 1075 1436 315 1437 1075 1437 1108 1437 1132 1438 1133 1438 640 1438 66 1439 87 1439 1132 1439 639 1440 66 1440 1132 1440 639 1441 1132 1441 640 1441 1115 1442 242 1442 273 1442 1115 1443 1082 1443 242 1443 1114 1444 273 1444 272 1444 1114 1445 1115 1445 273 1445 1119 1446 272 1446 284 1446 1119 1447 1114 1447 272 1447 1120 1448 284 1448 285 1448 1120 1449 1119 1449 284 1449 1118 1450 285 1450 283 1450 1118 1451 1120 1451 285 1451 1125 1452 283 1452 287 1452 1125 1453 1118 1453 283 1453 1126 1454 287 1454 286 1454 1126 1455 1125 1455 287 1455 1124 1456 286 1456 293 1456 1124 1457 1126 1457 286 1457 1127 1458 293 1458 300 1458 1127 1459 1124 1459 293 1459 1128 1460 300 1460 299 1460 1128 1461 1127 1461 300 1461 1121 1462 299 1462 307 1462 1121 1463 1128 1463 299 1463 1122 1464 307 1464 306 1464 1122 1465 1121 1465 307 1465 1123 1466 306 1466 308 1466 1123 1467 1122 1467 306 1467 1116 1468 308 1468 309 1468 1116 1469 1123 1469 308 1469 1117 1470 309 1470 316 1470 1117 1471 316 1471 315 1471 1117 1472 1116 1472 309 1472 1108 1473 1117 1473 315 1473 87 1474 88 1474 1132 1474 1132 1475 88 1475 1134 1475 88 1476 90 1476 1134 1476 1134 1477 90 1477 1135 1477 90 1478 91 1478 1135 1478 1135 1479 91 1479 1136 1479 1136 1480 92 1480 1137 1480 91 1481 92 1481 1136 1481 1137 1482 93 1482 1138 1482 92 1483 93 1483 1137 1483 93 1484 94 1484 1138 1484 1138 1485 94 1485 1139 1485 94 1486 95 1486 1139 1486 1139 1487 95 1487 1140 1487 95 1488 96 1488 1140 1488 1140 1489 96 1489 1141 1489 96 1490 97 1490 1141 1490 1141 1491 97 1491 1142 1491 97 1492 98 1492 1142 1492 1142 1493 98 1493 1143 1493 98 1494 99 1494 1143 1494 1143 1495 99 1495 1144 1495 99 1496 100 1496 1144 1496 1144 1497 100 1497 1145 1497 1146 1498 101 1498 1147 1498 100 1499 101 1499 1145 1499 1145 1500 101 1500 1146 1500 101 1501 102 1501 1147 1501 1147 1502 103 1502 1148 1502 102 1503 103 1503 1147 1503 1148 1504 509 1504 1149 1504 1149 1505 509 1505 1150 1505 103 1506 509 1506 1148 1506 509 1507 504 1507 1150 1507 1150 1508 502 1508 1151 1508 1151 1509 502 1509 1152 1509 504 1510 502 1510 1150 1510 502 1511 500 1511 1152 1511 1152 1512 496 1512 1153 1512 500 1513 496 1513 1152 1513 1153 1514 491 1514 1154 1514 496 1515 491 1515 1153 1515 1154 1516 484 1516 1155 1516 491 1517 484 1517 1154 1517 1155 1518 482 1518 1156 1518 484 1519 482 1519 1155 1519 1156 1520 480 1520 1157 1520 482 1521 480 1521 1156 1521 1157 1522 423 1522 1158 1522 480 1523 423 1523 1157 1523 1158 1524 421 1524 1159 1524 423 1525 421 1525 1158 1525 1159 1526 419 1526 1160 1526 421 1527 419 1527 1159 1527 1160 1528 417 1528 1161 1528 419 1529 417 1529 1160 1529 1161 1530 415 1530 1162 1530 417 1531 415 1531 1161 1531 1162 1532 413 1532 1163 1532 415 1533 413 1533 1162 1533 413 1534 411 1534 1163 1534 1163 1535 411 1535 1164 1535 411 1536 229 1536 1164 1536 1164 1537 229 1537 1165 1537 229 1538 223 1538 1165 1538 1165 1539 223 1539 1166 1539 223 1540 218 1540 1166 1540 1166 1541 218 1541 1167 1541 218 1542 212 1542 1167 1542 1167 1543 212 1543 1168 1543 1168 1544 207 1544 1169 1544 212 1545 207 1545 1168 1545 1169 1546 201 1546 1170 1546 207 1547 201 1547 1169 1547 1170 1548 196 1548 1171 1548 201 1549 196 1549 1170 1549 1171 1550 190 1550 1172 1550 196 1551 190 1551 1171 1551 1172 1552 181 1552 1173 1552 190 1553 181 1553 1172 1553 1173 1554 177 1554 1174 1554 181 1555 177 1555 1173 1555 1174 1556 170 1556 1175 1556 177 1557 170 1557 1174 1557 1175 1558 163 1558 1176 1558 170 1559 163 1559 1175 1559 1176 1560 159 1560 1177 1560 163 1561 159 1561 1176 1561 1177 1562 147 1562 1178 1562 159 1563 147 1563 1177 1563 1178 1564 143 1564 1179 1564 147 1565 143 1565 1178 1565 1179 1566 139 1566 1180 1566 143 1567 139 1567 1179 1567 1180 1568 124 1568 1181 1568 139 1569 124 1569 1180 1569 1181 1570 119 1570 1182 1570 1182 1571 119 1571 1183 1571 124 1572 119 1572 1181 1572 119 1573 109 1573 1183 1573 1183 1574 108 1574 1184 1574 109 1575 108 1575 1183 1575 1184 1576 114 1576 1185 1576 108 1577 114 1577 1184 1577 1185 1578 130 1578 1186 1578 1186 1579 130 1579 1187 1579 114 1580 130 1580 1185 1580 130 1581 137 1581 1187 1581 1187 1582 161 1582 1188 1582 137 1583 161 1583 1187 1583 1188 1584 155 1584 1189 1584 1189 1585 155 1585 1190 1585 161 1586 155 1586 1188 1586 155 1587 150 1587 1190 1587 150 1588 149 1588 1190 1588 1190 1589 149 1589 1191 1589 149 1590 153 1590 1191 1590 1191 1591 153 1591 1192 1591 153 1592 157 1592 1192 1592 1192 1593 157 1593 1193 1593 157 1594 126 1594 1193 1594 1193 1595 126 1595 1194 1595 126 1596 111 1596 1194 1596 1194 1597 111 1597 1195 1597 111 1598 106 1598 1195 1598 1195 1599 106 1599 1196 1599 1196 1600 106 1600 1197 1600 106 1601 105 1601 1197 1601 105 1602 116 1602 1197 1602 1197 1603 116 1603 1198 1603 116 1604 121 1604 1198 1604 1198 1605 121 1605 1199 1605 121 1606 128 1606 1199 1606 1199 1607 128 1607 1200 1607 128 1608 134 1608 1200 1608 1200 1609 134 1609 1201 1609 134 1610 135 1610 1201 1610 1201 1611 135 1611 1202 1611 135 1612 141 1612 1202 1612 1202 1613 141 1613 1203 1613 1203 1614 53 1614 1204 1614 141 1615 53 1615 1203 1615 1204 1616 52 1616 1205 1616 53 1617 52 1617 1204 1617 1205 1618 51 1618 1206 1618 52 1619 51 1619 1205 1619 1206 1620 50 1620 1207 1620 51 1621 50 1621 1206 1621 1207 1622 49 1622 1208 1622 50 1623 49 1623 1207 1623 1208 1624 48 1624 1209 1624 49 1625 48 1625 1208 1625 1209 1626 47 1626 1210 1626 48 1627 47 1627 1209 1627 1210 1628 46 1628 1211 1628 47 1629 46 1629 1210 1629 1211 1630 45 1630 1212 1630 46 1631 45 1631 1211 1631 1212 1632 44 1632 1213 1632 45 1633 44 1633 1212 1633 1213 1634 43 1634 1214 1634 44 1635 43 1635 1213 1635 43 1636 42 1636 1214 1636 1214 1637 42 1637 1215 1637 42 1638 41 1638 1215 1638 1215 1639 41 1639 1216 1639 41 1640 40 1640 1216 1640 1216 1641 40 1641 1217 1641 40 1642 39 1642 1217 1642 1217 1643 39 1643 1218 1643 39 1644 38 1644 1218 1644 1218 1645 38 1645 1219 1645 16 1646 242 1646 1082 1646 683 1647 16 1647 1082 1647 1219 1648 35 1648 663 1648 38 1649 35 1649 1219 1649 685 1650 1219 1650 663 1650 1220 1651 1219 1651 685 1651 670 1652 18 1652 20 1652 670 1653 669 1653 18 1653 668 1654 20 1654 19 1654 668 1655 670 1655 20 1655 671 1656 19 1656 9 1656 671 1657 668 1657 19 1657 672 1658 9 1658 10 1658 672 1659 671 1659 9 1659 673 1660 10 1660 7 1660 673 1661 7 1661 8 1661 673 1662 672 1662 10 1662 674 1663 673 1663 8 1663 676 1664 8 1664 6 1664 676 1665 674 1665 8 1665 675 1666 6 1666 5 1666 675 1667 676 1667 6 1667 677 1668 5 1668 4 1668 677 1669 675 1669 5 1669 679 1670 4 1670 12 1670 679 1671 12 1671 13 1671 679 1672 677 1672 4 1672 678 1673 679 1673 13 1673 680 1674 13 1674 14 1674 680 1675 678 1675 13 1675 682 1676 14 1676 15 1676 682 1677 680 1677 14 1677 681 1678 15 1678 11 1678 681 1679 682 1679 15 1679 684 1680 11 1680 17 1680 684 1681 681 1681 11 1681 683 1682 684 1682 17 1682 683 1683 17 1683 16 1683 22 1684 666 1684 23 1684 664 1685 666 1685 22 1685 23 1686 665 1686 24 1686 666 1687 665 1687 23 1687 24 1688 667 1688 21 1688 665 1689 667 1689 24 1689 21 1690 655 1690 26 1690 667 1691 655 1691 21 1691 26 1692 657 1692 27 1692 27 1693 657 1693 25 1693 655 1694 657 1694 26 1694 657 1695 656 1695 25 1695 25 1696 658 1696 29 1696 656 1697 658 1697 25 1697 29 1698 653 1698 28 1698 658 1699 653 1699 29 1699 28 1700 652 1700 30 1700 653 1701 652 1701 28 1701 30 1702 651 1702 32 1702 32 1703 651 1703 31 1703 652 1704 651 1704 30 1704 651 1705 654 1705 31 1705 31 1706 660 1706 33 1706 654 1707 660 1707 31 1707 33 1708 661 1708 34 1708 660 1709 661 1709 33 1709 34 1710 662 1710 36 1710 661 1711 662 1711 34 1711 36 1712 659 1712 37 1712 662 1713 659 1713 36 1713 659 1714 663 1714 37 1714 37 1715 663 1715 35 1715 22 1716 18 1716 669 1716 22 1717 669 1717 664 1717 397 1718 396 1718 799 1718 799 1719 396 1719 810 1719 810 1720 398 1720 811 1720 396 1721 398 1721 810 1721 811 1722 386 1722 812 1722 398 1723 386 1723 811 1723 812 1724 385 1724 823 1724 823 1725 385 1725 824 1725 386 1726 385 1726 812 1726 385 1727 361 1727 824 1727 824 1728 360 1728 830 1728 361 1729 360 1729 824 1729 830 1730 362 1730 831 1730 360 1731 362 1731 830 1731 831 1732 363 1732 832 1732 362 1733 363 1733 831 1733 832 1734 357 1734 833 1734 363 1735 357 1735 832 1735 833 1736 356 1736 863 1736 357 1737 356 1737 833 1737 863 1738 358 1738 864 1738 864 1739 358 1739 865 1739 356 1740 358 1740 863 1740 358 1741 353 1741 865 1741 865 1742 352 1742 872 1742 872 1743 352 1743 873 1743 353 1744 352 1744 865 1744 352 1745 354 1745 873 1745 873 1746 351 1746 874 1746 354 1747 351 1747 873 1747 874 1748 347 1748 875 1748 351 1749 347 1749 874 1749 875 1750 346 1750 881 1750 347 1751 346 1751 875 1751 881 1752 348 1752 882 1752 882 1753 348 1753 883 1753 346 1754 348 1754 881 1754 348 1755 349 1755 883 1755 883 1756 342 1756 884 1756 884 1757 342 1757 898 1757 349 1758 342 1758 883 1758 342 1759 341 1759 898 1759 898 1760 343 1760 899 1760 899 1761 343 1761 900 1761 341 1762 343 1762 898 1762 343 1763 344 1763 900 1763 900 1764 325 1764 901 1764 344 1765 325 1765 900 1765 901 1766 324 1766 917 1766 917 1767 324 1767 918 1767 325 1768 324 1768 901 1768 918 1769 326 1769 915 1769 324 1770 326 1770 918 1770 326 1771 327 1771 915 1771 327 1772 303 1772 915 1772 915 1773 303 1773 916 1773 303 1774 302 1774 916 1774 916 1775 302 1775 920 1775 920 1776 302 1776 921 1776 302 1777 304 1777 921 1777 304 1778 305 1778 921 1778 921 1779 305 1779 922 1779 305 1780 290 1780 922 1780 922 1781 290 1781 923 1781 290 1782 289 1782 923 1782 923 1783 289 1783 925 1783 925 1784 289 1784 926 1784 289 1785 291 1785 926 1785 291 1786 292 1786 926 1786 926 1787 292 1787 927 1787 927 1788 292 1788 928 1788 292 1789 276 1789 928 1789 276 1790 275 1790 928 1790 928 1791 275 1791 930 1791 930 1792 277 1792 931 1792 931 1793 277 1793 932 1793 275 1794 277 1794 930 1794 277 1795 240 1795 932 1795 932 1796 239 1796 934 1796 240 1797 239 1797 932 1797 934 1798 241 1798 935 1798 239 1799 241 1799 934 1799 935 1800 232 1800 936 1800 241 1801 232 1801 935 1801 936 1802 231 1802 949 1802 949 1803 231 1803 950 1803 232 1804 231 1804 936 1804 231 1805 233 1805 950 1805 950 1806 221 1806 951 1806 233 1807 221 1807 950 1807 951 1808 220 1808 953 1808 953 1809 220 1809 954 1809 221 1810 220 1810 951 1810 220 1811 210 1811 954 1811 954 1812 209 1812 956 1812 956 1813 209 1813 957 1813 210 1814 209 1814 954 1814 209 1815 199 1815 957 1815 957 1816 198 1816 959 1816 959 1817 198 1817 960 1817 199 1818 198 1818 957 1818 960 1819 188 1819 962 1819 198 1820 188 1820 960 1820 188 1821 187 1821 962 1821 187 1822 179 1822 962 1822 962 1823 179 1823 963 1823 179 1824 172 1824 963 1824 963 1825 172 1825 965 1825 965 1826 172 1826 820 1826 172 1827 136 1827 820 1827 136 1828 129 1828 820 1828 820 1829 129 1829 814 1829 129 1830 122 1830 814 1830 814 1831 122 1831 813 1831 813 1832 122 1832 807 1832 122 1833 113 1833 807 1833 113 1834 107 1834 807 1834 807 1835 107 1835 802 1835 802 1836 107 1836 800 1836 107 1837 112 1837 800 1837 112 1838 118 1838 800 1838 800 1839 118 1839 796 1839 118 1840 123 1840 796 1840 796 1841 123 1841 791 1841 791 1842 123 1842 789 1842 123 1843 132 1843 789 1843 132 1844 138 1844 789 1844 789 1845 138 1845 786 1845 786 1846 138 1846 781 1846 138 1847 142 1847 781 1847 142 1848 145 1848 781 1848 781 1849 145 1849 776 1849 145 1850 146 1850 776 1850 776 1851 146 1851 773 1851 146 1852 151 1852 773 1852 773 1853 151 1853 769 1853 769 1854 158 1854 765 1854 151 1855 158 1855 769 1855 765 1856 158 1856 761 1856 761 1857 162 1857 757 1857 158 1858 162 1858 761 1858 162 1859 166 1859 757 1859 757 1860 169 1860 754 1860 754 1861 169 1861 751 1861 166 1862 169 1862 757 1862 169 1863 173 1863 751 1863 751 1864 176 1864 746 1864 173 1865 176 1865 751 1865 746 1866 180 1866 737 1866 176 1867 180 1867 746 1867 737 1868 185 1868 735 1868 180 1869 185 1869 737 1869 735 1870 189 1870 734 1870 185 1871 189 1871 735 1871 189 1872 191 1872 734 1872 734 1873 191 1873 731 1873 191 1874 195 1874 731 1874 731 1875 195 1875 727 1875 195 1876 200 1876 727 1876 727 1877 200 1877 722 1877 200 1878 205 1878 722 1878 722 1879 205 1879 715 1879 205 1880 206 1880 715 1880 715 1881 206 1881 707 1881 707 1882 206 1882 696 1882 206 1883 211 1883 696 1883 696 1884 211 1884 704 1884 211 1885 216 1885 704 1885 216 1886 217 1886 704 1886 704 1887 217 1887 711 1887 217 1888 222 1888 711 1888 711 1889 222 1889 719 1889 222 1890 227 1890 719 1890 719 1891 227 1891 725 1891 227 1892 228 1892 725 1892 725 1893 228 1893 729 1893 228 1894 408 1894 729 1894 729 1895 408 1895 764 1895 408 1896 406 1896 764 1896 764 1897 406 1897 772 1897 406 1898 405 1898 772 1898 772 1899 405 1899 779 1899 405 1900 403 1900 779 1900 779 1901 403 1901 780 1901 403 1902 401 1902 780 1902 780 1903 401 1903 788 1903 401 1904 400 1904 788 1904 788 1905 400 1905 798 1905 400 1906 397 1906 798 1906 798 1907 397 1907 799 1907 529 1908 530 1908 837 1908 837 1909 530 1909 838 1909 838 1910 531 1910 839 1910 530 1911 531 1911 838 1911 839 1912 532 1912 840 1912 531 1913 532 1913 839 1913 840 1914 533 1914 841 1914 841 1915 533 1915 842 1915 532 1916 533 1916 840 1916 533 1917 534 1917 842 1917 842 1918 535 1918 843 1918 534 1919 535 1919 842 1919 843 1920 536 1920 844 1920 535 1921 536 1921 843 1921 844 1922 537 1922 845 1922 536 1923 537 1923 844 1923 845 1924 538 1924 846 1924 537 1925 538 1925 845 1925 846 1926 539 1926 847 1926 538 1927 539 1927 846 1927 847 1928 540 1928 848 1928 848 1929 540 1929 849 1929 539 1930 540 1930 847 1930 540 1931 541 1931 849 1931 849 1932 542 1932 850 1932 850 1933 542 1933 851 1933 541 1934 542 1934 849 1934 542 1935 543 1935 851 1935 851 1936 544 1936 852 1936 543 1937 544 1937 851 1937 852 1938 545 1938 853 1938 544 1939 545 1939 852 1939 853 1940 546 1940 854 1940 545 1941 546 1941 853 1941 854 1942 547 1942 855 1942 855 1943 547 1943 856 1943 546 1944 547 1944 854 1944 547 1945 548 1945 856 1945 856 1946 549 1946 857 1946 857 1947 549 1947 890 1947 548 1948 549 1948 856 1948 549 1949 551 1949 890 1949 890 1950 550 1950 891 1950 891 1951 550 1951 892 1951 551 1952 550 1952 890 1952 550 1953 552 1953 892 1953 892 1954 553 1954 893 1954 552 1955 553 1955 892 1955 893 1956 554 1956 894 1956 894 1957 554 1957 895 1957 553 1958 554 1958 893 1958 895 1959 555 1959 896 1959 554 1960 555 1960 895 1960 555 1961 520 1961 896 1961 520 1962 519 1962 896 1962 896 1963 519 1963 943 1963 519 1964 521 1964 943 1964 943 1965 521 1965 944 1965 944 1966 521 1966 945 1966 521 1967 522 1967 945 1967 522 1968 523 1968 945 1968 945 1969 523 1969 946 1969 523 1970 524 1970 946 1970 946 1971 524 1971 947 1971 524 1972 498 1972 947 1972 947 1973 498 1973 937 1973 937 1974 498 1974 938 1974 498 1975 494 1975 938 1975 494 1976 489 1976 938 1976 938 1977 489 1977 939 1977 939 1978 489 1978 940 1978 489 1979 487 1979 940 1979 487 1980 486 1980 940 1980 940 1981 486 1981 941 1981 941 1982 488 1982 942 1982 942 1983 488 1983 903 1983 486 1984 488 1984 941 1984 488 1985 477 1985 903 1985 903 1986 475 1986 904 1986 477 1987 475 1987 903 1987 904 1988 472 1988 905 1988 475 1989 472 1989 904 1989 905 1990 469 1990 906 1990 472 1991 469 1991 905 1991 906 1992 466 1992 907 1992 907 1993 466 1993 908 1993 469 1994 466 1994 906 1994 466 1995 464 1995 908 1995 908 1996 461 1996 909 1996 464 1997 461 1997 908 1997 909 1998 459 1998 910 1998 910 1999 459 1999 911 1999 461 2000 459 2000 909 2000 459 2001 456 2001 911 2001 911 2002 454 2002 912 2002 912 2003 454 2003 913 2003 456 2004 454 2004 911 2004 454 2005 451 2005 913 2005 913 2006 448 2006 886 2006 886 2007 448 2007 887 2007 451 2008 448 2008 913 2008 887 2009 446 2009 888 2009 448 2010 446 2010 887 2010 446 2011 443 2011 888 2011 443 2012 441 2012 888 2012 888 2013 441 2013 889 2013 441 2014 438 2014 889 2014 889 2015 438 2015 877 2015 877 2016 438 2016 878 2016 438 2017 435 2017 878 2017 435 2018 433 2018 878 2018 878 2019 433 2019 879 2019 433 2020 430 2020 879 2020 879 2021 430 2021 867 2021 867 2022 430 2022 868 2022 430 2023 427 2023 868 2023 427 2024 425 2024 868 2024 868 2025 425 2025 869 2025 869 2026 425 2026 870 2026 425 2027 424 2027 870 2027 424 2028 428 2028 870 2028 870 2029 428 2029 859 2029 428 2030 432 2030 859 2030 859 2031 432 2031 860 2031 860 2032 432 2032 861 2032 432 2033 434 2033 861 2033 434 2034 436 2034 861 2034 861 2035 436 2035 826 2035 826 2036 436 2036 827 2036 436 2037 440 2037 827 2037 440 2038 442 2038 827 2038 827 2039 442 2039 828 2039 442 2040 444 2040 828 2040 828 2041 444 2041 817 2041 444 2042 447 2042 817 2042 817 2043 447 2043 818 2043 818 2044 450 2044 819 2044 447 2045 450 2045 818 2045 819 2046 450 2046 805 2046 805 2047 452 2047 806 2047 450 2048 452 2048 805 2048 452 2049 455 2049 806 2049 806 2050 457 2050 794 2050 794 2051 457 2051 795 2051 455 2052 457 2052 806 2052 457 2053 460 2053 795 2053 795 2054 462 2054 784 2054 460 2055 462 2055 795 2055 784 2056 465 2056 785 2056 462 2057 465 2057 784 2057 785 2058 467 2058 775 2058 465 2059 467 2059 785 2059 775 2060 470 2060 768 2060 467 2061 470 2061 775 2061 470 2062 473 2062 768 2062 768 2063 473 2063 759 2063 473 2064 476 2064 759 2064 759 2065 476 2065 760 2065 476 2066 478 2066 760 2066 760 2067 478 2067 721 2067 478 2068 479 2068 721 2068 721 2069 479 2069 713 2069 479 2070 481 2070 713 2070 713 2071 481 2071 705 2071 705 2072 481 2072 699 2072 481 2073 483 2073 699 2073 699 2074 483 2074 702 2074 483 2075 490 2075 702 2075 490 2076 495 2076 702 2076 702 2077 495 2077 709 2077 495 2078 499 2078 709 2078 709 2079 499 2079 717 2079 499 2080 501 2080 717 2080 717 2081 501 2081 723 2081 501 2082 503 2082 723 2082 723 2083 503 2083 730 2083 503 2084 508 2084 730 2084 730 2085 508 2085 733 2085 508 2086 573 2086 733 2086 733 2087 573 2087 1130 2087 573 2088 572 2088 1130 2088 1130 2089 572 2089 1129 2089 572 2090 527 2090 1129 2090 1129 2091 527 2091 834 2091 527 2092 526 2092 834 2092 834 2093 526 2093 835 2093 526 2094 528 2094 835 2094 835 2095 528 2095 836 2095 528 2096 529 2096 836 2096 836 2097 529 2097 837 2097 330 2098 331 2098 1012 2098 1012 2099 331 2099 1015 2099 1015 2100 332 2100 1017 2100 331 2101 332 2101 1015 2101 1017 2102 333 2102 1020 2102 332 2103 333 2103 1017 2103 1020 2104 334 2104 1022 2104 1022 2105 334 2105 1025 2105 333 2106 334 2106 1020 2106 334 2107 335 2107 1025 2107 1025 2108 336 2108 1027 2108 335 2109 336 2109 1025 2109 1027 2110 337 2110 1030 2110 336 2111 337 2111 1027 2111 1030 2112 338 2112 1033 2112 337 2113 338 2113 1030 2113 1033 2114 339 2114 1035 2114 338 2115 339 2115 1033 2115 1035 2116 365 2116 1042 2116 339 2117 365 2117 1035 2117 1042 2118 366 2118 1043 2118 1043 2119 366 2119 1044 2119 365 2120 366 2120 1042 2120 366 2121 367 2121 1044 2121 1044 2122 368 2122 1047 2122 1047 2123 368 2123 1052 2123 367 2124 368 2124 1044 2124 368 2125 369 2125 1052 2125 1052 2126 370 2126 1057 2126 369 2127 370 2127 1052 2127 1057 2128 372 2128 1076 2128 370 2129 372 2129 1057 2129 1076 2130 373 2130 1077 2130 372 2131 373 2131 1076 2131 1077 2132 374 2132 1078 2132 1078 2133 374 2133 1079 2133 373 2134 374 2134 1077 2134 374 2135 375 2135 1079 2135 1079 2136 376 2136 1080 2136 1080 2137 376 2137 1081 2137 375 2138 376 2138 1079 2138 376 2139 318 2139 1081 2139 1081 2140 317 2140 1109 2140 1109 2141 317 2141 1110 2141 318 2142 317 2142 1081 2142 317 2143 319 2143 1110 2143 1110 2144 320 2144 1111 2144 319 2145 320 2145 1110 2145 1111 2146 321 2146 1112 2146 1112 2147 321 2147 1113 2147 320 2148 321 2148 1111 2148 1113 2149 322 2149 1102 2149 321 2150 322 2150 1113 2150 322 2151 244 2151 1102 2151 244 2152 243 2152 1102 2152 1102 2153 243 2153 1103 2153 243 2154 245 2154 1103 2154 1103 2155 245 2155 1104 2155 1104 2156 245 2156 1105 2156 245 2157 246 2157 1105 2157 246 2158 247 2158 1105 2158 1105 2159 247 2159 1106 2159 247 2160 248 2160 1106 2160 1106 2161 248 2161 1107 2161 248 2162 249 2162 1107 2162 1107 2163 249 2163 1083 2163 1083 2164 249 2164 1084 2164 249 2165 250 2165 1084 2165 250 2166 251 2166 1084 2166 1084 2167 251 2167 1085 2167 1085 2168 251 2168 1086 2168 251 2169 252 2169 1086 2169 252 2170 253 2170 1086 2170 1086 2171 253 2171 1087 2171 1087 2172 254 2172 1088 2172 1088 2173 254 2173 1089 2173 253 2174 254 2174 1087 2174 254 2175 255 2175 1089 2175 1089 2176 256 2176 1090 2176 255 2177 256 2177 1089 2177 1090 2178 257 2178 1091 2178 256 2179 257 2179 1090 2179 1091 2180 258 2180 1092 2180 257 2181 258 2181 1091 2181 1092 2182 259 2182 1093 2182 1093 2183 259 2183 1094 2183 258 2184 259 2184 1092 2184 259 2185 260 2185 1094 2185 1094 2186 261 2186 1095 2186 260 2187 261 2187 1094 2187 1095 2188 262 2188 1096 2188 1096 2189 262 2189 1097 2189 261 2190 262 2190 1095 2190 262 2191 263 2191 1097 2191 1097 2192 264 2192 1098 2192 1098 2193 264 2193 1099 2193 263 2194 264 2194 1097 2194 264 2195 265 2195 1099 2195 1099 2196 266 2196 1100 2196 1100 2197 266 2197 1101 2197 265 2198 266 2198 1099 2198 1101 2199 267 2199 1131 2199 266 2200 267 2200 1101 2200 267 2201 571 2201 1131 2201 571 2202 144 2202 1131 2202 1131 2203 144 2203 1065 2203 144 2204 140 2204 1065 2204 1065 2205 140 2205 1064 2205 1064 2206 140 2206 1060 2206 140 2207 133 2207 1060 2207 133 2208 127 2208 1060 2208 1060 2209 127 2209 1058 2209 127 2210 120 2210 1058 2210 1058 2211 120 2211 1053 2211 1053 2212 120 2212 1048 2212 120 2213 115 2213 1048 2213 115 2214 104 2214 1048 2214 1048 2215 104 2215 1045 2215 1045 2216 104 2216 1039 2216 104 2217 110 2217 1039 2217 110 2218 117 2218 1039 2218 1039 2219 117 2219 1037 2219 117 2220 125 2220 1037 2220 1037 2221 125 2221 1036 2221 1036 2222 125 2222 1034 2222 125 2223 131 2223 1034 2223 131 2224 168 2224 1034 2224 1034 2225 168 2225 1031 2225 1031 2226 168 2226 1028 2226 168 2227 175 2227 1028 2227 175 2228 183 2228 1028 2228 1028 2229 183 2229 1026 2229 183 2230 184 2230 1026 2230 1026 2231 184 2231 1023 2231 184 2232 193 2232 1023 2232 1023 2233 193 2233 1021 2233 1021 2234 194 2234 1018 2234 193 2235 194 2235 1021 2235 1018 2236 194 2236 1016 2236 1016 2237 203 2237 1013 2237 194 2238 203 2238 1016 2238 203 2239 204 2239 1013 2239 1013 2240 214 2240 1011 2240 1011 2241 214 2241 1008 2241 204 2242 214 2242 1013 2242 214 2243 215 2243 1008 2243 1008 2244 225 2244 1005 2244 215 2245 225 2245 1008 2245 1005 2246 226 2246 1002 2246 225 2247 226 2247 1005 2247 1002 2248 235 2248 1000 2248 226 2249 235 2249 1002 2249 1000 2250 236 2250 998 2250 235 2251 236 2251 1000 2251 236 2252 237 2252 998 2252 998 2253 237 2253 994 2253 237 2254 269 2254 994 2254 994 2255 269 2255 992 2255 269 2256 270 2256 992 2256 992 2257 270 2257 990 2257 270 2258 271 2258 990 2258 990 2259 271 2259 987 2259 271 2260 279 2260 987 2260 987 2261 279 2261 984 2261 984 2262 279 2262 983 2262 279 2263 280 2263 983 2263 983 2264 280 2264 981 2264 280 2265 281 2265 981 2265 281 2266 282 2266 981 2266 981 2267 282 2267 985 2267 282 2268 295 2268 985 2268 985 2269 295 2269 989 2269 295 2270 296 2270 989 2270 989 2271 296 2271 991 2271 296 2272 297 2272 991 2272 991 2273 297 2273 993 2273 297 2274 298 2274 993 2274 993 2275 298 2275 996 2275 298 2276 311 2276 996 2276 996 2277 311 2277 999 2277 311 2278 312 2278 999 2278 999 2279 312 2279 1001 2279 312 2280 313 2280 1001 2280 1001 2281 313 2281 1004 2281 313 2282 314 2282 1004 2282 1004 2283 314 2283 1006 2283 314 2284 329 2284 1006 2284 1006 2285 329 2285 1010 2285 329 2286 330 2286 1010 2286 1010 2287 330 2287 1012 2287 641 2288 640 2288 1133 2288 641 2289 1133 2289 1221 2289 642 2290 1221 2290 1222 2290 642 2291 641 2291 1221 2291 643 2292 1222 2292 1223 2292 643 2293 642 2293 1222 2293 644 2294 1223 2294 1224 2294 644 2295 643 2295 1223 2295 645 2296 1224 2296 1225 2296 645 2297 644 2297 1224 2297 646 2298 1225 2298 1226 2298 646 2299 645 2299 1225 2299 647 2300 1226 2300 1227 2300 647 2301 646 2301 1226 2301 648 2302 1227 2302 1228 2302 648 2303 647 2303 1227 2303 649 2304 1228 2304 1229 2304 649 2305 1229 2305 1230 2305 649 2306 648 2306 1228 2306 650 2307 649 2307 1230 2307 724 2308 1230 2308 1231 2308 724 2309 650 2309 1230 2309 718 2310 1231 2310 1232 2310 718 2311 724 2311 1231 2311 710 2312 718 2312 1232 2312 710 2313 1232 2313 1233 2313 703 2314 710 2314 1233 2314 703 2315 1233 2315 1234 2315 700 2316 703 2316 1234 2316 700 2317 1234 2317 1235 2317 700 2318 1235 2318 1236 2318 701 2319 700 2319 1236 2319 706 2320 701 2320 1236 2320 706 2321 1236 2321 1237 2321 714 2322 1237 2322 1238 2322 714 2323 706 2323 1237 2323 748 2324 1238 2324 1239 2324 748 2325 1239 2325 1240 2325 748 2326 714 2326 1238 2326 743 2327 748 2327 1240 2327 740 2328 1240 2328 1241 2328 740 2329 743 2329 1240 2329 741 2330 1241 2330 1242 2330 741 2331 740 2331 1241 2331 745 2332 1242 2332 1243 2332 745 2333 1243 2333 1244 2333 745 2334 741 2334 1242 2334 750 2335 745 2335 1244 2335 726 2336 1244 2336 1245 2336 726 2337 750 2337 1244 2337 720 2338 1245 2338 1246 2338 720 2339 726 2339 1245 2339 712 2340 1246 2340 1247 2340 712 2341 720 2341 1246 2341 697 2342 1247 2342 1248 2342 697 2343 712 2343 1247 2343 698 2344 1248 2344 1249 2344 698 2345 697 2345 1248 2345 708 2346 1249 2346 1250 2346 708 2347 1250 2347 1251 2347 708 2348 698 2348 1249 2348 716 2349 1251 2349 1252 2349 716 2350 708 2350 1251 2350 728 2351 716 2351 1252 2351 732 2352 1252 2352 1253 2352 732 2353 728 2353 1252 2353 736 2354 1253 2354 1254 2354 736 2355 1254 2355 1255 2355 736 2356 732 2356 1253 2356 738 2357 736 2357 1255 2357 752 2358 1255 2358 1256 2358 752 2359 1256 2359 1257 2359 752 2360 738 2360 1255 2360 755 2361 752 2361 1257 2361 762 2362 755 2362 1257 2362 762 2363 1257 2363 1258 2363 766 2364 762 2364 1258 2364 766 2365 1258 2365 1259 2365 770 2366 766 2366 1259 2366 770 2367 1259 2367 1260 2367 777 2368 770 2368 1260 2368 777 2369 1260 2369 1261 2369 777 2370 1261 2370 1262 2370 782 2371 777 2371 1262 2371 790 2372 782 2372 1262 2372 790 2373 1262 2373 1263 2373 792 2374 790 2374 1263 2374 792 2375 1263 2375 1264 2375 792 2376 1264 2376 1265 2376 801 2377 792 2377 1265 2377 803 2378 801 2378 1265 2378 803 2379 1265 2379 1266 2379 803 2380 1266 2380 1267 2380 808 2381 803 2381 1267 2381 815 2382 808 2382 1267 2382 815 2383 1267 2383 1268 2383 821 2384 1268 2384 1269 2384 821 2385 815 2385 1268 2385 968 2386 1269 2386 1270 2386 968 2387 821 2387 1269 2387 970 2388 1270 2388 1271 2388 970 2389 968 2389 1270 2389 972 2390 1271 2390 1272 2390 972 2391 970 2391 1271 2391 974 2392 1272 2392 1273 2392 974 2393 972 2393 1272 2393 976 2394 1273 2394 1274 2394 976 2395 974 2395 1273 2395 978 2396 1274 2396 1275 2396 978 2397 1275 2397 1276 2397 978 2398 976 2398 1274 2398 980 2399 978 2399 1276 2399 1038 2400 1276 2400 1277 2400 1038 2401 980 2401 1276 2401 1040 2402 1277 2402 1278 2402 1040 2403 1038 2403 1277 2403 1046 2404 1278 2404 1279 2404 1046 2405 1040 2405 1278 2405 1049 2406 1279 2406 1280 2406 1049 2407 1046 2407 1279 2407 1054 2408 1280 2408 1281 2408 1054 2409 1049 2409 1280 2409 1055 2410 1281 2410 1282 2410 1055 2411 1282 2411 1283 2411 1055 2412 1054 2412 1281 2412 1059 2413 1055 2413 1283 2413 695 2414 1059 2414 1283 2414 695 2415 1283 2415 1284 2415 694 2416 695 2416 1284 2416 694 2417 1284 2417 1285 2417 693 2418 694 2418 1285 2418 693 2419 1285 2419 1286 2419 692 2420 693 2420 1286 2420 692 2421 1286 2421 1287 2421 691 2422 692 2422 1287 2422 691 2423 1287 2423 1288 2423 690 2424 691 2424 1288 2424 690 2425 1288 2425 1289 2425 689 2426 690 2426 1289 2426 689 2427 1289 2427 1290 2427 688 2428 689 2428 1290 2428 688 2429 1290 2429 1291 2429 687 2430 688 2430 1291 2430 687 2431 1291 2431 1292 2431 686 2432 687 2432 1292 2432 686 2433 1292 2433 1293 2433 685 2434 686 2434 1293 2434 685 2435 1293 2435 1220 2435 1220 2436 1212 2436 1213 2436 1220 2437 1213 2437 1214 2437 1220 2438 1214 2438 1215 2438 1220 2439 1215 2439 1216 2439 1220 2440 1216 2440 1217 2440 1220 2441 1217 2441 1218 2441 1220 2442 1218 2442 1219 2442 1293 2443 1211 2443 1212 2443 1293 2444 1212 2444 1220 2444 1292 2445 1210 2445 1211 2445 1292 2446 1211 2446 1293 2446 1291 2447 1209 2447 1210 2447 1291 2448 1210 2448 1292 2448 1290 2449 1208 2449 1209 2449 1290 2450 1209 2450 1291 2450 1289 2451 1207 2451 1208 2451 1289 2452 1208 2452 1290 2452 1288 2453 1206 2453 1207 2453 1288 2454 1207 2454 1289 2454 1287 2455 1206 2455 1288 2455 1287 2456 1205 2456 1206 2456 1286 2457 1205 2457 1287 2457 1286 2458 1204 2458 1205 2458 1285 2459 1204 2459 1286 2459 1285 2460 1203 2460 1204 2460 1284 2461 1203 2461 1285 2461 1284 2462 1202 2462 1203 2462 1283 2463 1202 2463 1284 2463 1283 2464 1201 2464 1202 2464 1282 2465 1201 2465 1283 2465 1282 2466 1200 2466 1201 2466 1281 2467 1200 2467 1282 2467 1281 2468 1199 2468 1200 2468 1280 2469 1199 2469 1281 2469 1198 2470 1199 2470 1280 2470 1279 2471 1198 2471 1280 2471 1197 2472 1198 2472 1279 2472 1278 2473 1197 2473 1279 2473 1196 2474 1197 2474 1278 2474 1277 2475 1196 2475 1278 2475 1195 2476 1196 2476 1277 2476 1276 2477 1195 2477 1277 2477 1194 2478 1195 2478 1276 2478 1275 2479 1194 2479 1276 2479 1193 2480 1194 2480 1275 2480 1274 2481 1193 2481 1275 2481 1192 2482 1193 2482 1274 2482 1273 2483 1192 2483 1274 2483 1191 2484 1273 2484 1272 2484 1191 2485 1192 2485 1273 2485 1190 2486 1272 2486 1271 2486 1190 2487 1191 2487 1272 2487 1189 2488 1271 2488 1270 2488 1189 2489 1190 2489 1271 2489 1188 2490 1270 2490 1269 2490 1188 2491 1189 2491 1270 2491 1187 2492 1269 2492 1268 2492 1187 2493 1188 2493 1269 2493 1186 2494 1268 2494 1267 2494 1186 2495 1187 2495 1268 2495 1185 2496 1267 2496 1266 2496 1185 2497 1186 2497 1267 2497 1184 2498 1266 2498 1265 2498 1184 2499 1185 2499 1266 2499 1183 2500 1184 2500 1265 2500 1183 2501 1265 2501 1264 2501 1133 2502 1132 2502 1134 2502 1133 2503 1134 2503 1135 2503 1133 2504 1135 2504 1136 2504 1133 2505 1136 2505 1137 2505 1138 2506 1133 2506 1137 2506 1182 2507 1183 2507 1264 2507 1182 2508 1264 2508 1263 2508 1139 2509 1133 2509 1138 2509 1181 2510 1182 2510 1263 2510 1181 2511 1263 2511 1262 2511 1140 2512 1221 2512 1133 2512 1140 2513 1133 2513 1139 2513 1180 2514 1181 2514 1262 2514 1180 2515 1262 2515 1261 2515 1141 2516 1222 2516 1221 2516 1141 2517 1221 2517 1140 2517 1179 2518 1180 2518 1261 2518 1179 2519 1261 2519 1260 2519 1142 2520 1223 2520 1222 2520 1142 2521 1222 2521 1141 2521 1178 2522 1260 2522 1259 2522 1178 2523 1179 2523 1260 2523 1143 2524 1224 2524 1223 2524 1143 2525 1223 2525 1142 2525 1177 2526 1259 2526 1258 2526 1177 2527 1178 2527 1259 2527 1144 2528 1225 2528 1224 2528 1144 2529 1224 2529 1143 2529 1176 2530 1257 2530 1256 2530 1176 2531 1258 2531 1257 2531 1176 2532 1177 2532 1258 2532 1145 2533 1226 2533 1225 2533 1145 2534 1225 2534 1144 2534 1175 2535 1256 2535 1255 2535 1175 2536 1176 2536 1256 2536 1146 2537 1227 2537 1226 2537 1146 2538 1226 2538 1145 2538 1174 2539 1255 2539 1254 2539 1174 2540 1175 2540 1255 2540 1147 2541 1228 2541 1227 2541 1147 2542 1227 2542 1146 2542 1173 2543 1254 2543 1253 2543 1173 2544 1174 2544 1254 2544 1148 2545 1229 2545 1228 2545 1148 2546 1228 2546 1147 2546 1172 2547 1173 2547 1253 2547 1172 2548 1253 2548 1252 2548 1149 2549 1230 2549 1229 2549 1149 2550 1229 2550 1148 2550 1171 2551 1172 2551 1252 2551 1171 2552 1252 2552 1251 2552 1150 2553 1231 2553 1230 2553 1150 2554 1230 2554 1149 2554 1170 2555 1171 2555 1251 2555 1170 2556 1251 2556 1250 2556 1151 2557 1232 2557 1231 2557 1151 2558 1231 2558 1150 2558 1169 2559 1250 2559 1249 2559 1169 2560 1170 2560 1250 2560 1152 2561 1233 2561 1232 2561 1152 2562 1232 2562 1151 2562 1168 2563 1249 2563 1248 2563 1168 2564 1169 2564 1249 2564 1153 2565 1234 2565 1233 2565 1153 2566 1233 2566 1152 2566 1167 2567 1248 2567 1247 2567 1167 2568 1168 2568 1248 2568 1154 2569 1235 2569 1234 2569 1154 2570 1234 2570 1153 2570 1166 2571 1247 2571 1246 2571 1166 2572 1167 2572 1247 2572 1155 2573 1236 2573 1235 2573 1155 2574 1235 2574 1154 2574 1165 2575 1246 2575 1245 2575 1165 2576 1166 2576 1246 2576 1156 2577 1236 2577 1155 2577 1156 2578 1237 2578 1236 2578 1164 2579 1165 2579 1245 2579 1164 2580 1245 2580 1244 2580 1157 2581 1238 2581 1237 2581 1157 2582 1237 2582 1156 2582 1163 2583 1244 2583 1243 2583 1163 2584 1164 2584 1244 2584 1158 2585 1239 2585 1238 2585 1158 2586 1238 2586 1157 2586 1162 2587 1243 2587 1242 2587 1162 2588 1163 2588 1243 2588 1159 2589 1240 2589 1239 2589 1159 2590 1239 2590 1158 2590 1161 2591 1162 2591 1242 2591 1161 2592 1242 2592 1241 2592 1160 2593 1161 2593 1241 2593 1160 2594 1241 2594 1240 2594 1160 2595 1240 2595 1159 2595 1294 2596 1295 2596 1296 2596 1294 2597 1296 2597 1297 2597 1298 2598 1297 2598 1299 2598 1298 2599 1294 2599 1297 2599 1300 2600 1299 2600 1301 2600 1300 2601 1298 2601 1299 2601 1302 2602 1301 2602 1303 2602 1302 2603 1300 2603 1301 2603 1304 2604 1303 2604 1305 2604 1304 2605 1302 2605 1303 2605 1306 2606 1305 2606 1307 2606 1306 2607 1307 2607 1308 2607 1306 2608 1304 2608 1305 2608 1309 2609 1306 2609 1308 2609 1310 2610 1308 2610 1311 2610 1310 2611 1309 2611 1308 2611 1312 2612 1311 2612 1313 2612 1312 2613 1310 2613 1311 2613 1314 2614 1313 2614 1315 2614 1314 2615 1315 2615 1316 2615 1314 2616 1312 2616 1313 2616 1317 2617 1314 2617 1316 2617 1318 2618 1317 2618 1316 2618 1318 2619 1316 2619 1319 2619 1320 2620 1318 2620 1319 2620 1320 2621 1319 2621 1321 2621 1322 2622 1320 2622 1321 2622 1322 2623 1321 2623 1323 2623 1324 2624 1323 2624 1325 2624 1324 2625 1322 2625 1323 2625 1326 2626 1325 2626 1327 2626 1326 2627 1324 2627 1325 2627 1328 2628 1327 2628 1329 2628 1328 2629 1329 2629 1330 2629 1328 2630 1326 2630 1327 2630 1331 2631 1328 2631 1330 2631 1332 2632 1331 2632 1330 2632 1332 2633 1330 2633 1333 2633 1334 2634 1333 2634 1335 2634 1334 2635 1335 2635 1336 2635 1334 2636 1332 2636 1333 2636 1337 2637 1336 2637 1338 2637 1337 2638 1334 2638 1336 2638 1339 2639 1337 2639 1338 2639 1340 2640 1338 2640 1341 2640 1340 2641 1339 2641 1338 2641 1342 2642 1341 2642 1343 2642 1342 2643 1340 2643 1341 2643 1344 2644 1343 2644 1345 2644 1344 2645 1342 2645 1343 2645 1346 2646 1345 2646 1347 2646 1346 2647 1344 2647 1345 2647 1348 2648 1347 2648 1349 2648 1348 2649 1346 2649 1347 2649 1350 2650 1349 2650 1351 2650 1350 2651 1348 2651 1349 2651 1352 2652 1351 2652 1353 2652 1352 2653 1350 2653 1351 2653 1354 2654 1353 2654 1355 2654 1354 2655 1352 2655 1353 2655 1356 2656 1355 2656 1357 2656 1356 2657 1354 2657 1355 2657 1358 2658 1357 2658 1359 2658 1358 2659 1359 2659 1360 2659 1358 2660 1356 2660 1357 2660 1361 2661 1358 2661 1360 2661 1362 2662 1360 2662 1363 2662 1362 2663 1361 2663 1360 2663 1364 2664 1363 2664 1365 2664 1364 2665 1362 2665 1363 2665 1366 2666 1365 2666 1367 2666 1366 2667 1364 2667 1365 2667 1368 2668 1367 2668 1369 2668 1368 2669 1366 2669 1367 2669 1370 2670 1368 2670 1369 2670 1370 2671 1369 2671 1371 2671 1372 2672 1370 2672 1371 2672 1372 2673 1371 2673 1373 2673 1374 2674 1372 2674 1373 2674 1374 2675 1373 2675 1375 2675 1376 2676 1374 2676 1375 2676 1376 2677 1375 2677 1377 2677 1378 2678 1376 2678 1377 2678 1378 2679 1377 2679 1379 2679 1380 2680 1378 2680 1379 2680 1380 2681 1379 2681 1381 2681 1382 2682 1380 2682 1381 2682 1382 2683 1381 2683 1383 2683 1384 2684 1382 2684 1383 2684 1384 2685 1383 2685 1385 2685 1386 2686 1384 2686 1385 2686 1386 2687 1385 2687 1387 2687 1388 2688 1386 2688 1387 2688 1388 2689 1387 2689 1389 2689 1390 2690 1389 2690 1391 2690 1390 2691 1388 2691 1389 2691 1392 2692 1391 2692 1393 2692 1392 2693 1390 2693 1391 2693 1394 2694 1393 2694 1395 2694 1394 2695 1392 2695 1393 2695 1396 2696 1395 2696 1397 2696 1396 2697 1394 2697 1395 2697 1398 2698 1397 2698 1399 2698 1398 2699 1399 2699 1400 2699 1398 2700 1396 2700 1397 2700 1401 2701 1398 2701 1400 2701 1402 2702 1400 2702 1403 2702 1402 2703 1401 2703 1400 2703 1404 2704 1403 2704 1405 2704 1404 2705 1402 2705 1403 2705 1406 2706 1405 2706 1407 2706 1406 2707 1404 2707 1405 2707 1408 2708 1407 2708 1409 2708 1408 2709 1406 2709 1407 2709 1410 2710 1409 2710 1411 2710 1410 2711 1408 2711 1409 2711 1412 2712 1411 2712 1413 2712 1412 2713 1410 2713 1411 2713 1414 2714 1413 2714 1415 2714 1414 2715 1412 2715 1413 2715 1416 2716 1415 2716 1417 2716 1416 2717 1414 2717 1415 2717 1418 2718 1416 2718 1417 2718 1418 2719 1417 2719 1419 2719 1420 2720 1418 2720 1419 2720 1420 2721 1419 2721 1421 2721 1422 2722 1420 2722 1421 2722 1422 2723 1421 2723 1423 2723 1424 2724 1422 2724 1423 2724 1424 2725 1423 2725 1425 2725 1426 2726 1424 2726 1425 2726 1426 2727 1425 2727 1427 2727 1428 2728 1426 2728 1427 2728 1428 2729 1427 2729 1429 2729 1430 2730 1428 2730 1429 2730 1430 2731 1429 2731 1431 2731 1432 2732 1430 2732 1431 2732 1432 2733 1431 2733 1433 2733 1434 2734 1432 2734 1433 2734 1434 2735 1433 2735 1435 2735 1436 2736 1434 2736 1435 2736 1436 2737 1435 2737 1437 2737 1438 2738 1436 2738 1437 2738 1438 2739 1437 2739 1439 2739 1440 2740 1438 2740 1439 2740 1440 2741 1439 2741 1441 2741 1442 2742 1440 2742 1441 2742 1442 2743 1441 2743 1443 2743 1444 2744 1442 2744 1443 2744 1444 2745 1443 2745 1445 2745 1446 2746 1444 2746 1445 2746 1446 2747 1445 2747 1447 2747 1448 2748 1446 2748 1447 2748 1448 2749 1447 2749 1449 2749 1450 2750 1448 2750 1449 2750 1450 2751 1449 2751 1451 2751 1452 2752 1450 2752 1451 2752 1452 2753 1451 2753 1453 2753 1454 2754 1452 2754 1453 2754 1454 2755 1453 2755 1455 2755 1456 2756 1454 2756 1455 2756 1456 2757 1455 2757 1457 2757 1458 2758 1456 2758 1457 2758 1458 2759 1457 2759 1459 2759 1460 2760 1459 2760 1461 2760 1460 2761 1458 2761 1459 2761 1462 2762 1461 2762 1463 2762 1462 2763 1460 2763 1461 2763 1464 2764 1463 2764 1465 2764 1464 2765 1462 2765 1463 2765 1466 2766 1465 2766 1467 2766 1466 2767 1464 2767 1465 2767 1468 2768 1467 2768 1469 2768 1468 2769 1466 2769 1467 2769 1470 2770 1468 2770 1469 2770 1470 2771 1469 2771 1471 2771 1472 2772 1470 2772 1471 2772 1472 2773 1471 2773 1473 2773 1474 2774 1472 2774 1473 2774 1474 2775 1473 2775 1475 2775 1476 2776 1474 2776 1475 2776 1476 2777 1475 2777 1477 2777 1478 2778 1476 2778 1477 2778 1478 2779 1477 2779 1479 2779 1480 2780 1478 2780 1479 2780 1480 2781 1479 2781 1481 2781 1482 2782 1480 2782 1481 2782 1482 2783 1481 2783 1483 2783 1484 2784 1482 2784 1483 2784 1484 2785 1483 2785 1485 2785 1486 2786 1484 2786 1485 2786 1486 2787 1485 2787 1487 2787 1488 2788 1486 2788 1487 2788 1488 2789 1487 2789 1489 2789 1490 2790 1488 2790 1489 2790 1490 2791 1489 2791 1491 2791 1492 2792 1490 2792 1491 2792 1492 2793 1491 2793 1493 2793 1494 2794 1493 2794 1495 2794 1494 2795 1492 2795 1493 2795 1496 2796 1495 2796 1497 2796 1496 2797 1494 2797 1495 2797 1498 2798 1497 2798 1499 2798 1498 2799 1496 2799 1497 2799 1500 2800 1499 2800 1501 2800 1500 2801 1498 2801 1499 2801 1502 2802 1501 2802 1503 2802 1502 2803 1500 2803 1501 2803 1504 2804 1503 2804 1505 2804 1504 2805 1502 2805 1503 2805 1506 2806 1505 2806 1507 2806 1506 2807 1504 2807 1505 2807 1508 2808 1507 2808 1509 2808 1508 2809 1506 2809 1507 2809 1510 2810 1509 2810 1511 2810 1510 2811 1508 2811 1509 2811 1512 2812 1511 2812 1513 2812 1512 2813 1510 2813 1511 2813 1514 2814 1513 2814 1515 2814 1514 2815 1512 2815 1513 2815 1516 2816 1515 2816 1517 2816 1516 2817 1514 2817 1515 2817 1518 2818 1517 2818 1519 2818 1518 2819 1516 2819 1517 2819 1520 2820 1518 2820 1519 2820 1520 2821 1519 2821 1521 2821 1522 2822 1520 2822 1521 2822 1522 2823 1521 2823 1523 2823 1524 2824 1522 2824 1523 2824 1524 2825 1523 2825 1525 2825 1526 2826 1524 2826 1525 2826 1526 2827 1525 2827 1527 2827 1528 2828 1527 2828 1529 2828 1528 2829 1526 2829 1527 2829 1530 2830 1529 2830 1531 2830 1530 2831 1528 2831 1529 2831 1532 2832 1531 2832 1533 2832 1532 2833 1530 2833 1531 2833 1534 2834 1533 2834 1535 2834 1534 2835 1532 2835 1533 2835 1536 2836 1535 2836 1537 2836 1536 2837 1534 2837 1535 2837 1538 2838 1537 2838 1539 2838 1538 2839 1536 2839 1537 2839 1540 2840 1539 2840 1541 2840 1540 2841 1538 2841 1539 2841 1542 2842 1541 2842 1543 2842 1542 2843 1540 2843 1541 2843 1544 2844 1543 2844 1545 2844 1544 2845 1542 2845 1543 2845 1295 2846 1545 2846 1296 2846 1295 2847 1544 2847 1545 2847 1546 2848 1450 2848 1452 2848 1547 2849 1450 2849 1546 2849 1452 2850 1454 2850 1546 2850 1546 2851 1454 2851 1548 2851 1548 2852 1454 2852 1549 2852 1547 2853 1448 2853 1450 2853 1550 2854 1448 2854 1547 2854 1454 2855 1456 2855 1549 2855 1550 2856 1446 2856 1448 2856 1551 2857 1446 2857 1550 2857 1456 2858 1458 2858 1549 2858 1549 2859 1458 2859 1552 2859 1552 2860 1458 2860 1553 2860 1551 2861 1444 2861 1446 2861 1554 2862 1444 2862 1551 2862 1458 2863 1460 2863 1553 2863 1554 2864 1442 2864 1444 2864 1555 2865 1442 2865 1554 2865 1460 2866 1462 2866 1553 2866 1553 2867 1462 2867 1556 2867 1555 2868 1440 2868 1442 2868 1557 2869 1440 2869 1558 2869 1558 2870 1440 2870 1555 2870 1462 2871 1464 2871 1556 2871 1556 2872 1464 2872 1559 2872 1557 2873 1438 2873 1440 2873 1560 2874 1438 2874 1557 2874 1464 2875 1466 2875 1559 2875 1559 2876 1466 2876 1561 2876 1561 2877 1466 2877 1562 2877 1560 2878 1436 2878 1438 2878 1563 2879 1436 2879 1560 2879 1466 2880 1468 2880 1562 2880 1562 2881 1468 2881 1564 2881 1563 2882 1434 2882 1436 2882 1468 2883 1470 2883 1564 2883 1563 2884 1432 2884 1434 2884 1565 2885 1432 2885 1563 2885 1470 2886 1472 2886 1564 2886 1564 2887 1472 2887 1566 2887 1566 2888 1472 2888 1567 2888 1565 2889 1430 2889 1432 2889 1568 2890 1430 2890 1565 2890 1472 2891 1474 2891 1567 2891 1568 2892 1428 2892 1430 2892 1569 2893 1428 2893 1568 2893 1474 2894 1476 2894 1567 2894 1567 2895 1476 2895 1570 2895 1571 2896 1426 2896 1569 2896 1569 2897 1426 2897 1428 2897 1476 2898 1478 2898 1570 2898 1570 2899 1478 2899 1572 2899 1573 2900 1424 2900 1571 2900 1571 2901 1424 2901 1426 2901 1478 2902 1480 2902 1572 2902 1572 2903 1480 2903 1574 2903 1573 2904 1422 2904 1424 2904 1575 2905 1422 2905 1573 2905 1480 2906 1482 2906 1574 2906 1574 2907 1482 2907 1576 2907 1575 2908 1420 2908 1422 2908 1577 2909 1420 2909 1575 2909 1482 2910 1484 2910 1576 2910 1576 2911 1484 2911 1578 2911 1579 2912 1418 2912 1577 2912 1577 2913 1418 2913 1420 2913 1484 2914 1486 2914 1578 2914 1578 2915 1486 2915 1580 2915 1579 2916 1416 2916 1418 2916 1581 2917 1416 2917 1582 2917 1582 2918 1416 2918 1579 2918 1486 2919 1488 2919 1580 2919 1580 2920 1488 2920 1583 2920 1581 2921 1414 2921 1416 2921 1488 2922 1490 2922 1583 2922 1583 2923 1490 2923 1584 2923 1581 2924 1412 2924 1414 2924 1585 2925 1412 2925 1581 2925 1490 2926 1492 2926 1584 2926 1584 2927 1492 2927 1586 2927 1587 2928 1410 2928 1588 2928 1588 2929 1410 2929 1585 2929 1585 2930 1410 2930 1412 2930 1492 2931 1494 2931 1586 2931 1586 2932 1494 2932 1589 2932 1587 2933 1408 2933 1410 2933 1589 2934 1496 2934 1590 2934 1494 2935 1496 2935 1589 2935 1591 2936 1406 2936 1587 2936 1587 2937 1406 2937 1408 2937 1496 2938 1498 2938 1590 2938 1590 2939 1498 2939 1592 2939 1591 2940 1404 2940 1406 2940 1593 2941 1404 2941 1594 2941 1594 2942 1404 2942 1591 2942 1592 2943 1500 2943 1595 2943 1498 2944 1500 2944 1592 2944 1593 2945 1402 2945 1404 2945 1500 2946 1502 2946 1595 2946 1595 2947 1502 2947 1596 2947 1597 2948 1401 2948 1593 2948 1593 2949 1401 2949 1402 2949 1596 2950 1504 2950 1598 2950 1502 2951 1504 2951 1596 2951 1599 2952 1398 2952 1597 2952 1597 2953 1398 2953 1401 2953 1598 2954 1506 2954 1600 2954 1504 2955 1506 2955 1598 2955 1506 2956 1601 2956 1600 2956 1602 2957 1396 2957 1599 2957 1599 2958 1396 2958 1398 2958 1506 2959 1508 2959 1601 2959 1603 2960 1394 2960 1602 2960 1602 2961 1394 2961 1396 2961 1601 2962 1510 2962 1604 2962 1508 2963 1510 2963 1601 2963 1605 2964 1392 2964 1603 2964 1603 2965 1392 2965 1394 2965 1604 2966 1512 2966 1606 2966 1510 2967 1512 2967 1604 2967 1607 2968 1390 2968 1605 2968 1605 2969 1390 2969 1392 2969 1606 2970 1514 2970 1608 2970 1512 2971 1514 2971 1606 2971 1607 2972 1388 2972 1390 2972 1607 2973 1609 2973 1388 2973 1516 2974 1610 2974 1514 2974 1514 2975 1610 2975 1608 2975 1609 2976 1611 2976 1388 2976 1388 2977 1611 2977 1386 2977 1516 2978 1518 2978 1610 2978 1518 2979 1612 2979 1610 2979 1611 2980 1613 2980 1386 2980 1386 2981 1613 2981 1384 2981 1518 2982 1614 2982 1612 2982 1520 2983 1614 2983 1518 2983 1613 2984 1615 2984 1384 2984 1384 2985 1615 2985 1382 2985 1615 2986 1380 2986 1382 2986 1520 2987 1616 2987 1614 2987 1522 2988 1616 2988 1520 2988 1615 2989 1617 2989 1380 2989 1524 2990 1618 2990 1522 2990 1522 2991 1618 2991 1616 2991 1617 2992 1619 2992 1380 2992 1380 2993 1619 2993 1378 2993 1524 2994 1620 2994 1618 2994 1526 2995 1620 2995 1524 2995 1619 2996 1621 2996 1378 2996 1378 2997 1621 2997 1376 2997 1528 2998 1622 2998 1526 2998 1530 2999 1622 2999 1528 2999 1526 3000 1622 3000 1620 3000 1621 3001 1623 3001 1376 3001 1376 3002 1623 3002 1374 3002 1530 3003 1624 3003 1622 3003 1374 3004 1625 3004 1372 3004 1623 3005 1625 3005 1374 3005 1532 3006 1626 3006 1530 3006 1530 3007 1626 3007 1624 3007 1372 3008 1627 3008 1370 3008 1625 3009 1627 3009 1372 3009 1534 3010 1628 3010 1532 3010 1532 3011 1628 3011 1626 3011 1370 3012 1629 3012 1368 3012 1627 3013 1629 3013 1370 3013 1536 3014 1630 3014 1534 3014 1534 3015 1630 3015 1628 3015 1366 3016 1631 3016 1364 3016 1368 3017 1631 3017 1366 3017 1629 3018 1631 3018 1368 3018 1538 3019 1632 3019 1536 3019 1536 3020 1632 3020 1630 3020 1364 3021 1633 3021 1362 3021 1631 3022 1633 3022 1364 3022 1540 3023 1634 3023 1538 3023 1542 3024 1634 3024 1540 3024 1538 3025 1634 3025 1632 3025 1633 3026 1635 3026 1362 3026 1544 3027 1636 3027 1542 3027 1542 3028 1636 3028 1634 3028 1362 3029 1637 3029 1361 3029 1635 3030 1637 3030 1362 3030 1544 3031 1638 3031 1636 3031 1637 3032 1639 3032 1361 3032 1358 3033 1639 3033 1356 3033 1361 3034 1639 3034 1358 3034 1294 3035 1640 3035 1295 3035 1544 3036 1640 3036 1638 3036 1295 3037 1640 3037 1544 3037 1639 3038 1641 3038 1356 3038 1294 3039 1642 3039 1640 3039 1641 3040 1643 3040 1356 3040 1354 3041 1643 3041 1352 3041 1356 3042 1643 3042 1354 3042 1298 3043 1644 3043 1294 3043 1300 3044 1644 3044 1298 3044 1294 3045 1644 3045 1642 3045 1643 3046 1645 3046 1352 3046 1302 3047 1646 3047 1300 3047 1300 3048 1646 3048 1644 3048 1645 3049 1647 3049 1352 3049 1352 3050 1647 3050 1350 3050 1302 3051 1648 3051 1646 3051 1647 3052 1649 3052 1350 3052 1350 3053 1649 3053 1348 3053 1304 3054 1650 3054 1302 3054 1306 3055 1650 3055 1304 3055 1302 3056 1650 3056 1648 3056 1649 3057 1651 3057 1348 3057 1348 3058 1651 3058 1346 3058 1306 3059 1652 3059 1650 3059 1309 3060 1652 3060 1306 3060 1651 3061 1653 3061 1346 3061 1346 3062 1653 3062 1344 3062 1309 3063 1654 3063 1652 3063 1653 3064 1655 3064 1344 3064 1344 3065 1655 3065 1342 3065 1309 3066 1656 3066 1654 3066 1310 3067 1656 3067 1309 3067 1312 3068 1656 3068 1310 3068 1655 3069 1657 3069 1342 3069 1342 3070 1657 3070 1340 3070 1314 3071 1658 3071 1312 3071 1312 3072 1658 3072 1656 3072 1657 3073 1659 3073 1340 3073 1340 3074 1659 3074 1339 3074 1314 3075 1660 3075 1658 3075 1659 3076 1661 3076 1339 3076 1339 3077 1661 3077 1337 3077 1314 3078 1662 3078 1660 3078 1317 3079 1662 3079 1314 3079 1318 3080 1662 3080 1317 3080 1661 3081 1663 3081 1337 3081 1334 3082 1663 3082 1332 3082 1337 3083 1663 3083 1334 3083 1318 3084 1664 3084 1662 3084 1663 3085 1665 3085 1332 3085 1320 3086 1666 3086 1318 3086 1318 3087 1666 3087 1664 3087 1665 3088 1667 3088 1332 3088 1332 3089 1667 3089 1331 3089 1320 3090 1668 3090 1666 3090 1322 3091 1668 3091 1320 3091 1331 3092 1669 3092 1328 3092 1667 3093 1669 3093 1331 3093 1324 3094 1670 3094 1322 3094 1322 3095 1670 3095 1668 3095 1326 3096 1671 3096 1324 3096 1328 3097 1671 3097 1326 3097 1669 3098 1671 3098 1328 3098 1324 3099 1671 3099 1670 3099 1453 3100 1457 3100 1455 3100 1457 3101 1461 3101 1459 3101 1445 3102 1443 3102 1447 3102 1447 3103 1443 3103 1449 3103 1457 3104 1463 3104 1461 3104 1443 3105 1441 3105 1449 3105 1449 3106 1441 3106 1451 3106 1453 3107 1437 3107 1457 3107 1457 3108 1437 3108 1463 3108 1441 3109 1437 3109 1451 3109 1439 3110 1437 3110 1441 3110 1451 3111 1437 3111 1453 3111 1463 3112 1471 3112 1465 3112 1465 3113 1471 3113 1467 3113 1467 3114 1471 3114 1469 3114 1433 3115 1431 3115 1435 3115 1471 3116 1475 3116 1473 3116 1471 3117 1477 3117 1475 3117 1471 3118 1481 3118 1477 3118 1477 3119 1481 3119 1479 3119 1423 3120 1421 3120 1425 3120 1425 3121 1421 3121 1427 3121 1427 3122 1421 3122 1429 3122 1429 3123 1421 3123 1431 3123 1471 3124 1485 3124 1481 3124 1481 3125 1485 3125 1483 3125 1417 3126 1415 3126 1419 3126 1419 3127 1415 3127 1421 3127 1415 3128 1411 3128 1421 3128 1413 3129 1411 3129 1415 3129 1463 3130 1497 3130 1471 3130 1471 3131 1497 3131 1485 3131 1485 3132 1497 3132 1487 3132 1487 3133 1497 3133 1489 3133 1489 3134 1497 3134 1491 3134 1491 3135 1497 3135 1493 3135 1493 3136 1497 3136 1495 3136 1405 3137 1403 3137 1407 3137 1403 3138 1400 3138 1407 3138 1407 3139 1400 3139 1409 3139 1409 3140 1400 3140 1411 3140 1421 3141 1400 3141 1431 3141 1411 3142 1400 3142 1421 3142 1501 3143 1505 3143 1503 3143 1399 3144 1397 3144 1400 3144 1497 3145 1509 3145 1499 3145 1499 3146 1509 3146 1501 3146 1463 3147 1509 3147 1497 3147 1505 3148 1509 3148 1507 3148 1501 3149 1509 3149 1505 3149 1509 3150 1513 3150 1511 3150 1393 3151 1391 3151 1395 3151 1509 3152 1515 3152 1513 3152 1395 3153 1389 3153 1397 3153 1391 3154 1389 3154 1395 3154 1463 3155 1517 3155 1509 3155 1509 3156 1517 3156 1515 3156 1437 3157 1517 3157 1463 3157 1435 3158 1517 3158 1437 3158 1389 3159 1383 3159 1397 3159 1400 3160 1383 3160 1431 3160 1397 3161 1383 3161 1400 3161 1385 3162 1383 3162 1387 3162 1387 3163 1383 3163 1389 3163 1517 3164 1523 3164 1519 3164 1519 3165 1523 3165 1521 3165 1381 3166 1379 3166 1383 3166 1523 3167 1527 3167 1525 3167 1435 3168 1527 3168 1517 3168 1517 3169 1527 3169 1523 3169 1377 3170 1375 3170 1379 3170 1379 3171 1375 3171 1383 3171 1527 3172 1531 3172 1529 3172 1527 3173 1533 3173 1531 3173 1373 3174 1371 3174 1375 3174 1435 3175 1535 3175 1527 3175 1431 3176 1535 3176 1435 3176 1527 3177 1535 3177 1533 3177 1369 3178 1367 3178 1371 3178 1371 3179 1367 3179 1375 3179 1535 3180 1539 3180 1537 3180 1535 3181 1541 3181 1539 3181 1535 3182 1543 3182 1541 3182 1360 3183 1359 3183 1363 3183 1363 3184 1359 3184 1365 3184 1365 3185 1359 3185 1367 3185 1367 3186 1359 3186 1375 3186 1545 3187 1297 3187 1296 3187 1297 3188 1301 3188 1299 3188 1359 3189 1349 3189 1375 3189 1351 3190 1349 3190 1353 3190 1353 3191 1349 3191 1355 3191 1355 3192 1349 3192 1357 3192 1357 3193 1349 3193 1359 3193 1301 3194 1305 3194 1303 3194 1545 3195 1305 3195 1297 3195 1297 3196 1305 3196 1301 3196 1545 3197 1307 3197 1305 3197 1543 3198 1307 3198 1545 3198 1347 3199 1345 3199 1349 3199 1543 3200 1308 3200 1307 3200 1431 3201 1308 3201 1535 3201 1535 3202 1308 3202 1543 3202 1343 3203 1341 3203 1345 3203 1349 3204 1341 3204 1375 3204 1345 3205 1341 3205 1349 3205 1308 3206 1313 3206 1311 3206 1315 3207 1319 3207 1316 3207 1335 3208 1333 3208 1336 3208 1336 3209 1330 3209 1338 3209 1338 3210 1330 3210 1341 3210 1333 3211 1330 3211 1336 3211 1313 3212 1323 3212 1315 3212 1319 3213 1323 3213 1321 3213 1431 3214 1323 3214 1308 3214 1308 3215 1323 3215 1313 3215 1341 3216 1323 3216 1375 3216 1383 3217 1323 3217 1431 3217 1315 3218 1323 3218 1319 3218 1375 3219 1323 3219 1383 3219 1323 3220 1327 3220 1325 3220 1329 3221 1327 3221 1330 3221 1341 3222 1327 3222 1323 3222 1330 3223 1327 3223 1341 3223 1640 3224 1642 3224 1672 3224 1672 3225 1642 3225 1673 3225 1673 3226 1644 3226 1674 3226 1674 3227 1644 3227 1675 3227 1642 3228 1644 3228 1673 3228 1644 3229 1646 3229 1675 3229 1675 3230 1648 3230 1676 3230 1676 3231 1648 3231 1677 3231 1646 3232 1648 3232 1675 3232 1677 3233 1650 3233 1678 3233 1648 3234 1650 3234 1677 3234 1650 3235 1652 3235 1678 3235 1678 3236 1654 3236 1679 3236 1652 3237 1654 3237 1678 3237 1679 3238 1656 3238 1680 3238 1680 3239 1656 3239 1681 3239 1654 3240 1656 3240 1679 3240 1656 3241 1658 3241 1681 3241 1681 3242 1660 3242 1682 3242 1658 3243 1660 3243 1681 3243 1660 3244 1662 3244 1682 3244 1682 3245 1662 3245 1683 3245 1662 3246 1664 3246 1683 3246 1683 3247 1664 3247 1684 3247 1664 3248 1666 3248 1684 3248 1684 3249 1666 3249 1685 3249 1666 3250 1668 3250 1685 3250 1685 3251 1668 3251 1686 3251 1686 3252 1670 3252 1687 3252 1668 3253 1670 3253 1686 3253 1687 3254 1671 3254 1688 3254 1670 3255 1671 3255 1687 3255 1688 3256 1669 3256 1689 3256 1671 3257 1669 3257 1688 3257 1689 3258 1667 3258 1690 3258 1669 3259 1667 3259 1689 3259 1690 3260 1665 3260 1691 3260 1667 3261 1665 3261 1690 3261 1691 3262 1663 3262 1692 3262 1692 3263 1663 3263 1693 3263 1665 3264 1663 3264 1691 3264 1663 3265 1661 3265 1693 3265 1693 3266 1659 3266 1694 3266 1694 3267 1659 3267 1695 3267 1661 3268 1659 3268 1693 3268 1659 3269 1657 3269 1695 3269 1695 3270 1655 3270 1696 3270 1696 3271 1655 3271 1697 3271 1657 3272 1655 3272 1695 3272 1655 3273 1653 3273 1697 3273 1697 3274 1651 3274 1698 3274 1653 3275 1651 3275 1697 3275 1698 3276 1649 3276 1699 3276 1699 3277 1649 3277 1700 3277 1651 3278 1649 3278 1698 3278 1700 3279 1647 3279 1701 3279 1649 3280 1647 3280 1700 3280 1647 3281 1645 3281 1701 3281 1701 3282 1643 3282 1702 3282 1702 3283 1643 3283 1703 3283 1645 3284 1643 3284 1701 3284 1643 3285 1641 3285 1703 3285 1703 3286 1639 3286 1704 3286 1704 3287 1639 3287 1705 3287 1641 3288 1639 3288 1703 3288 1639 3289 1637 3289 1705 3289 1705 3290 1635 3290 1706 3290 1706 3291 1635 3291 1707 3291 1637 3292 1635 3292 1705 3292 1635 3293 1633 3293 1707 3293 1633 3294 1631 3294 1707 3294 1707 3295 1631 3295 1708 3295 1708 3296 1629 3296 1709 3296 1631 3297 1629 3297 1708 3297 1629 3298 1627 3298 1709 3298 1709 3299 1627 3299 1710 3299 1627 3300 1625 3300 1710 3300 1710 3301 1625 3301 1711 3301 1625 3302 1623 3302 1711 3302 1711 3303 1623 3303 1712 3303 1712 3304 1623 3304 1713 3304 1623 3305 1621 3305 1713 3305 1621 3306 1619 3306 1713 3306 1713 3307 1619 3307 1714 3307 1619 3308 1617 3308 1714 3308 1714 3309 1617 3309 1715 3309 1617 3310 1615 3310 1715 3310 1715 3311 1615 3311 1716 3311 1615 3312 1613 3312 1716 3312 1716 3313 1613 3313 1717 3313 1613 3314 1611 3314 1717 3314 1717 3315 1611 3315 1718 3315 1611 3316 1609 3316 1718 3316 1718 3317 1609 3317 1719 3317 1609 3318 1607 3318 1719 3318 1719 3319 1607 3319 1720 3319 1607 3320 1605 3320 1720 3320 1720 3321 1605 3321 1721 3321 1721 3322 1603 3322 1722 3322 1605 3323 1603 3323 1721 3323 1722 3324 1602 3324 1723 3324 1603 3325 1602 3325 1722 3325 1723 3326 1599 3326 1724 3326 1602 3327 1599 3327 1723 3327 1724 3328 1597 3328 1725 3328 1599 3329 1597 3329 1724 3329 1725 3330 1593 3330 1726 3330 1597 3331 1593 3331 1725 3331 1726 3332 1594 3332 1727 3332 1593 3333 1594 3333 1726 3333 1727 3334 1591 3334 1728 3334 1594 3335 1591 3335 1727 3335 1728 3336 1587 3336 1729 3336 1591 3337 1587 3337 1728 3337 1729 3338 1588 3338 1730 3338 1587 3339 1588 3339 1729 3339 1730 3340 1585 3340 1731 3340 1588 3341 1585 3341 1730 3341 1731 3342 1581 3342 1732 3342 1585 3343 1581 3343 1731 3343 1732 3344 1582 3344 1733 3344 1581 3345 1582 3345 1732 3345 1582 3346 1579 3346 1733 3346 1733 3347 1579 3347 1734 3347 1579 3348 1577 3348 1734 3348 1734 3349 1577 3349 1735 3349 1577 3350 1575 3350 1735 3350 1735 3351 1575 3351 1736 3351 1575 3352 1573 3352 1736 3352 1736 3353 1573 3353 1737 3353 1573 3354 1571 3354 1737 3354 1737 3355 1571 3355 1738 3355 1571 3356 1569 3356 1738 3356 1738 3357 1569 3357 1739 3357 1569 3358 1568 3358 1739 3358 1739 3359 1568 3359 1740 3359 1568 3360 1565 3360 1740 3360 1740 3361 1565 3361 1741 3361 1565 3362 1563 3362 1741 3362 1741 3363 1563 3363 1742 3363 1563 3364 1560 3364 1742 3364 1742 3365 1560 3365 1743 3365 1560 3366 1557 3366 1743 3366 1743 3367 1557 3367 1744 3367 1557 3368 1558 3368 1744 3368 1744 3369 1558 3369 1745 3369 1558 3370 1555 3370 1745 3370 1745 3371 1555 3371 1746 3371 1555 3372 1554 3372 1746 3372 1746 3373 1554 3373 1747 3373 1554 3374 1551 3374 1747 3374 1747 3375 1551 3375 1748 3375 1551 3376 1550 3376 1748 3376 1748 3377 1550 3377 1749 3377 1550 3378 1547 3378 1749 3378 1749 3379 1547 3379 1750 3379 1547 3380 1546 3380 1750 3380 1750 3381 1546 3381 1751 3381 1546 3382 1548 3382 1751 3382 1751 3383 1548 3383 1752 3383 1548 3384 1549 3384 1752 3384 1752 3385 1549 3385 1753 3385 1549 3386 1552 3386 1753 3386 1753 3387 1552 3387 1754 3387 1754 3388 1553 3388 1755 3388 1552 3389 1553 3389 1754 3389 1755 3390 1556 3390 1756 3390 1553 3391 1556 3391 1755 3391 1756 3392 1559 3392 1757 3392 1556 3393 1559 3393 1756 3393 1757 3394 1561 3394 1758 3394 1559 3395 1561 3395 1757 3395 1758 3396 1562 3396 1759 3396 1561 3397 1562 3397 1758 3397 1562 3398 1564 3398 1759 3398 1759 3399 1564 3399 1760 3399 1564 3400 1566 3400 1760 3400 1760 3401 1566 3401 1761 3401 1566 3402 1567 3402 1761 3402 1761 3403 1567 3403 1762 3403 1567 3404 1570 3404 1762 3404 1762 3405 1570 3405 1763 3405 1570 3406 1572 3406 1763 3406 1763 3407 1572 3407 1764 3407 1572 3408 1574 3408 1764 3408 1764 3409 1574 3409 1765 3409 1765 3410 1574 3410 1766 3410 1574 3411 1576 3411 1766 3411 1576 3412 1578 3412 1766 3412 1766 3413 1578 3413 1767 3413 1578 3414 1580 3414 1767 3414 1767 3415 1580 3415 1768 3415 1580 3416 1583 3416 1768 3416 1768 3417 1583 3417 1769 3417 1583 3418 1584 3418 1769 3418 1769 3419 1584 3419 1770 3419 1771 3420 1586 3420 1772 3420 1584 3421 1586 3421 1770 3421 1770 3422 1586 3422 1771 3422 1586 3423 1589 3423 1772 3423 1772 3424 1590 3424 1773 3424 1589 3425 1590 3425 1772 3425 1773 3426 1592 3426 1774 3426 1590 3427 1592 3427 1773 3427 1774 3428 1595 3428 1775 3428 1775 3429 1595 3429 1776 3429 1592 3430 1595 3430 1774 3430 1595 3431 1596 3431 1776 3431 1776 3432 1598 3432 1777 3432 1596 3433 1598 3433 1776 3433 1777 3434 1600 3434 1778 3434 1598 3435 1600 3435 1777 3435 1778 3436 1601 3436 1779 3436 1779 3437 1601 3437 1780 3437 1600 3438 1601 3438 1778 3438 1601 3439 1604 3439 1780 3439 1780 3440 1606 3440 1781 3440 1781 3441 1606 3441 1782 3441 1604 3442 1606 3442 1780 3442 1606 3443 1608 3443 1782 3443 1782 3444 1610 3444 1783 3444 1608 3445 1610 3445 1782 3445 1610 3446 1612 3446 1783 3446 1783 3447 1612 3447 1784 3447 1612 3448 1614 3448 1784 3448 1784 3449 1614 3449 1785 3449 1614 3450 1616 3450 1785 3450 1785 3451 1616 3451 1786 3451 1616 3452 1618 3452 1786 3452 1786 3453 1618 3453 1787 3453 1787 3454 1620 3454 1788 3454 1618 3455 1620 3455 1787 3455 1788 3456 1622 3456 1789 3456 1620 3457 1622 3457 1788 3457 1789 3458 1624 3458 1790 3458 1622 3459 1624 3459 1789 3459 1790 3460 1626 3460 1791 3460 1624 3461 1626 3461 1790 3461 1791 3462 1628 3462 1792 3462 1626 3463 1628 3463 1791 3463 1792 3464 1630 3464 1793 3464 1628 3465 1630 3465 1792 3465 1793 3466 1632 3466 1794 3466 1630 3467 1632 3467 1793 3467 1794 3468 1634 3468 1795 3468 1632 3469 1634 3469 1794 3469 1795 3470 1636 3470 1796 3470 1634 3471 1636 3471 1795 3471 1796 3472 1638 3472 1797 3472 1636 3473 1638 3473 1796 3473 1797 3474 1640 3474 1672 3474 1638 3475 1640 3475 1797 3475 1798 3476 1751 3476 1799 3476 1798 3477 1750 3477 1751 3477 1800 3478 1799 3478 1751 3478 1800 3479 1751 3479 1752 3479 1800 3480 1752 3480 1753 3480 1801 3481 1749 3481 1750 3481 1801 3482 1750 3482 1798 3482 1802 3483 1800 3483 1753 3483 1803 3484 1748 3484 1749 3484 1803 3485 1749 3485 1801 3485 1804 3486 1753 3486 1754 3486 1804 3487 1802 3487 1753 3487 1805 3488 1748 3488 1803 3488 1805 3489 1747 3489 1748 3489 1806 3490 1804 3490 1754 3490 1806 3491 1754 3491 1755 3491 1806 3492 1755 3492 1756 3492 1807 3493 1747 3493 1805 3493 1807 3494 1746 3494 1747 3494 1808 3495 1806 3495 1756 3495 1809 3496 1746 3496 1807 3496 1809 3497 1745 3497 1746 3497 1810 3498 1808 3498 1756 3498 1810 3499 1756 3499 1757 3499 1810 3500 1757 3500 1758 3500 1811 3501 1745 3501 1809 3501 1811 3502 1743 3502 1744 3502 1811 3503 1744 3503 1745 3503 1812 3504 1810 3504 1758 3504 1813 3505 1743 3505 1811 3505 1814 3506 1812 3506 1758 3506 1814 3507 1758 3507 1759 3507 1815 3508 1743 3508 1813 3508 1815 3509 1742 3509 1743 3509 1816 3510 1814 3510 1759 3510 1816 3511 1759 3511 1760 3511 1816 3512 1760 3512 1761 3512 1817 3513 1742 3513 1815 3513 1817 3514 1741 3514 1742 3514 1818 3515 1816 3515 1761 3515 1819 3516 1741 3516 1817 3516 1819 3517 1740 3517 1741 3517 1820 3518 1818 3518 1761 3518 1820 3519 1761 3519 1762 3519 1821 3520 1740 3520 1819 3520 1821 3521 1738 3521 1739 3521 1821 3522 1739 3522 1740 3522 1822 3523 1820 3523 1762 3523 1822 3524 1762 3524 1763 3524 1822 3525 1763 3525 1764 3525 1823 3526 1738 3526 1821 3526 1824 3527 1822 3527 1764 3527 1825 3528 1738 3528 1823 3528 1825 3529 1737 3529 1738 3529 1826 3530 1824 3530 1764 3530 1826 3531 1764 3531 1765 3531 1826 3532 1765 3532 1766 3532 1827 3533 1735 3533 1736 3533 1827 3534 1736 3534 1737 3534 1827 3535 1737 3535 1825 3535 1828 3536 1826 3536 1766 3536 1829 3537 1735 3537 1827 3537 1830 3538 1828 3538 1766 3538 1830 3539 1766 3539 1767 3539 1831 3540 1733 3540 1734 3540 1831 3541 1734 3541 1735 3541 1831 3542 1735 3542 1829 3542 1832 3543 1830 3543 1767 3543 1832 3544 1767 3544 1768 3544 1832 3545 1768 3545 1769 3545 1833 3546 1732 3546 1733 3546 1833 3547 1733 3547 1831 3547 1834 3548 1832 3548 1769 3548 1835 3549 1731 3549 1732 3549 1835 3550 1732 3550 1833 3550 1836 3551 1834 3551 1769 3551 1836 3552 1769 3552 1770 3552 1836 3553 1770 3553 1771 3553 1837 3554 1731 3554 1835 3554 1838 3555 1836 3555 1771 3555 1839 3556 1731 3556 1837 3556 1839 3557 1730 3557 1731 3557 1840 3558 1838 3558 1771 3558 1840 3559 1772 3559 1773 3559 1840 3560 1771 3560 1772 3560 1841 3561 1730 3561 1839 3561 1841 3562 1729 3562 1730 3562 1842 3563 1840 3563 1773 3563 1843 3564 1729 3564 1841 3564 1843 3565 1728 3565 1729 3565 1844 3566 1773 3566 1774 3566 1844 3567 1842 3567 1773 3567 1845 3568 1728 3568 1843 3568 1845 3569 1727 3569 1728 3569 1846 3570 1774 3570 1775 3570 1846 3571 1844 3571 1774 3571 1847 3572 1727 3572 1845 3572 1847 3573 1726 3573 1727 3573 1848 3574 1775 3574 1776 3574 1848 3575 1846 3575 1775 3575 1849 3576 1726 3576 1847 3576 1849 3577 1725 3577 1726 3577 1850 3578 1776 3578 1777 3578 1850 3579 1848 3579 1776 3579 1851 3580 1724 3580 1725 3580 1851 3581 1725 3581 1849 3581 1852 3582 1777 3582 1778 3582 1852 3583 1850 3583 1777 3583 1853 3584 1724 3584 1851 3584 1853 3585 1723 3585 1724 3585 1854 3586 1778 3586 1779 3586 1854 3587 1852 3587 1778 3587 1855 3588 1722 3588 1723 3588 1855 3589 1723 3589 1853 3589 1856 3590 1779 3590 1780 3590 1856 3591 1854 3591 1779 3591 1721 3592 1722 3592 1855 3592 1857 3593 1721 3593 1855 3593 1781 3594 1856 3594 1780 3594 1858 3595 1856 3595 1781 3595 1859 3596 1720 3596 1721 3596 1859 3597 1721 3597 1857 3597 1860 3598 1781 3598 1782 3598 1860 3599 1858 3599 1781 3599 1719 3600 1859 3600 1861 3600 1719 3601 1720 3601 1859 3601 1783 3602 1862 3602 1860 3602 1783 3603 1860 3603 1782 3603 1863 3604 1719 3604 1861 3604 1718 3605 1719 3605 1863 3605 1784 3606 1862 3606 1783 3606 1784 3607 1864 3607 1862 3607 1717 3608 1718 3608 1863 3608 1717 3609 1863 3609 1865 3609 1785 3610 1864 3610 1784 3610 1785 3611 1866 3611 1864 3611 1867 3612 1717 3612 1865 3612 1716 3613 1717 3613 1867 3613 1786 3614 1866 3614 1785 3614 1786 3615 1868 3615 1866 3615 1715 3616 1716 3616 1867 3616 1715 3617 1867 3617 1869 3617 1870 3618 1868 3618 1786 3618 1787 3619 1870 3619 1786 3619 1871 3620 1870 3620 1787 3620 1714 3621 1715 3621 1869 3621 1714 3622 1869 3622 1872 3622 1788 3623 1871 3623 1787 3623 1713 3624 1714 3624 1872 3624 1713 3625 1872 3625 1873 3625 1874 3626 1713 3626 1873 3626 1789 3627 1871 3627 1788 3627 1789 3628 1875 3628 1871 3628 1712 3629 1713 3629 1874 3629 1790 3630 1876 3630 1875 3630 1790 3631 1875 3631 1789 3631 1711 3632 1874 3632 1877 3632 1711 3633 1712 3633 1874 3633 1791 3634 1878 3634 1876 3634 1791 3635 1876 3635 1790 3635 1879 3636 1878 3636 1791 3636 1710 3637 1877 3637 1880 3637 1710 3638 1711 3638 1877 3638 1792 3639 1879 3639 1791 3639 1709 3640 1880 3640 1881 3640 1709 3641 1710 3641 1880 3641 1793 3642 1882 3642 1879 3642 1793 3643 1879 3643 1792 3643 1708 3644 1881 3644 1883 3644 1708 3645 1709 3645 1881 3645 1794 3646 1884 3646 1882 3646 1794 3647 1882 3647 1793 3647 1707 3648 1708 3648 1883 3648 1707 3649 1885 3649 1886 3649 1707 3650 1883 3650 1885 3650 1795 3651 1887 3651 1884 3651 1795 3652 1888 3652 1887 3652 1795 3653 1884 3653 1794 3653 1706 3654 1707 3654 1886 3654 1796 3655 1888 3655 1795 3655 1705 3656 1889 3656 1890 3656 1705 3657 1886 3657 1889 3657 1705 3658 1706 3658 1886 3658 1797 3659 1888 3659 1796 3659 1797 3660 1891 3660 1888 3660 1797 3661 1892 3661 1891 3661 1704 3662 1705 3662 1890 3662 1672 3663 1892 3663 1797 3663 1703 3664 1704 3664 1890 3664 1703 3665 1890 3665 1893 3665 1673 3666 1894 3666 1892 3666 1673 3667 1892 3667 1672 3667 1702 3668 1703 3668 1893 3668 1702 3669 1893 3669 1895 3669 1674 3670 1896 3670 1894 3670 1674 3671 1897 3671 1896 3671 1674 3672 1894 3672 1673 3672 1701 3673 1702 3673 1895 3673 1701 3674 1898 3674 1899 3674 1701 3675 1895 3675 1898 3675 1675 3676 1900 3676 1897 3676 1675 3677 1897 3677 1674 3677 1700 3678 1701 3678 1899 3678 1676 3679 1901 3679 1900 3679 1676 3680 1900 3680 1675 3680 1699 3681 1899 3681 1902 3681 1699 3682 1700 3682 1899 3682 1677 3683 1901 3683 1676 3683 1698 3684 1902 3684 1903 3684 1698 3685 1699 3685 1902 3685 1678 3686 1904 3686 1901 3686 1678 3687 1905 3687 1904 3687 1678 3688 1901 3688 1677 3688 1697 3689 1698 3689 1903 3689 1697 3690 1903 3690 1906 3690 1679 3691 1905 3691 1678 3691 1696 3692 1697 3692 1906 3692 1696 3693 1906 3693 1907 3693 1680 3694 1905 3694 1679 3694 1680 3695 1908 3695 1905 3695 1695 3696 1696 3696 1907 3696 1695 3697 1907 3697 1909 3697 1681 3698 1910 3698 1908 3698 1681 3699 1911 3699 1910 3699 1681 3700 1908 3700 1680 3700 1694 3701 1695 3701 1909 3701 1694 3702 1909 3702 1912 3702 1682 3703 1911 3703 1681 3703 1693 3704 1694 3704 1912 3704 1693 3705 1912 3705 1913 3705 1683 3706 1914 3706 1911 3706 1683 3707 1911 3707 1682 3707 1692 3708 1693 3708 1913 3708 1692 3709 1913 3709 1915 3709 1684 3710 1916 3710 1914 3710 1684 3711 1917 3711 1916 3711 1684 3712 1914 3712 1683 3712 1691 3713 1692 3713 1915 3713 1691 3714 1915 3714 1918 3714 1685 3715 1917 3715 1684 3715 1690 3716 1691 3716 1918 3716 1690 3717 1918 3717 1919 3717 1686 3718 1917 3718 1685 3718 1686 3719 1920 3719 1917 3719 1686 3720 1921 3720 1920 3720 1689 3721 1919 3721 1922 3721 1689 3722 1690 3722 1919 3722 1687 3723 1921 3723 1686 3723 1688 3724 1923 3724 1921 3724 1688 3725 1922 3725 1923 3725 1688 3726 1689 3726 1922 3726 1688 3727 1921 3727 1687 3727 1892 3728 1894 3728 1924 3728 1924 3729 1894 3729 1925 3729 1925 3730 1896 3730 1926 3730 1926 3731 1896 3731 1927 3731 1894 3732 1896 3732 1925 3732 1896 3733 1897 3733 1927 3733 1927 3734 1900 3734 1928 3734 1928 3735 1900 3735 1929 3735 1897 3736 1900 3736 1927 3736 1929 3737 1901 3737 1930 3737 1900 3738 1901 3738 1929 3738 1901 3739 1904 3739 1930 3739 1930 3740 1905 3740 1931 3740 1904 3741 1905 3741 1930 3741 1931 3742 1908 3742 1932 3742 1905 3743 1908 3743 1931 3743 1932 3744 1910 3744 1933 3744 1908 3745 1910 3745 1932 3745 1933 3746 1911 3746 1934 3746 1910 3747 1911 3747 1933 3747 1911 3748 1914 3748 1934 3748 1934 3749 1914 3749 1935 3749 1914 3750 1916 3750 1935 3750 1935 3751 1916 3751 1936 3751 1916 3752 1917 3752 1936 3752 1936 3753 1917 3753 1937 3753 1917 3754 1920 3754 1937 3754 1937 3755 1920 3755 1938 3755 1938 3756 1921 3756 1939 3756 1920 3757 1921 3757 1938 3757 1939 3758 1923 3758 1940 3758 1921 3759 1923 3759 1939 3759 1940 3760 1922 3760 1941 3760 1923 3761 1922 3761 1940 3761 1941 3762 1919 3762 1942 3762 1922 3763 1919 3763 1941 3763 1942 3764 1918 3764 1943 3764 1919 3765 1918 3765 1942 3765 1943 3766 1915 3766 1944 3766 1918 3767 1915 3767 1943 3767 1944 3768 1913 3768 1945 3768 1915 3769 1913 3769 1944 3769 1945 3770 1912 3770 1946 3770 1913 3771 1912 3771 1945 3771 1946 3772 1909 3772 1947 3772 1947 3773 1909 3773 1948 3773 1912 3774 1909 3774 1946 3774 1909 3775 1907 3775 1948 3775 1948 3776 1906 3776 1949 3776 1907 3777 1906 3777 1948 3777 1949 3778 1903 3778 1950 3778 1906 3779 1903 3779 1949 3779 1950 3780 1902 3780 1951 3780 1951 3781 1902 3781 1952 3781 1903 3782 1902 3782 1950 3782 1902 3783 1899 3783 1952 3783 1952 3784 1898 3784 1953 3784 1899 3785 1898 3785 1952 3785 1953 3786 1895 3786 1954 3786 1898 3787 1895 3787 1953 3787 1954 3788 1893 3788 1955 3788 1955 3789 1893 3789 1956 3789 1895 3790 1893 3790 1954 3790 1893 3791 1890 3791 1956 3791 1956 3792 1889 3792 1957 3792 1957 3793 1889 3793 1958 3793 1890 3794 1889 3794 1956 3794 1889 3795 1886 3795 1958 3795 1958 3796 1885 3796 1959 3796 1959 3797 1885 3797 1960 3797 1886 3798 1885 3798 1958 3798 1885 3799 1883 3799 1960 3799 1883 3800 1881 3800 1960 3800 1960 3801 1881 3801 1961 3801 1961 3802 1881 3802 1962 3802 1881 3803 1880 3803 1962 3803 1880 3804 1877 3804 1962 3804 1962 3805 1877 3805 1963 3805 1963 3806 1877 3806 1964 3806 1877 3807 1874 3807 1964 3807 1874 3808 1873 3808 1964 3808 1964 3809 1873 3809 1965 3809 1873 3810 1872 3810 1965 3810 1965 3811 1872 3811 1966 3811 1872 3812 1869 3812 1966 3812 1966 3813 1869 3813 1967 3813 1869 3814 1867 3814 1967 3814 1967 3815 1867 3815 1968 3815 1968 3816 1867 3816 1969 3816 1867 3817 1865 3817 1969 3817 1865 3818 1863 3818 1969 3818 1969 3819 1863 3819 1970 3819 1970 3820 1863 3820 1971 3820 1863 3821 1861 3821 1971 3821 1971 3822 1861 3822 1972 3822 1861 3823 1859 3823 1972 3823 1972 3824 1857 3824 1973 3824 1859 3825 1857 3825 1972 3825 1973 3826 1855 3826 1974 3826 1857 3827 1855 3827 1973 3827 1974 3828 1853 3828 1975 3828 1855 3829 1853 3829 1974 3829 1975 3830 1851 3830 1976 3830 1853 3831 1851 3831 1975 3831 1976 3832 1849 3832 1977 3832 1977 3833 1849 3833 1978 3833 1851 3834 1849 3834 1976 3834 1849 3835 1847 3835 1978 3835 1978 3836 1845 3836 1979 3836 1847 3837 1845 3837 1978 3837 1979 3838 1843 3838 1980 3838 1845 3839 1843 3839 1979 3839 1980 3840 1841 3840 1981 3840 1843 3841 1841 3841 1980 3841 1981 3842 1839 3842 1982 3842 1841 3843 1839 3843 1981 3843 1982 3844 1837 3844 1983 3844 1839 3845 1837 3845 1982 3845 1983 3846 1835 3846 1984 3846 1837 3847 1835 3847 1983 3847 1984 3848 1833 3848 1985 3848 1835 3849 1833 3849 1984 3849 1833 3850 1831 3850 1985 3850 1985 3851 1831 3851 1986 3851 1831 3852 1829 3852 1986 3852 1986 3853 1829 3853 1987 3853 1987 3854 1829 3854 1988 3854 1829 3855 1827 3855 1988 3855 1827 3856 1825 3856 1988 3856 1988 3857 1825 3857 1989 3857 1825 3858 1823 3858 1989 3858 1989 3859 1823 3859 1990 3859 1823 3860 1821 3860 1990 3860 1990 3861 1821 3861 1991 3861 1821 3862 1819 3862 1991 3862 1991 3863 1819 3863 1992 3863 1819 3864 1817 3864 1992 3864 1992 3865 1817 3865 1993 3865 1817 3866 1815 3866 1993 3866 1993 3867 1815 3867 1994 3867 1815 3868 1813 3868 1994 3868 1994 3869 1813 3869 1995 3869 1995 3870 1813 3870 1996 3870 1813 3871 1811 3871 1996 3871 1811 3872 1809 3872 1996 3872 1996 3873 1809 3873 1997 3873 1997 3874 1809 3874 1998 3874 1809 3875 1807 3875 1998 3875 1807 3876 1805 3876 1998 3876 1998 3877 1805 3877 1999 3877 1805 3878 1803 3878 1999 3878 1999 3879 1803 3879 2000 3879 2000 3880 1803 3880 2001 3880 1803 3881 1801 3881 2001 3881 1801 3882 1798 3882 2001 3882 2001 3883 1798 3883 2002 3883 2002 3884 1798 3884 2003 3884 1798 3885 1799 3885 2003 3885 1799 3886 1800 3886 2003 3886 2003 3887 1800 3887 2004 3887 1800 3888 1802 3888 2004 3888 2004 3889 1802 3889 2005 3889 1802 3890 1804 3890 2005 3890 2005 3891 1804 3891 2006 3891 2006 3892 1804 3892 2007 3892 1804 3893 1806 3893 2007 3893 2007 3894 1808 3894 2008 3894 1806 3895 1808 3895 2007 3895 2008 3896 1810 3896 2009 3896 1808 3897 1810 3897 2008 3897 2009 3898 1812 3898 2010 3898 1810 3899 1812 3899 2009 3899 2010 3900 1814 3900 2011 3900 1812 3901 1814 3901 2010 3901 2011 3902 1814 3902 2012 3902 1814 3903 1816 3903 2012 3903 1816 3904 1818 3904 2012 3904 2012 3905 1818 3905 2013 3905 2013 3906 1818 3906 2014 3906 1818 3907 1820 3907 2014 3907 1820 3908 1822 3908 2014 3908 2014 3909 1822 3909 2015 3909 2015 3910 1822 3910 2016 3910 1822 3911 1824 3911 2016 3911 1824 3912 1826 3912 2016 3912 2016 3913 1826 3913 2017 3913 2017 3914 1826 3914 2018 3914 1826 3915 1828 3915 2018 3915 2018 3916 1828 3916 2019 3916 1828 3917 1830 3917 2019 3917 1830 3918 1832 3918 2019 3918 2019 3919 1832 3919 2020 3919 1832 3920 1834 3920 2020 3920 2020 3921 1834 3921 2021 3921 1834 3922 1836 3922 2021 3922 2021 3923 1836 3923 2022 3923 1836 3924 1838 3924 2022 3924 2022 3925 1838 3925 2023 3925 2023 3926 1840 3926 2024 3926 1838 3927 1840 3927 2023 3927 2024 3928 1842 3928 2025 3928 1840 3929 1842 3929 2024 3929 2025 3930 1844 3930 2026 3930 1842 3931 1844 3931 2025 3931 2026 3932 1846 3932 2027 3932 1844 3933 1846 3933 2026 3933 2027 3934 1848 3934 2028 3934 1846 3935 1848 3935 2027 3935 2028 3936 1850 3936 2029 3936 1848 3937 1850 3937 2028 3937 2029 3938 1852 3938 2030 3938 1850 3939 1852 3939 2029 3939 2030 3940 1854 3940 2031 3940 1852 3941 1854 3941 2030 3941 2031 3942 1856 3942 2032 3942 1854 3943 1856 3943 2031 3943 2032 3944 1858 3944 2033 3944 1856 3945 1858 3945 2032 3945 2033 3946 1860 3946 2034 3946 1858 3947 1860 3947 2033 3947 2034 3948 1862 3948 2035 3948 1860 3949 1862 3949 2034 3949 2035 3950 1864 3950 2036 3950 1862 3951 1864 3951 2035 3951 1864 3952 1866 3952 2036 3952 2036 3953 1866 3953 2037 3953 1866 3954 1868 3954 2037 3954 2037 3955 1868 3955 2038 3955 1868 3956 1870 3956 2038 3956 2038 3957 1870 3957 2039 3957 1870 3958 1871 3958 2039 3958 2039 3959 1871 3959 2040 3959 2040 3960 1875 3960 2041 3960 1871 3961 1875 3961 2040 3961 2041 3962 1876 3962 2042 3962 1875 3963 1876 3963 2041 3963 2042 3964 1878 3964 2043 3964 1876 3965 1878 3965 2042 3965 2043 3966 1879 3966 2044 3966 1878 3967 1879 3967 2043 3967 2044 3968 1882 3968 2045 3968 1879 3969 1882 3969 2044 3969 2045 3970 1884 3970 2046 3970 1882 3971 1884 3971 2045 3971 2046 3972 1887 3972 2047 3972 1884 3973 1887 3973 2046 3973 2047 3974 1888 3974 2048 3974 1887 3975 1888 3975 2047 3975 2048 3976 1891 3976 2049 3976 1888 3977 1891 3977 2048 3977 2049 3978 1892 3978 1924 3978 1891 3979 1892 3979 2049 3979 2050 3980 2003 3980 2051 3980 2050 3981 2002 3981 2003 3981 2052 3982 2051 3982 2003 3982 2052 3983 2003 3983 2004 3983 2053 3984 2002 3984 2050 3984 2053 3985 2001 3985 2002 3985 2054 3986 2004 3986 2005 3986 2054 3987 2052 3987 2004 3987 2055 3988 2001 3988 2053 3988 2055 3989 1999 3989 2000 3989 2055 3990 2000 3990 2001 3990 2056 3991 2054 3991 2005 3991 2056 3992 2005 3992 2006 3992 2057 3993 1999 3993 2055 3993 2058 3994 2056 3994 2006 3994 2058 3995 2006 3995 2007 3995 2059 3996 1998 3996 1999 3996 2059 3997 1999 3997 2057 3997 2060 3998 2058 3998 2007 3998 2060 3999 2007 3999 2008 3999 2061 4000 1998 4000 2059 4000 2061 4001 1996 4001 1997 4001 2061 4002 1997 4002 1998 4002 2062 4003 2008 4003 2009 4003 2062 4004 2009 4004 2010 4004 2062 4005 2060 4005 2008 4005 2063 4006 1996 4006 2061 4006 2064 4007 2062 4007 2010 4007 2064 4008 2010 4008 2011 4008 2065 4009 1995 4009 1996 4009 2065 4010 1996 4010 2063 4010 2066 4011 2064 4011 2011 4011 2066 4012 2011 4012 2012 4012 2067 4013 1995 4013 2065 4013 2067 4014 1994 4014 1995 4014 2068 4015 2066 4015 2012 4015 2069 4016 1994 4016 2067 4016 2069 4017 1993 4017 1994 4017 2070 4018 2068 4018 2012 4018 2070 4019 2012 4019 2013 4019 2071 4020 1993 4020 2069 4020 2071 4021 1992 4021 1993 4021 2072 4022 2070 4022 2013 4022 2072 4023 2013 4023 2014 4023 2072 4024 2014 4024 2015 4024 2073 4025 1992 4025 2071 4025 2073 4026 1991 4026 1992 4026 2074 4027 2072 4027 2015 4027 2075 4028 1991 4028 2073 4028 2075 4029 1990 4029 1991 4029 2076 4030 2074 4030 2015 4030 2076 4031 2015 4031 2016 4031 2077 4032 1989 4032 1990 4032 2077 4033 1990 4033 2075 4033 2078 4034 2076 4034 2016 4034 2078 4035 2016 4035 2017 4035 2079 4036 1988 4036 1989 4036 2079 4037 1989 4037 2077 4037 2080 4038 2078 4038 2017 4038 2080 4039 2017 4039 2018 4039 2080 4040 2018 4040 2019 4040 2081 4041 1986 4041 1987 4041 2081 4042 1987 4042 1988 4042 2081 4043 1988 4043 2079 4043 2082 4044 2080 4044 2019 4044 2083 4045 1985 4045 1986 4045 2083 4046 1986 4046 2081 4046 2084 4047 2082 4047 2019 4047 2084 4048 2019 4048 2020 4048 2085 4049 1985 4049 2083 4049 2086 4050 2084 4050 2020 4050 2086 4051 2020 4051 2021 4051 2087 4052 1984 4052 1985 4052 2087 4053 1985 4053 2085 4053 2088 4054 2086 4054 2021 4054 2088 4055 2021 4055 2022 4055 2089 4056 1983 4056 1984 4056 2089 4057 1984 4057 2087 4057 2090 4058 2088 4058 2022 4058 2090 4059 2022 4059 2023 4059 2090 4060 2023 4060 2024 4060 2091 4061 1983 4061 2089 4061 2091 4062 1982 4062 1983 4062 2092 4063 2090 4063 2024 4063 2093 4064 1982 4064 2091 4064 2093 4065 1981 4065 1982 4065 2094 4066 2024 4066 2025 4066 2094 4067 2092 4067 2024 4067 2095 4068 1981 4068 2093 4068 2095 4069 1980 4069 1981 4069 2096 4070 2025 4070 2026 4070 2096 4071 2094 4071 2025 4071 2097 4072 1980 4072 2095 4072 2097 4073 1979 4073 1980 4073 2098 4074 2026 4074 2027 4074 2098 4075 2027 4075 2028 4075 2098 4076 2096 4076 2026 4076 2099 4077 1979 4077 2097 4077 2099 4078 1978 4078 1979 4078 2100 4079 2098 4079 2028 4079 2101 4080 1978 4080 2099 4080 2101 4081 1977 4081 1978 4081 1976 4082 1977 4082 2101 4082 2102 4083 2028 4083 2029 4083 2102 4084 2100 4084 2028 4084 2030 4085 2102 4085 2029 4085 2103 4086 1976 4086 2101 4086 2104 4087 2102 4087 2030 4087 2105 4088 1975 4088 1976 4088 2105 4089 1976 4089 2103 4089 2106 4090 2030 4090 2031 4090 2106 4091 2104 4091 2030 4091 1974 4092 1975 4092 2105 4092 2107 4093 1974 4093 2105 4093 2108 4094 2031 4094 2032 4094 2108 4095 2106 4095 2031 4095 2109 4096 1973 4096 1974 4096 2109 4097 1974 4097 2107 4097 2110 4098 2032 4098 2033 4098 2110 4099 2108 4099 2032 4099 2111 4100 1972 4100 1973 4100 2111 4101 1973 4101 2109 4101 2034 4102 2110 4102 2033 4102 2112 4103 2110 4103 2034 4103 1971 4104 2111 4104 2113 4104 1971 4105 1972 4105 2111 4105 2114 4106 2112 4106 2034 4106 2035 4107 2114 4107 2034 4107 1970 4108 1971 4108 2113 4108 1970 4109 2113 4109 2115 4109 2036 4110 2114 4110 2035 4110 2036 4111 2116 4111 2114 4111 2117 4112 1970 4112 2115 4112 1969 4113 1970 4113 2117 4113 2037 4114 2118 4114 2116 4114 2037 4115 2116 4115 2036 4115 2119 4116 1969 4116 2117 4116 1968 4117 1969 4117 2119 4117 2038 4118 2118 4118 2037 4118 2038 4119 2120 4119 2118 4119 1967 4120 1968 4120 2119 4120 1967 4121 2119 4121 2121 4121 2039 4122 2120 4122 2038 4122 2039 4123 2122 4123 2120 4123 1966 4124 1967 4124 2121 4124 1966 4125 2121 4125 2123 4125 2040 4126 2124 4126 2122 4126 2040 4127 2122 4127 2039 4127 1965 4128 1966 4128 2123 4128 1965 4129 2123 4129 2125 4129 2041 4130 2124 4130 2040 4130 2041 4131 2126 4131 2124 4131 2041 4132 2127 4132 2126 4132 1964 4133 1965 4133 2125 4133 1964 4134 2128 4134 2129 4134 1964 4135 2125 4135 2128 4135 2042 4136 2130 4136 2127 4136 2042 4137 2127 4137 2041 4137 1963 4138 1964 4138 2129 4138 2043 4139 2131 4139 2130 4139 2043 4140 2130 4140 2042 4140 1962 4141 2129 4141 2132 4141 1962 4142 1963 4142 2129 4142 2044 4143 2133 4143 2131 4143 2044 4144 2131 4144 2043 4144 1961 4145 1962 4145 2132 4145 1961 4146 2132 4146 2134 4146 2045 4147 2133 4147 2044 4147 1960 4148 2135 4148 2136 4148 1960 4149 2134 4149 2135 4149 1960 4150 1961 4150 2134 4150 2046 4151 2137 4151 2133 4151 2046 4152 2133 4152 2045 4152 1959 4153 1960 4153 2136 4153 2047 4154 2138 4154 2137 4154 2047 4155 2137 4155 2046 4155 1958 4156 1959 4156 2136 4156 1958 4157 2136 4157 2139 4157 2048 4158 2140 4158 2138 4158 2048 4159 2141 4159 2140 4159 2048 4160 2138 4160 2047 4160 1957 4161 1958 4161 2139 4161 1957 4162 2142 4162 2143 4162 1957 4163 2139 4163 2142 4163 2049 4164 2141 4164 2048 4164 1956 4165 1957 4165 2143 4165 1956 4166 2143 4166 2144 4166 1924 4167 2141 4167 2049 4167 1924 4168 2145 4168 2141 4168 1955 4169 1956 4169 2144 4169 1955 4170 2144 4170 2146 4170 1925 4171 2147 4171 2145 4171 1925 4172 2148 4172 2147 4172 1925 4173 2145 4173 1924 4173 1954 4174 1955 4174 2146 4174 1954 4175 2146 4175 2149 4175 1926 4176 2150 4176 2148 4176 1926 4177 2148 4177 1925 4177 1953 4178 1954 4178 2149 4178 1927 4179 2150 4179 1926 4179 1952 4180 2149 4180 2151 4180 1952 4181 1953 4181 2149 4181 1928 4182 2152 4182 2150 4182 1928 4183 2150 4183 1927 4183 1951 4184 2151 4184 2153 4184 1951 4185 1952 4185 2151 4185 1929 4186 2154 4186 2152 4186 1929 4187 2152 4187 1928 4187 1950 4188 1951 4188 2153 4188 1950 4189 2153 4189 2155 4189 1930 4190 2156 4190 2154 4190 1930 4191 2154 4191 1929 4191 1949 4192 1950 4192 2155 4192 1949 4193 2157 4193 2158 4193 1949 4194 2155 4194 2157 4194 1931 4195 2159 4195 2156 4195 1931 4196 2160 4196 2159 4196 1931 4197 2156 4197 1930 4197 1948 4198 1949 4198 2158 4198 1932 4199 2161 4199 2160 4199 1932 4200 2160 4200 1931 4200 1947 4201 2162 4201 2163 4201 1947 4202 2158 4202 2162 4202 1947 4203 1948 4203 2158 4203 1933 4204 2161 4204 1932 4204 1946 4205 1947 4205 2163 4205 1934 4206 2161 4206 1933 4206 1934 4207 2164 4207 2161 4207 1934 4208 2165 4208 2164 4208 1945 4209 2166 4209 2167 4209 1945 4210 2163 4210 2166 4210 1945 4211 1946 4211 2163 4211 1935 4212 2165 4212 1934 4212 1944 4213 1945 4213 2167 4213 1944 4214 2167 4214 2168 4214 1936 4215 2165 4215 1935 4215 1936 4216 2169 4216 2165 4216 1943 4217 1944 4217 2168 4217 1937 4218 2170 4218 2169 4218 1937 4219 2169 4219 1936 4219 1942 4220 1943 4220 2168 4220 1942 4221 2171 4221 2172 4221 1942 4222 2168 4222 2171 4222 1938 4223 2170 4223 1937 4223 1938 4224 2173 4224 2170 4224 1941 4225 1942 4225 2172 4225 1939 4226 2174 4226 2173 4226 1939 4227 2175 4227 2174 4227 1939 4228 2173 4228 1938 4228 1940 4229 2172 4229 2175 4229 1940 4230 1941 4230 2172 4230 1940 4231 2175 4231 1939 4231 2145 4232 2147 4232 2176 4232 2176 4233 2147 4233 2177 4233 2177 4234 2148 4234 2178 4234 2147 4235 2148 4235 2177 4235 2178 4236 2150 4236 2179 4236 2148 4237 2150 4237 2178 4237 2179 4238 2152 4238 2180 4238 2150 4239 2152 4239 2179 4239 2180 4240 2154 4240 2181 4240 2152 4241 2154 4241 2180 4241 2181 4242 2156 4242 2182 4242 2182 4243 2156 4243 2183 4243 2154 4244 2156 4244 2181 4244 2156 4245 2159 4245 2183 4245 2183 4246 2160 4246 2184 4246 2159 4247 2160 4247 2183 4247 2184 4248 2161 4248 2185 4248 2185 4249 2161 4249 2186 4249 2160 4250 2161 4250 2184 4250 2161 4251 2164 4251 2186 4251 2164 4252 2165 4252 2186 4252 2186 4253 2165 4253 2187 4253 2187 4254 2165 4254 2188 4254 2165 4255 2169 4255 2188 4255 2169 4256 2170 4256 2188 4256 2188 4257 2170 4257 2189 4257 2189 4258 2170 4258 2190 4258 2170 4259 2173 4259 2190 4259 2190 4260 2173 4260 2191 4260 2173 4261 2174 4261 2191 4261 2174 4262 2175 4262 2191 4262 2191 4263 2175 4263 2192 4263 2192 4264 2172 4264 2193 4264 2175 4265 2172 4265 2192 4265 2193 4266 2171 4266 2194 4266 2194 4267 2171 4267 2195 4267 2172 4268 2171 4268 2193 4268 2195 4269 2168 4269 2196 4269 2171 4270 2168 4270 2195 4270 2168 4271 2167 4271 2196 4271 2196 4272 2166 4272 2197 4272 2197 4273 2166 4273 2198 4273 2167 4274 2166 4274 2196 4274 2166 4275 2163 4275 2198 4275 2198 4276 2162 4276 2199 4276 2199 4277 2162 4277 2200 4277 2163 4278 2162 4278 2198 4278 2162 4279 2158 4279 2200 4279 2200 4280 2157 4280 2201 4280 2201 4281 2157 4281 2202 4281 2158 4282 2157 4282 2200 4282 2157 4283 2155 4283 2202 4283 2202 4284 2153 4284 2203 4284 2155 4285 2153 4285 2202 4285 2203 4286 2151 4286 2204 4286 2204 4287 2151 4287 2205 4287 2153 4288 2151 4288 2203 4288 2151 4289 2149 4289 2205 4289 2205 4290 2146 4290 2206 4290 2206 4291 2146 4291 2207 4291 2149 4292 2146 4292 2205 4292 2146 4293 2144 4293 2207 4293 2207 4294 2143 4294 2208 4294 2208 4295 2143 4295 2209 4295 2144 4296 2143 4296 2207 4296 2143 4297 2142 4297 2209 4297 2209 4298 2139 4298 2210 4298 2210 4299 2139 4299 2211 4299 2142 4300 2139 4300 2209 4300 2139 4301 2136 4301 2211 4301 2136 4302 2135 4302 2211 4302 2211 4303 2135 4303 2212 4303 2212 4304 2134 4304 2213 4304 2135 4305 2134 4305 2212 4305 2134 4306 2132 4306 2213 4306 2213 4307 2132 4307 2214 4307 2132 4308 2129 4308 2214 4308 2214 4309 2129 4309 2215 4309 2129 4310 2128 4310 2215 4310 2215 4311 2128 4311 2216 4311 2128 4312 2125 4312 2216 4312 2216 4313 2125 4313 2217 4313 2125 4314 2123 4314 2217 4314 2217 4315 2123 4315 2218 4315 2123 4316 2121 4316 2218 4316 2218 4317 2121 4317 2219 4317 2121 4318 2119 4318 2219 4318 2219 4319 2119 4319 2220 4319 2119 4320 2117 4320 2220 4320 2220 4321 2117 4321 2221 4321 2117 4322 2115 4322 2221 4322 2221 4323 2115 4323 2222 4323 2115 4324 2113 4324 2222 4324 2222 4325 2113 4325 2223 4325 2113 4326 2111 4326 2223 4326 2223 4327 2111 4327 2224 4327 2224 4328 2111 4328 2225 4328 2111 4329 2109 4329 2225 4329 2225 4330 2107 4330 2226 4330 2109 4331 2107 4331 2225 4331 2226 4332 2105 4332 2227 4332 2107 4333 2105 4333 2226 4333 2227 4334 2103 4334 2228 4334 2105 4335 2103 4335 2227 4335 2228 4336 2101 4336 2229 4336 2103 4337 2101 4337 2228 4337 2229 4338 2099 4338 2230 4338 2101 4339 2099 4339 2229 4339 2230 4340 2097 4340 2231 4340 2099 4341 2097 4341 2230 4341 2231 4342 2095 4342 2232 4342 2097 4343 2095 4343 2231 4343 2232 4344 2093 4344 2233 4344 2233 4345 2093 4345 2234 4345 2095 4346 2093 4346 2232 4346 2093 4347 2091 4347 2234 4347 2234 4348 2089 4348 2235 4348 2091 4349 2089 4349 2234 4349 2235 4350 2087 4350 2236 4350 2089 4351 2087 4351 2235 4351 2236 4352 2085 4352 2237 4352 2087 4353 2085 4353 2236 4353 2085 4354 2083 4354 2237 4354 2237 4355 2083 4355 2238 4355 2083 4356 2081 4356 2238 4356 2238 4357 2081 4357 2239 4357 2081 4358 2079 4358 2239 4358 2239 4359 2079 4359 2240 4359 2079 4360 2077 4360 2240 4360 2240 4361 2077 4361 2241 4361 2077 4362 2075 4362 2241 4362 2241 4363 2075 4363 2242 4363 2075 4364 2073 4364 2242 4364 2242 4365 2073 4365 2243 4365 2073 4366 2071 4366 2243 4366 2243 4367 2071 4367 2244 4367 2071 4368 2069 4368 2244 4368 2244 4369 2069 4369 2245 4369 2069 4370 2067 4370 2245 4370 2245 4371 2067 4371 2246 4371 2067 4372 2065 4372 2246 4372 2246 4373 2065 4373 2247 4373 2065 4374 2063 4374 2247 4374 2247 4375 2063 4375 2248 4375 2063 4376 2061 4376 2248 4376 2248 4377 2061 4377 2249 4377 2061 4378 2059 4378 2249 4378 2249 4379 2059 4379 2250 4379 2059 4380 2057 4380 2250 4380 2250 4381 2057 4381 2251 4381 2057 4382 2055 4382 2251 4382 2251 4383 2055 4383 2252 4383 2055 4384 2053 4384 2252 4384 2252 4385 2053 4385 2253 4385 2053 4386 2050 4386 2253 4386 2253 4387 2050 4387 2254 4387 2050 4388 2051 4388 2254 4388 2254 4389 2051 4389 2255 4389 2051 4390 2052 4390 2255 4390 2255 4391 2052 4391 2256 4391 2052 4392 2054 4392 2256 4392 2256 4393 2054 4393 2257 4393 2054 4394 2056 4394 2257 4394 2257 4395 2056 4395 2258 4395 2258 4396 2058 4396 2259 4396 2056 4397 2058 4397 2258 4397 2259 4398 2060 4398 2260 4398 2058 4399 2060 4399 2259 4399 2260 4400 2062 4400 2261 4400 2060 4401 2062 4401 2260 4401 2261 4402 2064 4402 2262 4402 2062 4403 2064 4403 2261 4403 2262 4404 2066 4404 2263 4404 2064 4405 2066 4405 2262 4405 2066 4406 2068 4406 2263 4406 2263 4407 2068 4407 2264 4407 2068 4408 2070 4408 2264 4408 2264 4409 2070 4409 2265 4409 2070 4410 2072 4410 2265 4410 2265 4411 2072 4411 2266 4411 2266 4412 2072 4412 2267 4412 2072 4413 2074 4413 2267 4413 2074 4414 2076 4414 2267 4414 2267 4415 2076 4415 2268 4415 2076 4416 2078 4416 2268 4416 2268 4417 2078 4417 2269 4417 2078 4418 2080 4418 2269 4418 2269 4419 2080 4419 2270 4419 2080 4420 2082 4420 2270 4420 2270 4421 2082 4421 2271 4421 2271 4422 2082 4422 2272 4422 2082 4423 2084 4423 2272 4423 2084 4424 2086 4424 2272 4424 2272 4425 2086 4425 2273 4425 2086 4426 2088 4426 2273 4426 2273 4427 2088 4427 2274 4427 2274 4428 2088 4428 2275 4428 2088 4429 2090 4429 2275 4429 2275 4430 2092 4430 2276 4430 2276 4431 2092 4431 2277 4431 2090 4432 2092 4432 2275 4432 2092 4433 2094 4433 2277 4433 2277 4434 2096 4434 2278 4434 2278 4435 2096 4435 2279 4435 2094 4436 2096 4436 2277 4436 2279 4437 2098 4437 2280 4437 2096 4438 2098 4438 2279 4438 2098 4439 2100 4439 2280 4439 2280 4440 2102 4440 2281 4440 2281 4441 2102 4441 2282 4441 2100 4442 2102 4442 2280 4442 2282 4443 2104 4443 2283 4443 2102 4444 2104 4444 2282 4444 2104 4445 2106 4445 2283 4445 2283 4446 2108 4446 2284 4446 2106 4447 2108 4447 2283 4447 2284 4448 2110 4448 2285 4448 2285 4449 2110 4449 2286 4449 2108 4450 2110 4450 2284 4450 2286 4451 2112 4451 2287 4451 2110 4452 2112 4452 2286 4452 2112 4453 2114 4453 2287 4453 2114 4454 2116 4454 2287 4454 2287 4455 2116 4455 2288 4455 2116 4456 2118 4456 2288 4456 2288 4457 2118 4457 2289 4457 2289 4458 2118 4458 2290 4458 2118 4459 2120 4459 2290 4459 2290 4460 2120 4460 2291 4460 2120 4461 2122 4461 2291 4461 2122 4462 2124 4462 2291 4462 2291 4463 2124 4463 2292 4463 2292 4464 2126 4464 2293 4464 2293 4465 2126 4465 2294 4465 2124 4466 2126 4466 2292 4466 2294 4467 2127 4467 2295 4467 2126 4468 2127 4468 2294 4468 2127 4469 2130 4469 2295 4469 2295 4470 2131 4470 2296 4470 2296 4471 2131 4471 2297 4471 2130 4472 2131 4472 2295 4472 2297 4473 2133 4473 2298 4473 2131 4474 2133 4474 2297 4474 2133 4475 2137 4475 2298 4475 2298 4476 2138 4476 2299 4476 2137 4477 2138 4477 2298 4477 2299 4478 2140 4478 2300 4478 2138 4479 2140 4479 2299 4479 2300 4480 2141 4480 2301 4480 2140 4481 2141 4481 2300 4481 2301 4482 2145 4482 2176 4482 2141 4483 2145 4483 2301 4483 2302 4484 2254 4484 2255 4484 2302 4485 2255 4485 2303 4485 2304 4486 2255 4486 2256 4486 2304 4487 2303 4487 2255 4487 2305 4488 2254 4488 2302 4488 2305 4489 2253 4489 2254 4489 2306 4490 2304 4490 2256 4490 2306 4491 2256 4491 2257 4491 2307 4492 2253 4492 2305 4492 2307 4493 2251 4493 2252 4493 2307 4494 2252 4494 2253 4494 2308 4495 2306 4495 2257 4495 2308 4496 2257 4496 2258 4496 2308 4497 2258 4497 2259 4497 2309 4498 2251 4498 2307 4498 2310 4499 2308 4499 2259 4499 2311 4500 2250 4500 2251 4500 2311 4501 2251 4501 2309 4501 2312 4502 2310 4502 2259 4502 2312 4503 2259 4503 2260 4503 2313 4504 2250 4504 2311 4504 2313 4505 2249 4505 2250 4505 2314 4506 2312 4506 2260 4506 2314 4507 2260 4507 2261 4507 2315 4508 2249 4508 2313 4508 2315 4509 2248 4509 2249 4509 2316 4510 2314 4510 2261 4510 2316 4511 2261 4511 2262 4511 2317 4512 2248 4512 2315 4512 2317 4513 2247 4513 2248 4513 2318 4514 2316 4514 2262 4514 2318 4515 2262 4515 2263 4515 2318 4516 2263 4516 2264 4516 2319 4517 2247 4517 2317 4517 2319 4518 2246 4518 2247 4518 2320 4519 2318 4519 2264 4519 2320 4520 2264 4520 2265 4520 2321 4521 2246 4521 2319 4521 2321 4522 2245 4522 2246 4522 2322 4523 2320 4523 2265 4523 2323 4524 2245 4524 2321 4524 2323 4525 2244 4525 2245 4525 2324 4526 2322 4526 2265 4526 2324 4527 2265 4527 2266 4527 2325 4528 2244 4528 2323 4528 2325 4529 2243 4529 2244 4529 2326 4530 2324 4530 2266 4530 2326 4531 2266 4531 2267 4531 2327 4532 2242 4532 2243 4532 2327 4533 2243 4533 2325 4533 2328 4534 2326 4534 2267 4534 2328 4535 2267 4535 2268 4535 2328 4536 2268 4536 2269 4536 2329 4537 2241 4537 2242 4537 2329 4538 2242 4538 2327 4538 2330 4539 2328 4539 2269 4539 2331 4540 2240 4540 2241 4540 2331 4541 2241 4541 2329 4541 2332 4542 2330 4542 2269 4542 2332 4543 2269 4543 2270 4543 2333 4544 2240 4544 2331 4544 2333 4545 2239 4545 2240 4545 2334 4546 2332 4546 2270 4546 2334 4547 2270 4547 2271 4547 2335 4548 2239 4548 2333 4548 2335 4549 2238 4549 2239 4549 2336 4550 2334 4550 2271 4550 2336 4551 2271 4551 2272 4551 2337 4552 2237 4552 2238 4552 2337 4553 2238 4553 2335 4553 2338 4554 2272 4554 2273 4554 2338 4555 2336 4555 2272 4555 2339 4556 2237 4556 2337 4556 2339 4557 2236 4557 2237 4557 2340 4558 2338 4558 2273 4558 2340 4559 2273 4559 2274 4559 2341 4560 2235 4560 2236 4560 2341 4561 2236 4561 2339 4561 2342 4562 2340 4562 2274 4562 2342 4563 2274 4563 2275 4563 2343 4564 2235 4564 2341 4564 2343 4565 2234 4565 2235 4565 2344 4566 2342 4566 2275 4566 2344 4567 2275 4567 2276 4567 2345 4568 2234 4568 2343 4568 2345 4569 2233 4569 2234 4569 2346 4570 2276 4570 2277 4570 2346 4571 2277 4571 2278 4571 2346 4572 2344 4572 2276 4572 2347 4573 2233 4573 2345 4573 2347 4574 2232 4574 2233 4574 2348 4575 2346 4575 2278 4575 2349 4576 2232 4576 2347 4576 2349 4577 2230 4577 2231 4577 2349 4578 2231 4578 2232 4578 2350 4579 2278 4579 2279 4579 2350 4580 2348 4580 2278 4580 2351 4581 2230 4581 2349 4581 2352 4582 2350 4582 2279 4582 2352 4583 2279 4583 2280 4583 2353 4584 2230 4584 2351 4584 2353 4585 2229 4585 2230 4585 2354 4586 2280 4586 2281 4586 2354 4587 2352 4587 2280 4587 2355 4588 2228 4588 2229 4588 2355 4589 2229 4589 2353 4589 2356 4590 2281 4590 2282 4590 2356 4591 2354 4591 2281 4591 2357 4592 2227 4592 2228 4592 2357 4593 2228 4593 2355 4593 2226 4594 2227 4594 2357 4594 2358 4595 2282 4595 2283 4595 2358 4596 2356 4596 2282 4596 2359 4597 2226 4597 2357 4597 2360 4598 2283 4598 2284 4598 2360 4599 2358 4599 2283 4599 2361 4600 2225 4600 2226 4600 2361 4601 2226 4601 2359 4601 2362 4602 2284 4602 2285 4602 2362 4603 2360 4603 2284 4603 2224 4604 2225 4604 2361 4604 2363 4605 2224 4605 2361 4605 2364 4606 2285 4606 2286 4606 2364 4607 2362 4607 2285 4607 2365 4608 2224 4608 2363 4608 2223 4609 2224 4609 2365 4609 2287 4610 2364 4610 2286 4610 2287 4611 2366 4611 2364 4611 2222 4612 2223 4612 2365 4612 2222 4613 2365 4613 2367 4613 2368 4614 2366 4614 2287 4614 2288 4615 2368 4615 2287 4615 2221 4616 2222 4616 2367 4616 2221 4617 2367 4617 2369 4617 2370 4618 2221 4618 2369 4618 2289 4619 2368 4619 2288 4619 2289 4620 2371 4620 2368 4620 2220 4621 2221 4621 2370 4621 2290 4622 2371 4622 2289 4622 2290 4623 2372 4623 2371 4623 2373 4624 2372 4624 2290 4624 2219 4625 2220 4625 2370 4625 2219 4626 2370 4626 2374 4626 2291 4627 2373 4627 2290 4627 2291 4628 2375 4628 2373 4628 2218 4629 2219 4629 2374 4629 2218 4630 2376 4630 2377 4630 2218 4631 2374 4631 2376 4631 2292 4632 2375 4632 2291 4632 2217 4633 2218 4633 2377 4633 2217 4634 2377 4634 2378 4634 2293 4635 2375 4635 2292 4635 2293 4636 2379 4636 2375 4636 2216 4637 2217 4637 2378 4637 2216 4638 2378 4638 2380 4638 2294 4639 2381 4639 2379 4639 2294 4640 2379 4640 2293 4640 2215 4641 2216 4641 2380 4641 2295 4642 2382 4642 2381 4642 2295 4643 2381 4643 2294 4643 2214 4644 2380 4644 2383 4644 2214 4645 2215 4645 2380 4645 2296 4646 2384 4646 2382 4646 2296 4647 2382 4647 2295 4647 2213 4648 2383 4648 2385 4648 2213 4649 2214 4649 2383 4649 2297 4650 2386 4650 2384 4650 2297 4651 2384 4651 2296 4651 2212 4652 2385 4652 2387 4652 2212 4653 2213 4653 2385 4653 2298 4654 2388 4654 2386 4654 2298 4655 2389 4655 2388 4655 2298 4656 2386 4656 2297 4656 2211 4657 2212 4657 2387 4657 2211 4658 2387 4658 2390 4658 2299 4659 2389 4659 2298 4659 2299 4660 2391 4660 2389 4660 2210 4661 2211 4661 2390 4661 2210 4662 2392 4662 2393 4662 2210 4663 2390 4663 2392 4663 2300 4664 2391 4664 2299 4664 2209 4665 2210 4665 2393 4665 2301 4666 2394 4666 2391 4666 2301 4667 2391 4667 2300 4667 2208 4668 2209 4668 2393 4668 2208 4669 2393 4669 2395 4669 2176 4670 2396 4670 2397 4670 2176 4671 2394 4671 2301 4671 2176 4672 2397 4672 2394 4672 2207 4673 2208 4673 2395 4673 2207 4674 2395 4674 2398 4674 2177 4675 2396 4675 2176 4675 2206 4676 2398 4676 2399 4676 2206 4677 2207 4677 2398 4677 2178 4678 2400 4678 2396 4678 2178 4679 2401 4679 2400 4679 2178 4680 2396 4680 2177 4680 2205 4681 2399 4681 2402 4681 2205 4682 2206 4682 2399 4682 2179 4683 2401 4683 2178 4683 2204 4684 2403 4684 2404 4684 2204 4685 2402 4685 2403 4685 2204 4686 2205 4686 2402 4686 2180 4687 2405 4687 2401 4687 2180 4688 2406 4688 2405 4688 2180 4689 2401 4689 2179 4689 2203 4690 2204 4690 2404 4690 2203 4691 2404 4691 2407 4691 2181 4692 2406 4692 2180 4692 2202 4693 2203 4693 2407 4693 2202 4694 2407 4694 2408 4694 2182 4695 2409 4695 2406 4695 2182 4696 2406 4696 2181 4696 2201 4697 2202 4697 2408 4697 2183 4698 2409 4698 2182 4698 2183 4699 2410 4699 2409 4699 2183 4700 2411 4700 2410 4700 2200 4701 2201 4701 2408 4701 2200 4702 2408 4702 2412 4702 2184 4703 2413 4703 2411 4703 2184 4704 2411 4704 2183 4704 2199 4705 2200 4705 2412 4705 2199 4706 2414 4706 2415 4706 2199 4707 2412 4707 2414 4707 2185 4708 2413 4708 2184 4708 2198 4709 2199 4709 2415 4709 2186 4710 2413 4710 2185 4710 2186 4711 2416 4711 2413 4711 2186 4712 2417 4712 2416 4712 2197 4713 2198 4713 2415 4713 2197 4714 2415 4714 2418 4714 2187 4715 2417 4715 2186 4715 2187 4716 2419 4716 2417 4716 2196 4717 2197 4717 2418 4717 2196 4718 2418 4718 2420 4718 2188 4719 2419 4719 2187 4719 2195 4720 2196 4720 2420 4720 2195 4721 2420 4721 2421 4721 2189 4722 2419 4722 2188 4722 2189 4723 2422 4723 2419 4723 2194 4724 2195 4724 2421 4724 2194 4725 2421 4725 2423 4725 2190 4726 2422 4726 2189 4726 2190 4727 2424 4727 2422 4727 2190 4728 2425 4728 2424 4728 2193 4729 2423 4729 2426 4729 2193 4730 2194 4730 2423 4730 2191 4731 2425 4731 2190 4731 2192 4732 2427 4732 2425 4732 2192 4733 2426 4733 2427 4733 2192 4734 2193 4734 2426 4734 2192 4735 2425 4735 2191 4735 2428 4736 2397 4736 2396 4736 2428 4737 2429 4737 2397 4737 2430 4738 2396 4738 2400 4738 2430 4739 2400 4739 2401 4739 2430 4740 2428 4740 2396 4740 2431 4741 2430 4741 2401 4741 2432 4742 2401 4742 2405 4742 2432 4743 2431 4743 2401 4743 2433 4744 2405 4744 2406 4744 2433 4745 2432 4745 2405 4745 2434 4746 2406 4746 2409 4746 2434 4747 2433 4747 2406 4747 2435 4748 2409 4748 2410 4748 2435 4749 2434 4749 2409 4749 2436 4750 2410 4750 2411 4750 2436 4751 2411 4751 2413 4751 2436 4752 2435 4752 2410 4752 2437 4753 2436 4753 2413 4753 2438 4754 2413 4754 2416 4754 2438 4755 2437 4755 2413 4755 2439 4756 2438 4756 2416 4756 2439 4757 2416 4757 2417 4757 2440 4758 2439 4758 2417 4758 2440 4759 2417 4759 2419 4759 2441 4760 2440 4760 2419 4760 2441 4761 2419 4761 2422 4761 2442 4762 2422 4762 2424 4762 2442 4763 2441 4763 2422 4763 2443 4764 2424 4764 2425 4764 2443 4765 2442 4765 2424 4765 2444 4766 2425 4766 2427 4766 2444 4767 2443 4767 2425 4767 2445 4768 2427 4768 2426 4768 2445 4769 2444 4769 2427 4769 2446 4770 2426 4770 2423 4770 2446 4771 2445 4771 2426 4771 2447 4772 2423 4772 2421 4772 2447 4773 2446 4773 2423 4773 2448 4774 2421 4774 2420 4774 2448 4775 2420 4775 2418 4775 2448 4776 2447 4776 2421 4776 2449 4777 2448 4777 2418 4777 2450 4778 2418 4778 2415 4778 2450 4779 2415 4779 2414 4779 2450 4780 2449 4780 2418 4780 2451 4781 2450 4781 2414 4781 2452 4782 2414 4782 2412 4782 2452 4783 2412 4783 2408 4783 2452 4784 2451 4784 2414 4784 2453 4785 2452 4785 2408 4785 2454 4786 2408 4786 2407 4786 2454 4787 2407 4787 2404 4787 2454 4788 2453 4788 2408 4788 2455 4789 2404 4789 2403 4789 2455 4790 2454 4790 2404 4790 2456 4791 2403 4791 2402 4791 2456 4792 2455 4792 2403 4792 2457 4793 2456 4793 2402 4793 2458 4794 2402 4794 2399 4794 2458 4795 2399 4795 2398 4795 2458 4796 2457 4796 2402 4796 2459 4797 2398 4797 2395 4797 2459 4798 2458 4798 2398 4798 2460 4799 2459 4799 2395 4799 2461 4800 2395 4800 2393 4800 2461 4801 2460 4801 2395 4801 2462 4802 2393 4802 2392 4802 2462 4803 2392 4803 2390 4803 2462 4804 2461 4804 2393 4804 2463 4805 2462 4805 2390 4805 2464 4806 2463 4806 2390 4806 2464 4807 2390 4807 2387 4807 2465 4808 2387 4808 2385 4808 2465 4809 2464 4809 2387 4809 2466 4810 2465 4810 2385 4810 2466 4811 2385 4811 2383 4811 2466 4812 2383 4812 2380 4812 2467 4813 2466 4813 2380 4813 2468 4814 2467 4814 2380 4814 2468 4815 2380 4815 2378 4815 2469 4816 2468 4816 2378 4816 2469 4817 2378 4817 2377 4817 2470 4818 2469 4818 2377 4818 2470 4819 2377 4819 2376 4819 2471 4820 2470 4820 2376 4820 2471 4821 2376 4821 2374 4821 2471 4822 2374 4822 2370 4822 2472 4823 2471 4823 2370 4823 2473 4824 2472 4824 2370 4824 2473 4825 2370 4825 2369 4825 2474 4826 2473 4826 2369 4826 2474 4827 2369 4827 2367 4827 2475 4828 2474 4828 2367 4828 2475 4829 2367 4829 2365 4829 2476 4830 2475 4830 2365 4830 2476 4831 2365 4831 2363 4831 2477 4832 2363 4832 2361 4832 2477 4833 2476 4833 2363 4833 2478 4834 2361 4834 2359 4834 2478 4835 2477 4835 2361 4835 2479 4836 2359 4836 2357 4836 2479 4837 2478 4837 2359 4837 2480 4838 2357 4838 2355 4838 2480 4839 2479 4839 2357 4839 2481 4840 2355 4840 2353 4840 2481 4841 2480 4841 2355 4841 2482 4842 2353 4842 2351 4842 2482 4843 2481 4843 2353 4843 2483 4844 2351 4844 2349 4844 2483 4845 2482 4845 2351 4845 2484 4846 2349 4846 2347 4846 2484 4847 2483 4847 2349 4847 2485 4848 2347 4848 2345 4848 2485 4849 2484 4849 2347 4849 2486 4850 2345 4850 2343 4850 2486 4851 2485 4851 2345 4851 2487 4852 2343 4852 2341 4852 2487 4853 2486 4853 2343 4853 2488 4854 2341 4854 2339 4854 2488 4855 2487 4855 2341 4855 2489 4856 2339 4856 2337 4856 2489 4857 2488 4857 2339 4857 2490 4858 2489 4858 2337 4858 2490 4859 2337 4859 2335 4859 2491 4860 2490 4860 2335 4860 2491 4861 2335 4861 2333 4861 2492 4862 2491 4862 2333 4862 2492 4863 2333 4863 2331 4863 2493 4864 2492 4864 2331 4864 2493 4865 2331 4865 2329 4865 2494 4866 2493 4866 2329 4866 2494 4867 2329 4867 2327 4867 2495 4868 2494 4868 2327 4868 2495 4869 2327 4869 2325 4869 2496 4870 2495 4870 2325 4870 2496 4871 2325 4871 2323 4871 2497 4872 2496 4872 2323 4872 2497 4873 2323 4873 2321 4873 2498 4874 2497 4874 2321 4874 2498 4875 2321 4875 2319 4875 2499 4876 2498 4876 2319 4876 2499 4877 2319 4877 2317 4877 2500 4878 2499 4878 2317 4878 2500 4879 2317 4879 2315 4879 2500 4880 2315 4880 2313 4880 2501 4881 2500 4881 2313 4881 2502 4882 2501 4882 2313 4882 2502 4883 2313 4883 2311 4883 2503 4884 2502 4884 2311 4884 2503 4885 2311 4885 2309 4885 2504 4886 2503 4886 2309 4886 2504 4887 2309 4887 2307 4887 2505 4888 2504 4888 2307 4888 2505 4889 2307 4889 2305 4889 2506 4890 2505 4890 2305 4890 2506 4891 2305 4891 2302 4891 2507 4892 2506 4892 2302 4892 2507 4893 2302 4893 2303 4893 2508 4894 2507 4894 2303 4894 2508 4895 2303 4895 2304 4895 2509 4896 2508 4896 2304 4896 2509 4897 2304 4897 2306 4897 2510 4898 2509 4898 2306 4898 2510 4899 2306 4899 2308 4899 2511 4900 2308 4900 2310 4900 2511 4901 2510 4901 2308 4901 2512 4902 2310 4902 2312 4902 2512 4903 2511 4903 2310 4903 2513 4904 2312 4904 2314 4904 2513 4905 2512 4905 2312 4905 2514 4906 2314 4906 2316 4906 2514 4907 2513 4907 2314 4907 2515 4908 2514 4908 2316 4908 2515 4909 2316 4909 2318 4909 2516 4910 2515 4910 2318 4910 2516 4911 2318 4911 2320 4911 2517 4912 2516 4912 2320 4912 2517 4913 2320 4913 2322 4913 2518 4914 2517 4914 2322 4914 2518 4915 2322 4915 2324 4915 2519 4916 2518 4916 2324 4916 2519 4917 2324 4917 2326 4917 2520 4918 2519 4918 2326 4918 2520 4919 2326 4919 2328 4919 2521 4920 2520 4920 2328 4920 2521 4921 2328 4921 2330 4921 2522 4922 2521 4922 2330 4922 2522 4923 2330 4923 2332 4923 2523 4924 2522 4924 2332 4924 2523 4925 2332 4925 2334 4925 2524 4926 2523 4926 2334 4926 2524 4927 2334 4927 2336 4927 2525 4928 2524 4928 2336 4928 2525 4929 2336 4929 2338 4929 2526 4930 2525 4930 2338 4930 2526 4931 2338 4931 2340 4931 2527 4932 2526 4932 2340 4932 2527 4933 2340 4933 2342 4933 2528 4934 2527 4934 2342 4934 2528 4935 2342 4935 2344 4935 2529 4936 2344 4936 2346 4936 2529 4937 2528 4937 2344 4937 2530 4938 2346 4938 2348 4938 2530 4939 2529 4939 2346 4939 2531 4940 2348 4940 2350 4940 2531 4941 2530 4941 2348 4941 2532 4942 2350 4942 2352 4942 2532 4943 2531 4943 2350 4943 2533 4944 2352 4944 2354 4944 2533 4945 2532 4945 2352 4945 2534 4946 2354 4946 2356 4946 2534 4947 2356 4947 2358 4947 2534 4948 2533 4948 2354 4948 2535 4949 2534 4949 2358 4949 2536 4950 2358 4950 2360 4950 2536 4951 2535 4951 2358 4951 2537 4952 2360 4952 2362 4952 2537 4953 2536 4953 2360 4953 2538 4954 2362 4954 2364 4954 2538 4955 2537 4955 2362 4955 2539 4956 2364 4956 2366 4956 2539 4957 2366 4957 2368 4957 2539 4958 2538 4958 2364 4958 2540 4959 2539 4959 2368 4959 2541 4960 2540 4960 2368 4960 2541 4961 2368 4961 2371 4961 2541 4962 2371 4962 2372 4962 2542 4963 2541 4963 2372 4963 2543 4964 2542 4964 2372 4964 2543 4965 2372 4965 2373 4965 2543 4966 2373 4966 2375 4966 2544 4967 2543 4967 2375 4967 2545 4968 2375 4968 2379 4968 2545 4969 2379 4969 2381 4969 2545 4970 2544 4970 2375 4970 2546 4971 2545 4971 2381 4971 2547 4972 2381 4972 2382 4972 2547 4973 2546 4973 2381 4973 2548 4974 2382 4974 2384 4974 2548 4975 2547 4975 2382 4975 2549 4976 2384 4976 2386 4976 2549 4977 2548 4977 2384 4977 2550 4978 2386 4978 2388 4978 2550 4979 2549 4979 2386 4979 2551 4980 2388 4980 2389 4980 2551 4981 2550 4981 2388 4981 2552 4982 2389 4982 2391 4982 2552 4983 2551 4983 2389 4983 2553 4984 2391 4984 2394 4984 2553 4985 2552 4985 2391 4985 2429 4986 2553 4986 2394 4986 2429 4987 2394 4987 2397 4987 2509 4988 2507 4988 2508 4988 2503 4989 2504 4989 2505 4989 2512 4990 2507 4990 2509 4990 2512 4991 2509 4991 2510 4991 2512 4992 2510 4992 2511 4992 2513 4993 2503 4993 2505 4993 2513 4994 2507 4994 2512 4994 2513 4995 2505 4995 2506 4995 2513 4996 2506 4996 2507 4996 2500 4997 2501 4997 2502 4997 2499 4998 2500 4998 2502 4998 2499 4999 2502 4999 2503 4999 2515 5000 2513 5000 2514 5000 2517 5001 2513 5001 2515 5001 2517 5002 2515 5002 2516 5002 2496 5003 2497 5003 2498 5003 2496 5004 2498 5004 2499 5004 2518 5005 2513 5005 2517 5005 2520 5006 2513 5006 2518 5006 2520 5007 2518 5007 2519 5007 2493 5008 2494 5008 2495 5008 2493 5009 2495 5009 2496 5009 2492 5010 2493 5010 2496 5010 2523 5011 2521 5011 2522 5011 2490 5012 2503 5012 2513 5012 2490 5013 2499 5013 2503 5013 2490 5014 2491 5014 2492 5014 2490 5015 2496 5015 2499 5015 2490 5016 2513 5016 2520 5016 2490 5017 2492 5017 2496 5017 2490 5018 2520 5018 2521 5018 2525 5019 2523 5019 2524 5019 2488 5020 2489 5020 2490 5020 2526 5021 2523 5021 2525 5021 2526 5022 2521 5022 2523 5022 2528 5023 2526 5023 2527 5023 2485 5024 2488 5024 2490 5024 2485 5025 2486 5025 2487 5025 2485 5026 2487 5026 2488 5026 2485 5027 2490 5027 2521 5027 2530 5028 2528 5028 2529 5028 2531 5029 2528 5029 2530 5029 2482 5030 2485 5030 2521 5030 2482 5031 2483 5031 2484 5031 2482 5032 2484 5032 2485 5032 2532 5033 2528 5033 2531 5033 2534 5034 2532 5034 2533 5034 2534 5035 2528 5035 2532 5035 2477 5036 2478 5036 2479 5036 2477 5037 2479 5037 2480 5037 2477 5038 2480 5038 2481 5038 2477 5039 2481 5039 2482 5039 2537 5040 2535 5040 2536 5040 2538 5041 2535 5041 2537 5041 2475 5042 2477 5042 2482 5042 2475 5043 2476 5043 2477 5043 2539 5044 2535 5044 2538 5044 2541 5045 2539 5045 2540 5045 2472 5046 2473 5046 2474 5046 2542 5047 2539 5047 2541 5047 2471 5048 2472 5048 2474 5048 2543 5049 2539 5049 2542 5049 2468 5050 2469 5050 2470 5050 2468 5051 2470 5051 2471 5051 2468 5052 2471 5052 2474 5052 2546 5053 2543 5053 2544 5053 2546 5054 2544 5054 2545 5054 2547 5055 2539 5055 2543 5055 2547 5056 2543 5056 2546 5056 2466 5057 2467 5057 2468 5057 2466 5058 2468 5058 2474 5058 2548 5059 2535 5059 2539 5059 2548 5060 2539 5060 2547 5060 2550 5061 2534 5061 2535 5061 2550 5062 2548 5062 2549 5062 2550 5063 2535 5063 2548 5063 2463 5064 2464 5064 2465 5064 2553 5065 2550 5065 2551 5065 2553 5066 2551 5066 2552 5066 2458 5067 2482 5067 2521 5067 2458 5068 2459 5068 2460 5068 2458 5069 2460 5069 2461 5069 2458 5070 2461 5070 2462 5070 2458 5071 2462 5071 2463 5071 2458 5072 2465 5072 2466 5072 2458 5073 2475 5073 2482 5073 2458 5074 2474 5074 2475 5074 2458 5075 2463 5075 2465 5075 2458 5076 2466 5076 2474 5076 2430 5077 2429 5077 2428 5077 2430 5078 2553 5078 2429 5078 2431 5079 2553 5079 2430 5079 2456 5080 2457 5080 2458 5080 2455 5081 2458 5081 2521 5081 2455 5082 2521 5082 2526 5082 2455 5083 2456 5083 2458 5083 2433 5084 2431 5084 2432 5084 2434 5085 2431 5085 2433 5085 2453 5086 2454 5086 2455 5086 2451 5087 2526 5087 2528 5087 2451 5088 2453 5088 2455 5088 2451 5089 2452 5089 2453 5089 2451 5090 2528 5090 2534 5090 2451 5091 2455 5091 2526 5091 2437 5092 2434 5092 2435 5092 2437 5093 2435 5093 2436 5093 2437 5094 2553 5094 2431 5094 2437 5095 2431 5095 2434 5095 2438 5096 2553 5096 2437 5096 2438 5097 2550 5097 2553 5097 2449 5098 2450 5098 2451 5098 2448 5099 2449 5099 2451 5099 2440 5100 2438 5100 2439 5100 2447 5101 2448 5101 2451 5101 2446 5102 2447 5102 2451 5102 2442 5103 2440 5103 2441 5103 2445 5104 2451 5104 2534 5104 2445 5105 2550 5105 2438 5105 2445 5106 2438 5106 2440 5106 2445 5107 2446 5107 2451 5107 2445 5108 2534 5108 2550 5108 2443 5109 2440 5109 2442 5109 2444 5110 2445 5110 2440 5110 2444 5111 2440 5111 2443 5111 2554 5112 2555 5112 2556 5112 2554 5113 2556 5113 2557 5113 2558 5114 2557 5114 2559 5114 2558 5115 2559 5115 2560 5115 2558 5116 2554 5116 2557 5116 2561 5117 2558 5117 2560 5117 2562 5118 2560 5118 2563 5118 2562 5119 2563 5119 2564 5119 2562 5120 2561 5120 2560 5120 2565 5121 2564 5121 2566 5121 2565 5122 2562 5122 2564 5122 2567 5123 2565 5123 2566 5123 2568 5124 2566 5124 2569 5124 2568 5125 2567 5125 2566 5125 2570 5126 2569 5126 2571 5126 2570 5127 2571 5127 2572 5127 2570 5128 2568 5128 2569 5128 2573 5129 2570 5129 2572 5129 2574 5130 2572 5130 2575 5130 2574 5131 2573 5131 2572 5131 2576 5132 2574 5132 2575 5132 2576 5133 2575 5133 2577 5133 2578 5134 2576 5134 2577 5134 2578 5135 2577 5135 2579 5135 2580 5136 2578 5136 2579 5136 2580 5137 2579 5137 2581 5137 2582 5138 2580 5138 2581 5138 2582 5139 2581 5139 2583 5139 2584 5140 2583 5140 2585 5140 2584 5141 2582 5141 2583 5141 2586 5142 2585 5142 2587 5142 2586 5143 2584 5143 2585 5143 2588 5144 2587 5144 2589 5144 2588 5145 2586 5145 2587 5145 2590 5146 2589 5146 2591 5146 2590 5147 2588 5147 2589 5147 2592 5148 2591 5148 2593 5148 2592 5149 2590 5149 2591 5149 2594 5150 2593 5150 2595 5150 2594 5151 2595 5151 2596 5151 2594 5152 2592 5152 2593 5152 2597 5153 2594 5153 2596 5153 2598 5154 2596 5154 2599 5154 2598 5155 2599 5155 2600 5155 2598 5156 2597 5156 2596 5156 2601 5157 2598 5157 2600 5157 2602 5158 2600 5158 2603 5158 2602 5159 2603 5159 2604 5159 2602 5160 2601 5160 2600 5160 2605 5161 2602 5161 2604 5161 2606 5162 2604 5162 2607 5162 2606 5163 2605 5163 2604 5163 2608 5164 2607 5164 2609 5164 2608 5165 2609 5165 2610 5165 2608 5166 2606 5166 2607 5166 2611 5167 2610 5167 2612 5167 2611 5168 2608 5168 2610 5168 2613 5169 2611 5169 2612 5169 2614 5170 2612 5170 2615 5170 2614 5171 2615 5171 2616 5171 2614 5172 2613 5172 2612 5172 2617 5173 2614 5173 2616 5173 2618 5174 2616 5174 2619 5174 2618 5175 2619 5175 2620 5175 2618 5176 2617 5176 2616 5176 2621 5177 2618 5177 2620 5177 2622 5178 2620 5178 2623 5178 2622 5179 2623 5179 2624 5179 2622 5180 2621 5180 2620 5180 2625 5181 2622 5181 2624 5181 2626 5182 2625 5182 2624 5182 2626 5183 2624 5183 2627 5183 2628 5184 2627 5184 2629 5184 2628 5185 2626 5185 2627 5185 2630 5186 2628 5186 2629 5186 2630 5187 2629 5187 2631 5187 2632 5188 2630 5188 2631 5188 2632 5189 2631 5189 2633 5189 2634 5190 2632 5190 2633 5190 2634 5191 2633 5191 2635 5191 2634 5192 2635 5192 2636 5192 2637 5193 2634 5193 2636 5193 2638 5194 2637 5194 2636 5194 2638 5195 2636 5195 2639 5195 2640 5196 2638 5196 2639 5196 2640 5197 2639 5197 2641 5197 2642 5198 2640 5198 2641 5198 2642 5199 2641 5199 2643 5199 2644 5200 2642 5200 2643 5200 2644 5201 2643 5201 2645 5201 2646 5202 2644 5202 2645 5202 2646 5203 2645 5203 2647 5203 2648 5204 2646 5204 2647 5204 2648 5205 2647 5205 2649 5205 2650 5206 2648 5206 2649 5206 2650 5207 2649 5207 2651 5207 2652 5208 2650 5208 2651 5208 2652 5209 2651 5209 2653 5209 2654 5210 2653 5210 2655 5210 2654 5211 2652 5211 2653 5211 2656 5212 2655 5212 2657 5212 2656 5213 2654 5213 2655 5213 2658 5214 2657 5214 2659 5214 2658 5215 2656 5215 2657 5215 2660 5216 2659 5216 2661 5216 2660 5217 2658 5217 2659 5217 2662 5218 2661 5218 2663 5218 2662 5219 2660 5219 2661 5219 2664 5220 2663 5220 2665 5220 2664 5221 2662 5221 2663 5221 2666 5222 2665 5222 2667 5222 2666 5223 2664 5223 2665 5223 2668 5224 2667 5224 2669 5224 2668 5225 2666 5225 2667 5225 2670 5226 2669 5226 2671 5226 2670 5227 2668 5227 2669 5227 2672 5228 2671 5228 2673 5228 2672 5229 2670 5229 2671 5229 2674 5230 2673 5230 2675 5230 2674 5231 2672 5231 2673 5231 2676 5232 2675 5232 2677 5232 2676 5233 2674 5233 2675 5233 2678 5234 2676 5234 2677 5234 2678 5235 2677 5235 2679 5235 2680 5236 2678 5236 2679 5236 2680 5237 2679 5237 2681 5237 2682 5238 2680 5238 2681 5238 2682 5239 2681 5239 2683 5239 2684 5240 2682 5240 2683 5240 2684 5241 2683 5241 2685 5241 2686 5242 2684 5242 2685 5242 2686 5243 2685 5243 2687 5243 2688 5244 2686 5244 2687 5244 2688 5245 2687 5245 2689 5245 2690 5246 2688 5246 2689 5246 2690 5247 2689 5247 2691 5247 2692 5248 2690 5248 2691 5248 2692 5249 2691 5249 2693 5249 2694 5250 2692 5250 2693 5250 2694 5251 2693 5251 2695 5251 2696 5252 2694 5252 2695 5252 2696 5253 2695 5253 2697 5253 2698 5254 2696 5254 2697 5254 2698 5255 2697 5255 2699 5255 2700 5256 2698 5256 2699 5256 2700 5257 2699 5257 2701 5257 2702 5258 2700 5258 2701 5258 2702 5259 2701 5259 2703 5259 2704 5260 2702 5260 2703 5260 2704 5261 2703 5261 2705 5261 2706 5262 2704 5262 2705 5262 2706 5263 2705 5263 2707 5263 2708 5264 2706 5264 2707 5264 2708 5265 2707 5265 2709 5265 2710 5266 2708 5266 2709 5266 2710 5267 2709 5267 2711 5267 2712 5268 2710 5268 2711 5268 2712 5269 2711 5269 2713 5269 2714 5270 2712 5270 2713 5270 2714 5271 2713 5271 2715 5271 2716 5272 2714 5272 2715 5272 2716 5273 2715 5273 2717 5273 2718 5274 2716 5274 2717 5274 2718 5275 2717 5275 2719 5275 2720 5276 2719 5276 2721 5276 2720 5277 2718 5277 2719 5277 2722 5278 2721 5278 2723 5278 2722 5279 2720 5279 2721 5279 2724 5280 2723 5280 2725 5280 2724 5281 2722 5281 2723 5281 2726 5282 2725 5282 2727 5282 2726 5283 2724 5283 2725 5283 2728 5284 2727 5284 2729 5284 2728 5285 2726 5285 2727 5285 2730 5286 2728 5286 2729 5286 2730 5287 2729 5287 2731 5287 2732 5288 2730 5288 2731 5288 2732 5289 2731 5289 2733 5289 2734 5290 2732 5290 2733 5290 2734 5291 2733 5291 2735 5291 2736 5292 2734 5292 2735 5292 2736 5293 2735 5293 2737 5293 2738 5294 2736 5294 2737 5294 2738 5295 2737 5295 2739 5295 2740 5296 2738 5296 2739 5296 2740 5297 2739 5297 2741 5297 2740 5298 2741 5298 2742 5298 2743 5299 2740 5299 2742 5299 2744 5300 2743 5300 2742 5300 2744 5301 2742 5301 2745 5301 2746 5302 2744 5302 2745 5302 2746 5303 2745 5303 2747 5303 2748 5304 2746 5304 2747 5304 2748 5305 2747 5305 2749 5305 2750 5306 2748 5306 2749 5306 2750 5307 2749 5307 2751 5307 2752 5308 2753 5308 2754 5308 2752 5309 2750 5309 2751 5309 2752 5310 2751 5310 2753 5310 2755 5311 2752 5311 2754 5311 2756 5312 2754 5312 2757 5312 2756 5313 2755 5313 2754 5313 2758 5314 2757 5314 2759 5314 2758 5315 2756 5315 2757 5315 2760 5316 2759 5316 2761 5316 2760 5317 2761 5317 2762 5317 2760 5318 2758 5318 2759 5318 2763 5319 2760 5319 2762 5319 2764 5320 2762 5320 2765 5320 2764 5321 2763 5321 2762 5321 2766 5322 2765 5322 2767 5322 2766 5323 2764 5323 2765 5323 2768 5324 2767 5324 2769 5324 2768 5325 2769 5325 2770 5325 2768 5326 2766 5326 2767 5326 2771 5327 2768 5327 2770 5327 2772 5328 2770 5328 2773 5328 2772 5329 2773 5329 2774 5329 2772 5330 2771 5330 2770 5330 2775 5331 2772 5331 2774 5331 2776 5332 2774 5332 2777 5332 2776 5333 2775 5333 2774 5333 2778 5334 2776 5334 2777 5334 2778 5335 2777 5335 2779 5335 2780 5336 2778 5336 2779 5336 2780 5337 2779 5337 2781 5337 2782 5338 2780 5338 2781 5338 2782 5339 2781 5339 2783 5339 2784 5340 2782 5340 2783 5340 2784 5341 2783 5341 2785 5341 2786 5342 2785 5342 2787 5342 2786 5343 2784 5343 2785 5343 2788 5344 2787 5344 2789 5344 2788 5345 2786 5345 2787 5345 2790 5346 2789 5346 2791 5346 2790 5347 2788 5347 2789 5347 2792 5348 2791 5348 2793 5348 2792 5349 2790 5349 2791 5349 2794 5350 2793 5350 2795 5350 2794 5351 2792 5351 2793 5351 2796 5352 2795 5352 2797 5352 2796 5353 2794 5353 2795 5353 2798 5354 2797 5354 2799 5354 2798 5355 2796 5355 2797 5355 2800 5356 2799 5356 2801 5356 2800 5357 2798 5357 2799 5357 2802 5358 2801 5358 2803 5358 2802 5359 2800 5359 2801 5359 2804 5360 2803 5360 2805 5360 2804 5361 2802 5361 2803 5361 2555 5362 2805 5362 2556 5362 2555 5363 2804 5363 2805 5363 2708 5364 2710 5364 2712 5364 2704 5365 2708 5365 2712 5365 2704 5366 2706 5366 2708 5366 2720 5367 2712 5367 2714 5367 2720 5368 2714 5368 2716 5368 2720 5369 2716 5369 2718 5369 2724 5370 2720 5370 2722 5370 2698 5371 2700 5371 2702 5371 2696 5372 2712 5372 2720 5372 2696 5373 2704 5373 2712 5373 2696 5374 2720 5374 2724 5374 2696 5375 2698 5375 2702 5375 2696 5376 2702 5376 2704 5376 2728 5377 2724 5377 2726 5377 2730 5378 2724 5378 2728 5378 2692 5379 2694 5379 2696 5379 2690 5380 2692 5380 2696 5380 2734 5381 2724 5381 2730 5381 2734 5382 2730 5382 2732 5382 2686 5383 2688 5383 2690 5383 2686 5384 2690 5384 2696 5384 2740 5385 2736 5385 2738 5385 2743 5386 2736 5386 2740 5386 2743 5387 2734 5387 2736 5387 2680 5388 2696 5388 2724 5388 2680 5389 2682 5389 2684 5389 2680 5390 2684 5390 2686 5390 2680 5391 2724 5391 2734 5391 2680 5392 2686 5392 2696 5392 2748 5393 2744 5393 2746 5393 2674 5394 2676 5394 2678 5394 2674 5395 2678 5395 2680 5395 2674 5396 2734 5396 2743 5396 2674 5397 2680 5397 2734 5397 2752 5398 2748 5398 2750 5398 2755 5399 2744 5399 2748 5399 2755 5400 2743 5400 2744 5400 2755 5401 2748 5401 2752 5401 2668 5402 2670 5402 2672 5402 2664 5403 2666 5403 2668 5403 2662 5404 2664 5404 2668 5404 2662 5405 2668 5405 2672 5405 2662 5406 2672 5406 2674 5406 2662 5407 2674 5407 2743 5407 2763 5408 2755 5408 2756 5408 2763 5409 2756 5409 2758 5409 2763 5410 2758 5410 2760 5410 2658 5411 2660 5411 2662 5411 2768 5412 2763 5412 2764 5412 2768 5413 2764 5413 2766 5413 2768 5414 2755 5414 2763 5414 2771 5415 2755 5415 2768 5415 2652 5416 2654 5416 2656 5416 2652 5417 2656 5417 2658 5417 2772 5418 2743 5418 2755 5418 2772 5419 2755 5419 2771 5419 2648 5420 2658 5420 2662 5420 2648 5421 2652 5421 2658 5421 2648 5422 2650 5422 2652 5422 2778 5423 2772 5423 2775 5423 2778 5424 2775 5424 2776 5424 2778 5425 2743 5425 2772 5425 2644 5426 2648 5426 2662 5426 2644 5427 2646 5427 2648 5427 2640 5428 2642 5428 2644 5428 2640 5429 2644 5429 2662 5429 2784 5430 2778 5430 2780 5430 2784 5431 2780 5431 2782 5431 2784 5432 2743 5432 2778 5432 2786 5433 2743 5433 2784 5433 2632 5434 2634 5434 2637 5434 2632 5435 2637 5435 2638 5435 2794 5436 2790 5436 2792 5436 2628 5437 2630 5437 2632 5437 2628 5438 2638 5438 2640 5438 2628 5439 2640 5439 2662 5439 2628 5440 2632 5440 2638 5440 2798 5441 2794 5441 2796 5441 2622 5442 2625 5442 2626 5442 2802 5443 2798 5443 2800 5443 2802 5444 2790 5444 2794 5444 2802 5445 2794 5445 2798 5445 2621 5446 2626 5446 2628 5446 2621 5447 2622 5447 2626 5447 2554 5448 2802 5448 2804 5448 2554 5449 2804 5449 2555 5449 2614 5450 2617 5450 2618 5450 2613 5451 2614 5451 2618 5451 2561 5452 2790 5452 2802 5452 2561 5453 2554 5453 2558 5453 2561 5454 2621 5454 2628 5454 2561 5455 2786 5455 2788 5455 2561 5456 2788 5456 2790 5456 2561 5457 2802 5457 2554 5457 2561 5458 2662 5458 2743 5458 2561 5459 2618 5459 2621 5459 2561 5460 2743 5460 2786 5460 2561 5461 2628 5461 2662 5461 2606 5462 2608 5462 2611 5462 2606 5463 2611 5463 2613 5463 2567 5464 2561 5464 2562 5464 2567 5465 2562 5465 2565 5465 2605 5466 2618 5466 2561 5466 2605 5467 2606 5467 2613 5467 2605 5468 2613 5468 2618 5468 2570 5469 2567 5469 2568 5469 2601 5470 2602 5470 2605 5470 2573 5471 2567 5471 2570 5471 2574 5472 2561 5472 2567 5472 2574 5473 2567 5473 2573 5473 2576 5474 2561 5474 2574 5474 2594 5475 2597 5475 2598 5475 2594 5476 2598 5476 2601 5476 2594 5477 2601 5477 2605 5477 2578 5478 2561 5478 2576 5478 2592 5479 2605 5479 2561 5479 2592 5480 2594 5480 2605 5480 2584 5481 2578 5481 2580 5481 2584 5482 2580 5482 2582 5482 2586 5483 2588 5483 2590 5483 2586 5484 2590 5484 2592 5484 2586 5485 2561 5485 2578 5485 2586 5486 2592 5486 2561 5486 2586 5487 2578 5487 2584 5487 2711 5488 2806 5488 2713 5488 2709 5489 2807 5489 2711 5489 2711 5490 2807 5490 2806 5490 2713 5491 2808 5491 2715 5491 2806 5492 2808 5492 2713 5492 2709 5493 2809 5493 2807 5493 2707 5494 2809 5494 2709 5494 2808 5495 2810 5495 2715 5495 2715 5496 2810 5496 2717 5496 2707 5497 2811 5497 2809 5497 2705 5498 2811 5498 2707 5498 2717 5499 2812 5499 2719 5499 2810 5500 2812 5500 2717 5500 2705 5501 2813 5501 2811 5501 2703 5502 2813 5502 2705 5502 2812 5503 2814 5503 2719 5503 2719 5504 2814 5504 2721 5504 2703 5505 2815 5505 2813 5505 2701 5506 2815 5506 2703 5506 2814 5507 2816 5507 2721 5507 2721 5508 2816 5508 2723 5508 2701 5509 2817 5509 2815 5509 2699 5510 2817 5510 2701 5510 2816 5511 2818 5511 2723 5511 2723 5512 2818 5512 2725 5512 2699 5513 2819 5513 2817 5513 2697 5514 2819 5514 2699 5514 2818 5515 2820 5515 2725 5515 2725 5516 2820 5516 2727 5516 2697 5517 2821 5517 2819 5517 2695 5518 2821 5518 2697 5518 2820 5519 2822 5519 2727 5519 2727 5520 2822 5520 2729 5520 2695 5521 2823 5521 2821 5521 2693 5522 2823 5522 2695 5522 2822 5523 2824 5523 2729 5523 2729 5524 2824 5524 2731 5524 2693 5525 2825 5525 2823 5525 2691 5526 2825 5526 2693 5526 2824 5527 2826 5527 2731 5527 2731 5528 2826 5528 2733 5528 2689 5529 2827 5529 2691 5529 2691 5530 2827 5530 2825 5530 2826 5531 2828 5531 2733 5531 2733 5532 2828 5532 2735 5532 2689 5533 2829 5533 2827 5533 2687 5534 2829 5534 2689 5534 2828 5535 2830 5535 2735 5535 2735 5536 2830 5536 2737 5536 2687 5537 2831 5537 2829 5537 2685 5538 2831 5538 2687 5538 2830 5539 2832 5539 2737 5539 2737 5540 2832 5540 2739 5540 2685 5541 2833 5541 2831 5541 2683 5542 2833 5542 2685 5542 2832 5543 2834 5543 2739 5543 2739 5544 2834 5544 2741 5544 2681 5545 2835 5545 2683 5545 2683 5546 2835 5546 2833 5546 2834 5547 2836 5547 2741 5547 2741 5548 2836 5548 2742 5548 2679 5549 2837 5549 2681 5549 2681 5550 2837 5550 2835 5550 2836 5551 2838 5551 2742 5551 2742 5552 2838 5552 2745 5552 2677 5553 2839 5553 2679 5553 2679 5554 2839 5554 2837 5554 2745 5555 2840 5555 2747 5555 2838 5556 2840 5556 2745 5556 2675 5557 2841 5557 2677 5557 2677 5558 2841 5558 2839 5558 2840 5559 2842 5559 2747 5559 2747 5560 2842 5560 2749 5560 2675 5561 2843 5561 2841 5561 2673 5562 2843 5562 2675 5562 2749 5563 2844 5563 2751 5563 2842 5564 2844 5564 2749 5564 2673 5565 2845 5565 2843 5565 2844 5566 2846 5566 2751 5566 2751 5567 2846 5567 2753 5567 2669 5568 2847 5568 2671 5568 2671 5569 2847 5569 2673 5569 2673 5570 2847 5570 2845 5570 2846 5571 2848 5571 2753 5571 2753 5572 2848 5572 2754 5572 2669 5573 2849 5573 2847 5573 2667 5574 2849 5574 2669 5574 2754 5575 2850 5575 2757 5575 2848 5576 2850 5576 2754 5576 2667 5577 2851 5577 2849 5577 2665 5578 2851 5578 2667 5578 2757 5579 2852 5579 2759 5579 2850 5580 2852 5580 2757 5580 2665 5581 2853 5581 2851 5581 2663 5582 2853 5582 2665 5582 2759 5583 2854 5583 2761 5583 2852 5584 2854 5584 2759 5584 2663 5585 2855 5585 2853 5585 2761 5586 2856 5586 2762 5586 2854 5587 2856 5587 2761 5587 2659 5588 2857 5588 2661 5588 2661 5589 2857 5589 2663 5589 2663 5590 2857 5590 2855 5590 2762 5591 2858 5591 2765 5591 2856 5592 2858 5592 2762 5592 2659 5593 2859 5593 2857 5593 2765 5594 2860 5594 2767 5594 2858 5595 2860 5595 2765 5595 2655 5596 2861 5596 2657 5596 2657 5597 2861 5597 2659 5597 2659 5598 2861 5598 2859 5598 2767 5599 2862 5599 2769 5599 2860 5600 2862 5600 2767 5600 2653 5601 2863 5601 2655 5601 2655 5602 2863 5602 2861 5602 2769 5603 2864 5603 2770 5603 2862 5604 2864 5604 2769 5604 2653 5605 2865 5605 2863 5605 2770 5606 2866 5606 2773 5606 2864 5607 2866 5607 2770 5607 2653 5608 2651 5608 2865 5608 2651 5609 2867 5609 2865 5609 2773 5610 2868 5610 2774 5610 2866 5611 2868 5611 2773 5611 2651 5612 2649 5612 2867 5612 2867 5613 2649 5613 2869 5613 2868 5614 2870 5614 2774 5614 2870 5615 2777 5615 2774 5615 2870 5616 2871 5616 2777 5616 2869 5617 2647 5617 2872 5617 2649 5618 2647 5618 2869 5618 2871 5619 2779 5619 2777 5619 2872 5620 2645 5620 2873 5620 2647 5621 2645 5621 2872 5621 2871 5622 2781 5622 2779 5622 2874 5623 2781 5623 2871 5623 2873 5624 2643 5624 2875 5624 2645 5625 2643 5625 2873 5625 2874 5626 2783 5626 2781 5626 2876 5627 2783 5627 2877 5627 2877 5628 2783 5628 2874 5628 2875 5629 2641 5629 2878 5629 2643 5630 2641 5630 2875 5630 2876 5631 2785 5631 2783 5631 2879 5632 2785 5632 2876 5632 2878 5633 2639 5633 2880 5633 2641 5634 2639 5634 2878 5634 2881 5635 2787 5635 2879 5635 2879 5636 2787 5636 2785 5636 2880 5637 2636 5637 2882 5637 2639 5638 2636 5638 2880 5638 2881 5639 2789 5639 2787 5639 2883 5640 2789 5640 2881 5640 2882 5641 2635 5641 2884 5641 2884 5642 2635 5642 2885 5642 2636 5643 2635 5643 2882 5643 2883 5644 2791 5644 2789 5644 2635 5645 2633 5645 2885 5645 2886 5646 2793 5646 2887 5646 2887 5647 2793 5647 2883 5647 2883 5648 2793 5648 2791 5648 2885 5649 2631 5649 2888 5649 2888 5650 2631 5650 2889 5650 2633 5651 2631 5651 2885 5651 2890 5652 2795 5652 2886 5652 2886 5653 2795 5653 2793 5653 2631 5654 2629 5654 2889 5654 2890 5655 2797 5655 2795 5655 2629 5656 2627 5656 2889 5656 2889 5657 2627 5657 2891 5657 2892 5658 2799 5658 2890 5658 2890 5659 2799 5659 2797 5659 2891 5660 2624 5660 2893 5660 2893 5661 2624 5661 2894 5661 2627 5662 2624 5662 2891 5662 2895 5663 2801 5663 2892 5663 2892 5664 2801 5664 2799 5664 2894 5665 2623 5665 2896 5665 2624 5666 2623 5666 2894 5666 2897 5667 2803 5667 2898 5667 2898 5668 2803 5668 2895 5668 2895 5669 2803 5669 2801 5669 2623 5670 2620 5670 2896 5670 2899 5671 2805 5671 2897 5671 2897 5672 2805 5672 2803 5672 2896 5673 2619 5673 2900 5673 2900 5674 2619 5674 2901 5674 2620 5675 2619 5675 2896 5675 2899 5676 2556 5676 2805 5676 2619 5677 2616 5677 2901 5677 2902 5678 2557 5678 2899 5678 2899 5679 2557 5679 2556 5679 2901 5680 2615 5680 2903 5680 2616 5681 2615 5681 2901 5681 2904 5682 2559 5682 2902 5682 2902 5683 2559 5683 2557 5683 2903 5684 2612 5684 2905 5684 2615 5685 2612 5685 2903 5685 2906 5686 2560 5686 2904 5686 2904 5687 2560 5687 2559 5687 2905 5688 2610 5688 2907 5688 2907 5689 2610 5689 2908 5689 2612 5690 2610 5690 2905 5690 2906 5691 2563 5691 2560 5691 2909 5692 2563 5692 2910 5692 2910 5693 2563 5693 2906 5693 2610 5694 2609 5694 2908 5694 2909 5695 2564 5695 2563 5695 2911 5696 2564 5696 2909 5696 2609 5697 2607 5697 2908 5697 2908 5698 2607 5698 2912 5698 2911 5699 2566 5699 2564 5699 2912 5700 2604 5700 2913 5700 2607 5701 2604 5701 2912 5701 2914 5702 2569 5702 2915 5702 2915 5703 2569 5703 2911 5703 2911 5704 2569 5704 2566 5704 2913 5705 2603 5705 2916 5705 2604 5706 2603 5706 2913 5706 2914 5707 2571 5707 2569 5707 2917 5708 2571 5708 2914 5708 2603 5709 2600 5709 2916 5709 2916 5710 2600 5710 2918 5710 2917 5711 2572 5711 2571 5711 2919 5712 2572 5712 2917 5712 2918 5713 2599 5713 2920 5713 2600 5714 2599 5714 2918 5714 2919 5715 2575 5715 2572 5715 2921 5716 2575 5716 2919 5716 2920 5717 2596 5717 2922 5717 2599 5718 2596 5718 2920 5718 2921 5719 2577 5719 2575 5719 2923 5720 2577 5720 2921 5720 2922 5721 2595 5721 2924 5721 2596 5722 2595 5722 2922 5722 2923 5723 2579 5723 2577 5723 2925 5724 2579 5724 2923 5724 2595 5725 2593 5725 2924 5725 2924 5726 2593 5726 2926 5726 2926 5727 2593 5727 2927 5727 2928 5728 2581 5728 2925 5728 2925 5729 2581 5729 2579 5729 2593 5730 2591 5730 2927 5730 2929 5731 2583 5731 2928 5731 2928 5732 2583 5732 2581 5732 2927 5733 2589 5733 2930 5733 2591 5734 2589 5734 2927 5734 2929 5735 2585 5735 2583 5735 2931 5736 2585 5736 2929 5736 2931 5737 2587 5737 2585 5737 2930 5738 2587 5738 2931 5738 2589 5739 2587 5739 2930 5739 2899 5740 2897 5740 2932 5740 2932 5741 2897 5741 2933 5741 2933 5742 2897 5742 2934 5742 2897 5743 2898 5743 2934 5743 2934 5744 2895 5744 2935 5744 2898 5745 2895 5745 2934 5745 2935 5746 2892 5746 2936 5746 2895 5747 2892 5747 2935 5747 2936 5748 2890 5748 2937 5748 2892 5749 2890 5749 2936 5749 2937 5750 2886 5750 2938 5750 2938 5751 2886 5751 2939 5751 2890 5752 2886 5752 2937 5752 2886 5753 2887 5753 2939 5753 2939 5754 2883 5754 2940 5754 2887 5755 2883 5755 2939 5755 2940 5756 2881 5756 2941 5756 2941 5757 2881 5757 2942 5757 2883 5758 2881 5758 2940 5758 2942 5759 2879 5759 2943 5759 2881 5760 2879 5760 2942 5760 2879 5761 2876 5761 2943 5761 2876 5762 2877 5762 2943 5762 2943 5763 2877 5763 2944 5763 2877 5764 2874 5764 2944 5764 2944 5765 2874 5765 2945 5765 2945 5766 2874 5766 2946 5766 2874 5767 2871 5767 2946 5767 2946 5768 2870 5768 2947 5768 2871 5769 2870 5769 2946 5769 2947 5770 2868 5770 2948 5770 2948 5771 2868 5771 2949 5771 2870 5772 2868 5772 2947 5772 2868 5773 2866 5773 2949 5773 2949 5774 2864 5774 2950 5774 2866 5775 2864 5775 2949 5775 2950 5776 2862 5776 2951 5776 2864 5777 2862 5777 2950 5777 2951 5778 2860 5778 2952 5778 2862 5779 2860 5779 2951 5779 2952 5780 2858 5780 2953 5780 2860 5781 2858 5781 2952 5781 2953 5782 2856 5782 2954 5782 2858 5783 2856 5783 2953 5783 2954 5784 2854 5784 2955 5784 2856 5785 2854 5785 2954 5785 2955 5786 2852 5786 2956 5786 2956 5787 2852 5787 2957 5787 2854 5788 2852 5788 2955 5788 2852 5789 2850 5789 2957 5789 2957 5790 2848 5790 2958 5790 2850 5791 2848 5791 2957 5791 2958 5792 2846 5792 2959 5792 2848 5793 2846 5793 2958 5793 2959 5794 2844 5794 2960 5794 2846 5795 2844 5795 2959 5795 2960 5796 2842 5796 2961 5796 2844 5797 2842 5797 2960 5797 2961 5798 2840 5798 2962 5798 2842 5799 2840 5799 2961 5799 2962 5800 2838 5800 2963 5800 2840 5801 2838 5801 2962 5801 2963 5802 2836 5802 2964 5802 2838 5803 2836 5803 2963 5803 2964 5804 2834 5804 2965 5804 2836 5805 2834 5805 2964 5805 2965 5806 2832 5806 2966 5806 2834 5807 2832 5807 2965 5807 2966 5808 2830 5808 2967 5808 2832 5809 2830 5809 2966 5809 2967 5810 2828 5810 2968 5810 2830 5811 2828 5811 2967 5811 2968 5812 2826 5812 2969 5812 2969 5813 2826 5813 2970 5813 2828 5814 2826 5814 2968 5814 2826 5815 2824 5815 2970 5815 2824 5816 2822 5816 2970 5816 2970 5817 2822 5817 2971 5817 2822 5818 2820 5818 2971 5818 2971 5819 2820 5819 2972 5819 2972 5820 2820 5820 2973 5820 2820 5821 2818 5821 2973 5821 2818 5822 2816 5822 2973 5822 2973 5823 2816 5823 2974 5823 2816 5824 2814 5824 2974 5824 2974 5825 2814 5825 2975 5825 2975 5826 2814 5826 2976 5826 2814 5827 2812 5827 2976 5827 2812 5828 2810 5828 2976 5828 2976 5829 2810 5829 2977 5829 2810 5830 2808 5830 2977 5830 2977 5831 2808 5831 2978 5831 2808 5832 2806 5832 2978 5832 2978 5833 2806 5833 2979 5833 2979 5834 2807 5834 2980 5834 2806 5835 2807 5835 2979 5835 2980 5836 2807 5836 2981 5836 2807 5837 2809 5837 2981 5837 2809 5838 2811 5838 2981 5838 2981 5839 2811 5839 2982 5839 2982 5840 2813 5840 2983 5840 2983 5841 2813 5841 2984 5841 2811 5842 2813 5842 2982 5842 2984 5843 2815 5843 2985 5843 2813 5844 2815 5844 2984 5844 2985 5845 2817 5845 2986 5845 2815 5846 2817 5846 2985 5846 2817 5847 2819 5847 2986 5847 2986 5848 2821 5848 2987 5848 2987 5849 2821 5849 2988 5849 2819 5850 2821 5850 2986 5850 2821 5851 2823 5851 2988 5851 2988 5852 2825 5852 2989 5852 2823 5853 2825 5853 2988 5853 2989 5854 2827 5854 2990 5854 2825 5855 2827 5855 2989 5855 2990 5856 2829 5856 2991 5856 2991 5857 2829 5857 2992 5857 2827 5858 2829 5858 2990 5858 2992 5859 2831 5859 2993 5859 2829 5860 2831 5860 2992 5860 2993 5861 2833 5861 2994 5861 2831 5862 2833 5862 2993 5862 2833 5863 2835 5863 2994 5863 2835 5864 2837 5864 2994 5864 2994 5865 2837 5865 2995 5865 2837 5866 2839 5866 2995 5866 2995 5867 2839 5867 2996 5867 2839 5868 2841 5868 2996 5868 2996 5869 2841 5869 2997 5869 2841 5870 2843 5870 2997 5870 2997 5871 2843 5871 2998 5871 2998 5872 2843 5872 2999 5872 2843 5873 2845 5873 2999 5873 2999 5874 2845 5874 3000 5874 2845 5875 2847 5875 3000 5875 2847 5876 2849 5876 3000 5876 3000 5877 2849 5877 3001 5877 2849 5878 2851 5878 3001 5878 3001 5879 2851 5879 3002 5879 3002 5880 2851 5880 3003 5880 2851 5881 2853 5881 3003 5881 2853 5882 2855 5882 3003 5882 3003 5883 2855 5883 3004 5883 2855 5884 2857 5884 3004 5884 3004 5885 2857 5885 3005 5885 3005 5886 2857 5886 3006 5886 2857 5887 2859 5887 3006 5887 3006 5888 2859 5888 3007 5888 2859 5889 2861 5889 3007 5889 2861 5890 2863 5890 3007 5890 3007 5891 2863 5891 3008 5891 3008 5892 2863 5892 3009 5892 2863 5893 2865 5893 3009 5893 2865 5894 2867 5894 3009 5894 3009 5895 2867 5895 3010 5895 2867 5896 2869 5896 3010 5896 3010 5897 2869 5897 3011 5897 3011 5898 2869 5898 3012 5898 2869 5899 2872 5899 3012 5899 2872 5900 2873 5900 3012 5900 3012 5901 2873 5901 3013 5901 3013 5902 2873 5902 3014 5902 2873 5903 2875 5903 3014 5903 3014 5904 2878 5904 3015 5904 2875 5905 2878 5905 3014 5905 3015 5906 2880 5906 3016 5906 2878 5907 2880 5907 3015 5907 3016 5908 2882 5908 3017 5908 2880 5909 2882 5909 3016 5909 3017 5910 2884 5910 3018 5910 3018 5911 2884 5911 3019 5911 2882 5912 2884 5912 3017 5912 2884 5913 2885 5913 3019 5913 2885 5914 2888 5914 3019 5914 3019 5915 2888 5915 3020 5915 2888 5916 2889 5916 3020 5916 3020 5917 2889 5917 3021 5917 2889 5918 2891 5918 3021 5918 3021 5919 2891 5919 3022 5919 2891 5920 2893 5920 3022 5920 3022 5921 2893 5921 3023 5921 2893 5922 2894 5922 3023 5922 3023 5923 2894 5923 3024 5923 3024 5924 2894 5924 3025 5924 2894 5925 2896 5925 3025 5925 2896 5926 2900 5926 3025 5926 3025 5927 2900 5927 3026 5927 2900 5928 2901 5928 3026 5928 3026 5929 2901 5929 3027 5929 2901 5930 2903 5930 3027 5930 3027 5931 2903 5931 3028 5931 2903 5932 2905 5932 3028 5932 3028 5933 2905 5933 3029 5933 2905 5934 2907 5934 3029 5934 3029 5935 2907 5935 3030 5935 2907 5936 2908 5936 3030 5936 3030 5937 2908 5937 3031 5937 3031 5938 2912 5938 3032 5938 2908 5939 2912 5939 3031 5939 3032 5940 2913 5940 3033 5940 2912 5941 2913 5941 3032 5941 3033 5942 2916 5942 3034 5942 3034 5943 2916 5943 3035 5943 2913 5944 2916 5944 3033 5944 2916 5945 2918 5945 3035 5945 3035 5946 2920 5946 3036 5946 2918 5947 2920 5947 3035 5947 3036 5948 2922 5948 3037 5948 2920 5949 2922 5949 3036 5949 3037 5950 2924 5950 3038 5950 3038 5951 2924 5951 3039 5951 2922 5952 2924 5952 3037 5952 2924 5953 2926 5953 3039 5953 3039 5954 2927 5954 3040 5954 2926 5955 2927 5955 3039 5955 3040 5956 2930 5956 3041 5956 2927 5957 2930 5957 3040 5957 3041 5958 2931 5958 3042 5958 3042 5959 2931 5959 3043 5959 2930 5960 2931 5960 3041 5960 2931 5961 2929 5961 3043 5961 2929 5962 2928 5962 3043 5962 3043 5963 2928 5963 3044 5963 2928 5964 2925 5964 3044 5964 3044 5965 2925 5965 3045 5965 3045 5966 2925 5966 3046 5966 2925 5967 2923 5967 3046 5967 2923 5968 2921 5968 3046 5968 3046 5969 2921 5969 3047 5969 3047 5970 2921 5970 3048 5970 2921 5971 2919 5971 3048 5971 3048 5972 2917 5972 3049 5972 3049 5973 2917 5973 3050 5973 2919 5974 2917 5974 3048 5974 3050 5975 2914 5975 3051 5975 2917 5976 2914 5976 3050 5976 2914 5977 2915 5977 3051 5977 3051 5978 2911 5978 3052 5978 3052 5979 2911 5979 3053 5979 2915 5980 2911 5980 3051 5980 2911 5981 2909 5981 3053 5981 3053 5982 2910 5982 3054 5982 3054 5983 2910 5983 3055 5983 2909 5984 2910 5984 3053 5984 2910 5985 2906 5985 3055 5985 3055 5986 2904 5986 3056 5986 3056 5987 2904 5987 3057 5987 2906 5988 2904 5988 3055 5988 2904 5989 2902 5989 3057 5989 3057 5990 2899 5990 2932 5990 2902 5991 2899 5991 3057 5991 2979 5992 2981 5992 2978 5992 2980 5993 2981 5993 2979 5993 2981 5994 2976 5994 2978 5994 2978 5995 2976 5995 2977 5995 2982 5996 2983 5996 2981 5996 2975 5997 2973 5997 2974 5997 2976 5998 2973 5998 2975 5998 2981 5999 2986 5999 2976 5999 2983 6000 2986 6000 2981 6000 2984 6001 2986 6001 2983 6001 2985 6002 2986 6002 2984 6002 2972 6003 2970 6003 2971 6003 2973 6004 2970 6004 2972 6004 2987 6005 2989 6005 2986 6005 2988 6006 2989 6006 2987 6006 2976 6007 2969 6007 2973 6007 2973 6008 2969 6008 2970 6008 2991 6009 2992 6009 2990 6009 2993 6010 2994 6010 2992 6010 2966 6011 2964 6011 2965 6011 2967 6012 2964 6012 2966 6012 2968 6013 2964 6013 2967 6013 2990 6014 2996 6014 2989 6014 2995 6015 2996 6015 2994 6015 2992 6016 2996 6016 2990 6016 2994 6017 2996 6017 2992 6017 2997 6018 2998 6018 2996 6018 2989 6019 2998 6019 2986 6019 2996 6020 2998 6020 2989 6020 2961 6021 2959 6021 2960 6021 2962 6022 2959 6022 2961 6022 2963 6023 2959 6023 2962 6023 2964 6024 2959 6024 2963 6024 2969 6025 2959 6025 2968 6025 2968 6026 2959 6026 2964 6026 2999 6027 3000 6027 2998 6027 2969 6028 2957 6028 2959 6028 2959 6029 2957 6029 2958 6029 3001 6030 3002 6030 3000 6030 3002 6031 3004 6031 3000 6031 3003 6032 3004 6032 3002 6032 2954 6033 2952 6033 2953 6033 2955 6034 2952 6034 2954 6034 2956 6035 2952 6035 2955 6035 2957 6036 2952 6036 2956 6036 3005 6037 3008 6037 3004 6037 3006 6038 3008 6038 3005 6038 3007 6039 3008 6039 3006 6039 2957 6040 2950 6040 2952 6040 2952 6041 2950 6041 2951 6041 3008 6042 3009 6042 3004 6042 2950 6043 2948 6043 2949 6043 3010 6044 3011 6044 3009 6044 2950 6045 2947 6045 2948 6045 3000 6046 3013 6046 2998 6046 3004 6047 3013 6047 3000 6047 3011 6048 3013 6048 3009 6048 3009 6049 3013 6049 3004 6049 2986 6050 3013 6050 2976 6050 3012 6051 3013 6051 3011 6051 2998 6052 3013 6052 2986 6052 2947 6053 2945 6053 2946 6053 2950 6054 2944 6054 2947 6054 2947 6055 2944 6055 2945 6055 3014 6056 3015 6056 3013 6056 3015 6057 3016 6057 3013 6057 2944 6058 2942 6058 2943 6058 3017 6059 3018 6059 3016 6059 2942 6060 2940 6060 2941 6060 2944 6061 2940 6061 2942 6061 2969 6062 2939 6062 2957 6062 2957 6063 2939 6063 2950 6063 2950 6064 2939 6064 2944 6064 2944 6065 2939 6065 2940 6065 3016 6066 3020 6066 3013 6066 3018 6067 3020 6067 3016 6067 3019 6068 3020 6068 3018 6068 2939 6069 2937 6069 2938 6069 3021 6070 3022 6070 3020 6070 2969 6071 2936 6071 2939 6071 2939 6072 2936 6072 2937 6072 3022 6073 3023 6073 3020 6073 3023 6074 3024 6074 3020 6074 3020 6075 3024 6075 3013 6075 2935 6076 2933 6076 2934 6076 2936 6077 2933 6077 2935 6077 3024 6078 3026 6078 3013 6078 3013 6079 3026 6079 2976 6079 3025 6080 3026 6080 3024 6080 3057 6081 3055 6081 3056 6081 2932 6082 3055 6082 3057 6082 3028 6083 3030 6083 3027 6083 3029 6084 3030 6084 3028 6084 2932 6085 3054 6085 3055 6085 3026 6086 3031 6086 2976 6086 3030 6087 3031 6087 3027 6087 2976 6088 3031 6088 2969 6088 3027 6089 3031 6089 3026 6089 2933 6090 3053 6090 2932 6090 2936 6091 3053 6091 2933 6091 2932 6092 3053 6092 3054 6092 2969 6093 3053 6093 2936 6093 3031 6094 3032 6094 2969 6094 2969 6095 3032 6095 3053 6095 3032 6096 3033 6096 3053 6096 3052 6097 3050 6097 3051 6097 3053 6098 3050 6098 3052 6098 3034 6099 3049 6099 3033 6099 3033 6100 3049 6100 3053 6100 3053 6101 3049 6101 3050 6101 3035 6102 3036 6102 3034 6102 3037 6103 3038 6103 3036 6103 3048 6104 3046 6104 3047 6104 3049 6105 3046 6105 3048 6105 3036 6106 3039 6106 3034 6106 3038 6107 3039 6107 3036 6107 3040 6108 3041 6108 3039 6108 3045 6109 3043 6109 3044 6109 3046 6110 3043 6110 3045 6110 3034 6111 3043 6111 3049 6111 3049 6112 3043 6112 3046 6112 3039 6113 3043 6113 3034 6113 3039 6114 3042 6114 3043 6114 3041 6115 3042 6115 3039 6115</p>
        </triangles>
      </mesh>
    </geometry>
  </library_geometries>
  <library_materials>
    <material id="mat_Assembly_solid" name="Assembly_solid">
      <instance_effect url="#effect_Assembly_solid"/>
    </material>
  </library_materials>
  <library_visual_scenes>
    <visual_scene id="myscene">
      <node id="node0" name="node0">
        <instance_geometry url="#geometry0">
          <bind_material>
            <technique_common>
              <instance_material symbol="ref_Assembly_solid" target="#mat_Assembly_solid"/>
            </technique_common>
          </bind_material>
        </instance_geometry>
      </node>
    </visual_scene>
  </library_visual_scenes>
  <scene>
    <instance_visual_scene url="#myscene"/>
  </scene>
</COLLADA>
