<COLLADA xmlns="http://www.collada.org/2005/11/COLLADASchema" version="1.4.1">
  <asset>
    <contributor/>
    <created>2025-07-17T15:39:40.457873</created>
    <modified>2025-07-17T15:39:40.457879</modified>
    <unit name="meter" meter="1.0"/>
    <up_axis>Z_UP</up_axis>
  </asset>
  <library_effects>
    <effect id="effect_Mesh" name="effect_Mesh">
      <profile_COMMON>
        <technique sid="common">
          <phong>
            <emission>
              <color>0.0 0.0 0.0 1.0</color>
            </emission>
            <ambient>
              <color>0.0 0.0 0.0 1.0</color>
            </ambient>
            <diffuse>
              <color>0.0 0.0 0.0 1.0</color>
            </diffuse>
            <specular>
              <color>1 1 1 1.0</color>
            </specular>
            <shininess>
              <float>0.0</float>
            </shininess>
            <reflective>
              <color>0.0 0.0 0.0 1.0</color>
            </reflective>
            <reflectivity>
              <float>0.0</float>
            </reflectivity>
            <transparent>
              <color>0.0 0.0 0.0 1.0</color>
            </transparent>
            <transparency>
              <float>1.0</float>
            </transparency>
          </phong>
        </technique>
        <extra>
          <technique profile="GOOGLEEARTH">
            <double_sided>0</double_sided>
          </technique>
        </extra>
      </profile_COMMON>
    </effect>
  </library_effects>
  <library_geometries>
    <geometry id="geometry0" name="Mesh">
      <mesh>
        <source id="cubeverts-array0">
          <float_array count="4329" id="cubeverts-array0-array">-0.185 -0.02 0 -0.185 0.02 0.08 -0.185 0.02 0 -0.185 -0.02 0.08 0.185 -0.02 0 -0.02 -0.02 0.08 0.025454 -0.000506 0.257 0.022231 -7.6e-05 0.257 0.022239 -0.000516 0.257 0.022123 0.000276 0.257 -0.016898 -0.048092 0.268491 -0.017073 -0.048092 0.268953 -0.017354 -0.048092 0.269359 -0.017724 -0.048092 0.269687 -0.018161 -0.048092 0.269917 -0.018641 -0.048092 0.270035 -0.019135 -0.048092 0.270035 -0.019615 -0.048092 0.269917 -0.020053 -0.048092 0.269687 -0.020423 -0.048092 0.269359 -0.020703 -0.048092 0.268953 -0.020879 -0.048092 0.268491 0.019084 -0.000631 0.257 0.01909 -0.000112 0.257 0.016384 0.0008958777 0.257 -0.038795 0.016549 0.27401 -0.038906 0.016518 0.274181 -0.038873 0.016627 0.274252 -0.038795 0.016549 0.27389 -0.038835 0.016589 0.273719 -0.017073 -0.048092 0.267047 -0.016898 -0.048092 0.267509 -0.020703 -0.048092 0.267047 -0.017354 -0.048092 0.266641 -0.016838 -0.048092 0.268 -0.020423 -0.048092 0.266641 -0.017724 -0.048092 0.266313 -0.020053 -0.048092 0.266313 -0.019615 -0.048092 0.266083 -0.020938 -0.048092 0.268 -0.020879 -0.048092 0.267509 -0.018641 -0.048092 0.265965 -0.019135 -0.048092 0.265965 -0.018161 -0.048092 0.266083 -0.049551 0.026553 0.251 -0.049551 0.027188 0.257 -0.049551 0.027188 0.251 -0.040419 0.018172 0.27345 -0.040716 0.01847 0.273686 -0.040606 0.018359 0.273529 0.040873 0.017544 0.261748 0.041146 0.017816 0.26255 0.040795 0.017465 0.26199 -0.001363 -0.026 0.230559 -0.001789 -0.02 0.230875 -0.00192 -0.026 0.230993 -0.001212 -0.02 0.230468 0.040906 0.017435 0.261819 -0.000733 -0.026 0.230242 -0.000567 -0.02 0.230182 0.040795 0.017465 0.26211 0.040835 0.017505 0.262281 0.040944 0.017473 0.262352 -0.04049 0.018102 0.27345 -0.040738 0.01835 0.273599 0.038777 0.015306 0.2753 0.038848 0.015235 0.2753 0.038848 0.015235 0.27206 -0.041656 0.019268 0.27257 -0.039217 0.016829 0.27345 -0.038912 0.016524 0.27257 -0.038944 0.016556 0.273648 -0.037657 0.015269 0.273894 0.026295 0.002823 0.278 0.029585 0.006114 0.27404 0.029936 0.006464 0.274568 -0.039092 0.016704 0.273486 -5.3e-05 -0.026 0.230054 0.029585 0.006114 0.2708 -0.039146 0.0169 0.27445 -0.039146 0.0169 0.27345 -0.039022 0.016775 0.274414 0.038497 0.014885 0.271532 0.038427 0.014955 0.271532 0.038777 0.015306 0.27206 0.03807 0.014457 0.271133 0.030646 0.007175 0.27043 0.030646 0.007175 0.26343 0.030575 0.007245 0.27043 0.030575 0.007245 0.26343 -0.018788 -0.02 0.25 -0.018788 -0.02 0.227 -0.018788 -0.026 0.227 -0.038947 0.0167 0.273542 -0.032057 0.043596 0.257 -0.032582 0.043711 0.257 -0.032361 0.039977 0.257 -0.031896 0.040118 0.257 -0.031315 0.043134 0.257 0.037999 0.014528 0.271133 0.031547 0.008075 0.262514 0.031341 0.007868999 0.262227 0.037518 0.014047 0.270884 -0.03013 0.03897 0.257 -0.028163 0.039876 0.257 -0.028413 0.040223 0.257 -0.027968 0.039401 0.257 -0.027917 0.038745 0.257 -0.027995 0.038288 0.257 -0.030376 0.039461 0.257 -0.030081 0.038339 0.257 -0.028436 0.037531 0.257 -0.028143 0.037952 0.257 -0.01664 -0.000234 0.257 0.021263 -0.005139 0.257 0.021531 -0.004519 0.257 -0.018625 -0.026 0.226212 -0.018589 -0.02 0.226148 -0.030744 0.039841 0.257 -0.030975 0.039977 0.257 0.040457 0.016985 0.272235 0.040457 0.016985 0.273865 -0.018755 -0.02 0.226658 -0.031421 0.040109 0.257 -0.018264 -0.02 0.225661 -0.017958 -0.02 0.22538 -0.018016 -0.026 0.225425 -0.017686 -0.02 0.225216 -0.017583 -0.026 0.225176 -0.014988 0.020101 0.257 -0.015838 0.020586 0.257 -0.022323 0.005858 0.257 -0.005189 0.013943 0.257 -0.005034 0.013903 0.257 0 0.016384 0.257 -0.041586 0.019339 0.27257 -0.016788 -0.02 0.225 -0.017032 -0.026 0.225018 -0.017226 -0.02 0.225049 -0.016788 -0.026 0.225 -0.018788 -0.026 0.255 -0.039146 0.016758 0.2652 -0.042187 0.019799 0.2652 -0.042257 0.019728 0.2652 -0.004308 0.013432 0.257 -0.004016 0.012901 0.257 0.03708 0.013468 0.2708 0.03701 0.013538 0.2708 -0.004549 0.013653 0.257 -0.006061 0.013872 0.257 -0.014424 0.02 0.257 -0.006452 0.013657 0.257 -0.007022 0.012884 0.257 0.037589 0.013976 0.270884 -0.018467 -0.026 0.225922 -0.006703 0.011318 0.257 -0.006893 0.011585 0.257 -0.017359 0.000981 0.257 -0.044096 0.021708 0.27087 -0.044025 0.021778 0.27087 -0.044025 0.021778 0.27237 -0.006127 0.010901 0.257 -0.01709 0.000762 0.257 -0.044096 0.021708 0.27237 -0.041974 0.019587 0.27237 -0.005127 0.01083 0.257 -0.005645 0.010782 0.257 -0.016833 0.000409 0.257 -0.00391 0.012325 0.257 0.00641 0.011896 0.257 0.006335 0.012375 0.257 0.006406 0.012845 0.257 -0.004133 0.011565 0.257 -0.004362 0.011259 0.257 0.006561 0.01155 0.257 -0.007093 0.012176 0.257 -0.017726 0.001158 0.257 0.02 -0.02 0.08 0.019359 -0.02 0.225006 0.019212 -0.02 0.225 -0.041974 0.019587 0.27087 -0.043565 0.021177 0.27007 0.02 -0.02 0.2251852 -0.021755 0.004261 0.257 -0.018154 0.001242 0.257 -0.008042999 0.021009 0.264592 -0.008113 0.020939 0.264592 -0.007567 0.020534 0.265872 0.00534 -0.02 0.243317 0.004903 -0.02 0.244325 -0.003038 -0.02 0.2336 0.004468 -0.02 0.244881 0.003934 -0.02 0.245342 0.00332 -0.02 0.24569 0.002991 -0.02 0.245817 0.005462 -0.02 0.2424 -0.041904 0.019657 0.27087 0.005462 -0.02 0.2336 0.005354 -0.02 0.232725 -0.033448 0.043583 0.257 0.004804 -0.02 0.231527 0.005152 -0.02 0.232141 -0.041586 0.019339 0.27007 -0.041656 0.019268 0.27007 0.002477 -0.02 0.230054 0.003157 -0.02 0.230242 0.003787 -0.02 0.230559 0.001994 -0.02 0.230005 0.004344 -0.02 0.230993 0.000474 -0.02 0.230002 -0.002275 -0.02 0.231386 0.000121 -0.02 0.230028 -0.007638 0.020463 0.265872 -5.3e-05 -0.02 0.245942 -0.001129 -0.02 0.245563 -0.002377 -0.02 0.24447 -0.007393 0.020219 0.267277 -0.007323 0.020289 0.267277 -0.002916 -0.02 0.243317 -0.003038 -0.02 0.2424 -0.041904 0.019657 0.27237 -0.007393 0.020219 0.268723 -0.007323 0.020289 0.268723 -0.007638 0.020463 0.270128 -0.007567 0.020534 0.270128 -0.002653 -0.02 0.231982 -0.002907 -0.02 0.23264 -0.008113 0.020939 0.271408 -0.02 -0.02 0.25 -0.029273 0.036677 0.257 -0.030272 0.037766 0.257 -0.030518 0.03743 0.257 -0.02 0.02 0.08 -0.02 0.02 0.25 0.02 0.02 0.25 0.02 0.02 0.08 0.185 0.02 0.08 0.185 -0.02 0.08 -0.044096 0.021708 0.2674 -0.043565 0.021177 0.26807 0.185 0.02 0 -0.05 0.027612 0.278 -0.04096 0.028672 0.257 -0.029771 0.035209 0.257 -0.029747 0.035672 0.257 -0.009633 0.022459 0.262687 -0.008792 0.021617 0.272491 -0.031391 0.036968 0.257 -0.029577 0.036219 0.257 -0.029468 0.034286 0.257 -0.030975 0.037098 0.257 -0.032289 0.037066 0.257 -0.008792 0.021617 0.263509 0.031401 0.008071 0.262459 0.03129 0.00796 0.262281 -0.043495 0.021248 0.27007 -0.043495 0.021248 0.26807 0.0316 0.008271 0.26255 -0.021926 0.005274 0.257 -0.02177 0.004785 0.257 -0.010519 0.023486 0.262174 -0.009563 0.022529 0.262687 -0.01059 0.023415 0.262174 -0.041974 0.019587 0.2674 -0.041656 0.019268 0.26807 -0.008721 0.021688 0.263509 -0.019707 0.000257 0.257 -0.023612 0.000994 0.257 -0.023572 0.000551 0.257 -0.023567 0.001347 0.257 -0.023489 0.001605 0.257 -0.02308 0.002269 0.257 0.015481 0.002823 0.278 0.019724 0.002823 0.269687 0.020161 0.002823 0.269917 0.020641 0.002823 0.270035 -0.041656 0.019268 0.26557 -0.044025 0.021778 0.2674 -0.044025 0.021778 0.2659 -0.041904 0.019657 0.2674 -0.019288 0.000842 0.257 -0.0219 0.003669 0.257 -0.022225 0.00314 0.257 0.021135 0.002823 0.270035 -0.041904 0.019657 0.2659 0.021615 0.002823 0.269917 0.022053 0.002823 0.269687 -0.001211 0.014177 0.258 -0.028575 0.006329 0.26557 -0.028575 0.006329 0.27257 -0.041586 0.019339 0.26807 -0.032592 0.037235 0.257 -0.032955 0.037606 0.257 -0.041586 0.019339 0.26557 -0.034143 0.043134 0.257 0.022422 0.002823 0.269359 -0.03273 0.039725 0.257 -0.011534 0.024501 0.262 -0.011605 0.02443 0.262 -0.032993 0.039429 0.257 0.022703 0.002823 0.268953 0.022878 0.002823 0.268491 -0.033184 0.039047 0.257 -0.044615 0.027393 0.257 -0.033157 0.037953 0.257 -0.033242 0.03829 0.257 -0.042876 0.020488 0.263765 -0.044096 0.021708 0.2659 -0.043256 0.026922 0.257 -0.042964 0.026521 0.257 -0.040969 0.023905 0.257 -0.040382 0.023738 0.257 -0.017262 0.030087 0.262 -0.017262 0.030087 0.274 -0.048992 0.028285 0.257 -0.045517 0.026945 0.257 -0.045132 0.027223 0.257 -0.044227 0.027397 0.257 -0.041974 0.019587 0.2659 -0.017191 0.030158 0.262 -0.042974 0.025081 0.257 -0.042023 0.023746 0.257 -0.041512 0.023888 0.257 -0.039217 0.016687 0.2652 -0.042947 0.020417 0.263765 -0.0428 0.02578 0.257 -0.042848 0.026194 0.257 -0.043693 0.027235 0.257 -0.038772 0.016384 0.26557 -0.018926 0.001086 0.257 -0.016657 -0.000601 0.257 -0.018986 -0.004725 0.257 -0.01882 -0.005235 0.257 0.021212 -0.024 0.257 0.049152 0.031377 0.258 0.048509 0.029185 0.258 0.04831 0.029515 0.258 0.047707 0.029988 0.258 -0.018788 -0.005577 0.257 -0.018788 -0.024 0.257 0.052 0.028529 0.258 0.048624 0.028817 0.258 0.048578 0.028053 0.258 0.046954 0.030126 0.258 0.046222 0.029898 0.258 0.034323 0.046206 0.258 0.045681 0.029356 0.258 0.045488 0.028815 0.258 -0.019374 -0.004163 0.257 -0.018926 -0.001793 0.257 -0.019308 -0.001526 0.257 -0.048992 0.025456 0.257 -0.045955 0.025484 0.257 -0.045992 0.025909 0.257 -0.045912 0.026319 0.257 -0.049211 0.02802 0.257 -0.045818 0.025081 0.257 0.026295 0.002823 0.258 0.04803 0.027278 0.258 0.048419 0.027701 0.258 -0.045796 0.026572 0.257 -0.049419 0.027633 0.257 -0.049461 0.026197 0.257 -0.0398 0.023335 0.257 -0.029193 0.033941 0.257 0.047526 0.027001 0.258 0.022938 0.002823 0.268 0.022878 0.002823 0.267509 -0.043507 0.022489 0.257 -0.043974 0.024274 0.257 -0.044336 0.024212 0.257 -0.018184 -0.001948 0.257 -0.019214 -0.004348 0.257 -0.017726 -0.001864 0.257 -0.017359 -0.001688 0.257 -0.016991 -0.001344 0.257 0.021212 -0.005577 0.257 -0.018598 -0.001906 0.257 -0.019777 -0.000767 0.257 -0.019832 -0.000373 0.257 -0.02303 -0.000506 0.257 0.022703 0.002823 0.267047 -0.0447 0.022043 0.257 -0.044703 0.024243 0.257 0.022422 0.002823 0.266641 0.016848 0.02 0.251 0.016848 0.02 0.257 -0.044123 0.022146 0.257 0.017916 0.020313 0.257 0.018262 0.020586 0.251 0.017916 0.020313 0.251 0.018262 0.020586 0.257 0.022053 0.002823 0.266313 0.021615 0.002823 0.266083 0.017496 0.020116 0.251 0.017496 0.020116 0.257 0.018898 0.002823 0.268491 0.019073 0.002823 0.268953 0.017019 0.020009 0.251 0.017019 0.020009 0.257 -0.043563 0.024447 0.257 -0.042478 0.023461 0.257 0.019354 0.002823 0.269359 0.024747 0.005858 0.251 -0.045744 0.022311 0.257 -0.045304 0.022132 0.257 -0.04611 0.022578 0.257 -0.045335 0.02452 0.257 -0.049092 0.025564 0.257 -0.023265 -0.000208 0.257 -0.031919 0.043548 0.251 -0.032582 0.043711 0.251 0.019257 0.000409 0.251 0.019348 0.000564 0.257 0.019092 -9.2e-05 0.251 0.019603 0.000842 0.251 0.019514 0.000762 0.257 -0.028413 0.040223 0.251 0.019897 0.001043 0.257 0.019956 0.001081 0.251 0.036567 0.043134 0.257 0.051416 0.028285 0.257 0.046933 0.032768 0.251 0.036567 0.043134 0.251 0.036251 0.043385 0.257 -0.027995 0.038288 0.251 0.034481 0.043596 0.257 0.035006 0.043711 0.257 0.035006 0.043711 0.251 0.034481 0.043596 0.251 0.033739 0.043134 0.257 0.034014 0.043358 0.251 -0.042876 0.020488 0.262135 -0.042187 0.019799 0.2607 -0.042947 0.020417 0.262135 -0.042257 0.019728 0.2607 -0.030744 0.039841 0.251 -0.039146 0.016758 0.2607 -0.039217 0.016687 0.2607 0.035665 0.043637 0.257 0.046394 0.02707 0.258 0.046762 0.026955 0.258 -0.038527 0.015998 0.263765 0.009317 0.013164 0.251 0.008875999 0.013657 0.251 0.008485 0.013872 0.251 -0.05 0.027612 0.258 0.046063 0.027269 0.258 0.009499001 0.012647 0.251 0.008485 0.013872 0.257 0.00782 0.013966 0.257 0.008875999 0.013657 0.257 0.009317 0.013164 0.257 0.009619 0.015751 0.258 0.045476 0.02824 0.258 0.045591 0.027872 0.258 0.00948 0.01277 0.257 0.009526 0.012365 0.257 0.020273 0.001196 0.251 0.009457 0.011934 0.251 0.009276 0.011517 0.251 -0.030628 0.037329 0.251 -0.030975 0.037098 0.251 0.009042999 0.011234 0.251 0.009757 0.014997 0.258 0.008746 0.011 0.251 0.035872 0.043583 0.251 0.009454 0.011915 0.257 0.035458 0.043691 0.251 0.009271 0.011508 0.257 0.008984 0.011179 0.257 0.008585 0.010922 0.257 0.034564 0.040066 0.251 0.035309 0.039572 0.251 0.034921 0.039894 0.251 -0.029193 0.033941 0.251 0.008205999 0.010805 0.257 0.008305 0.010821 0.251 0.033739 0.043134 0.251 0.036572 0.012959 0.270884 0.018838 0.002823 0.268 -0.019233 0.032058 0.273313 -0.018277 0.031102 0.273826 -0.017191 0.030158 0.274 -0.031315 0.043134 0.251 -0.018206 0.031173 0.273826 -0.019162 0.032129 0.273313 0.019073 0.002823 0.267047 0.018898 0.002823 0.267509 0.015481 0.002823 0.258 0.019354 0.002823 0.266641 -0.031274 0.040086 0.251 -0.031896 0.040118 0.251 -0.020075 0.0329 0.272491 -0.028163 0.039876 0.251 -0.027968 0.039401 0.251 -0.021473 0.034298 0.267277 -0.021228 0.034054 0.265872 -0.027909 0.039038 0.251 0.020641 0.002823 0.265965 0.020161 0.002823 0.266083 0.021135 0.002823 0.265965 -0.021473 0.034298 0.268723 0.00781 0.013964 0.251 0.007446 0.013892 0.257 0.019724 0.002823 0.266313 -0.018277 0.031102 0.262174 -0.019233 0.032058 0.262687 -0.028117 0.037993 0.251 -0.018206 0.031173 0.262174 -0.019162 0.032129 0.262687 -0.028436 0.037531 0.251 0 0.016384 0.251 0.006542 0.013164 0.251 0.006392 0.012807 0.251 0.007079 0.013728 0.251 -0.030105 0.038844 0.251 -0.030081 0.038339 0.251 0.007458 0.013903 0.251 -0.030376 0.039461 0.251 0.006555 0.013191 0.257 0.0316 0.008271 0.26155 0.031476 0.008146 0.261586 0.031671 0.0082 0.26155 0.007045 0.013707 0.257 0.032944 0.009473 0.26155 0.032873 0.009543 0.26155 0.031547 0.008075 0.261586 0.007165 0.01097 0.251 0.00779 0.010782 0.251 -0.016646 -0.000154 0.251 0.006546 0.011576 0.251 0.006797 0.011257 0.251 -0.004362 0.011259 0.251 0.033121 0.009649 0.2708 0.035242 0.011771 0.2753 0.036501 0.01303 0.270884 0.03602 0.012549 0.271133 0.036091 0.012478 0.271133 0.008064 0.016691 0.258 0.007333 0.016463 0.258 0.032841 0.009228001 0.274568 0.033191 0.009579 0.27404 0.033121 0.009649 0.27404 0.03129 0.00796 0.261819 0.03136 0.007889 0.261819 0.008632999 0.01661 0.258 0.03132 0.007849 0.26205 0.031249 0.00792 0.26205 0.009146999 0.016353 0.258 0.035313 0.0117 0.2753 0.035242 0.011771 0.27206 0.033845 0.040109 0.251 0.033845 0.040109 0.257 0.033399 0.039977 0.257 0.009688 0.014618 0.258 0.03277 0.009299 0.274568 0.009530001 0.014266 0.258 0.008988001 0.013725 0.258 0.008257 0.013497 0.258 0.033191 0.009579 0.2708 -0.032361 0.039977 0.251 -0.034143 0.043134 0.251 -0.033448 0.043583 0.251 0.006791 0.015922 0.258 0.003211 0.015094 0.258 0.007688 0.013578 0.258 -0.032885 0.039572 0.251 0.007037 0.013971 0.258 0.006701 0.014437 0.258 0.035313 0.0117 0.27206 0.035663 0.01205 0.271532 0.006587 0.014806 0.258 -0.035701 0.013455 0.274279 -0.03584 0.013593 0.274414 -0.035613 0.013367 0.27395 0.006633 0.01557 0.258 -0.035653 0.013407 0.273719 -0.03573 0.013483 0.273576 -0.03584 0.013593 0.273486 -0.007283 0.015301 0.258 -0.007677 0.01465 0.258 -0.043453 0.027709 0.258 -0.035724 0.013336 0.274181 -0.035684 0.013296 0.27395 -0.035724 0.013336 0.273719 0.035592 0.012121 0.271532 -0.006064 0.015774 0.258 -0.006817 0.015636 0.258 -0.032323 0.045289 0.258 -0.030184 0.037966 0.251 0.03432 0.040118 0.251 0.03432 0.040118 0.257 0.034564 0.040066 0.257 -0.007757 0.014081 0.258 -0.043591 0.026955 0.258 0.034785 0.039977 0.257 -0.036035 0.013647 0.27445 -0.035964 0.013718 0.27445 -0.005333 0.015547 0.258 0.035183 0.039691 0.257 -0.004791 0.015005 0.258 -0.004598 0.014464 0.258 -0.007292 0.013046 0.258 -0.006988 0.012808 0.258 -0.013481 0.001907 0.258 0.035508 0.039275 0.257 0.035642 0.038897 0.251 0.035636 0.038941 0.257 -0.006447 0.012615 0.258 0.006344 0.012176 0.251 -0.004047 0.011739 0.251 -0.003912 0.012494 0.251 0.007741 0.010791 0.257 -0.037237 0.01499 0.27345 -0.035964 0.013718 0.27345 -0.004801 0.013356 0.258 -0.004587 0.013889 0.258 0.007374 0.010878 0.257 -0.005174 0.012918 0.258 -0.005872 0.012604 0.258 0.03791 0.014439 0.261586 -0.036035 0.013647 0.27345 -0.03591 0.013523 0.274414 -0.00753 0.01335 0.258 -0.024295 0.001907 0.258 0.038035 0.014564 0.26155 -0.03591 0.013523 0.273486 -0.03058 0.008192 0.258 0.039237 0.015907 0.26255 0.039424 0.015952 0.262519 0.039308 0.015836 0.26255 -0.032628 0.01024 0.2735909 0.03952 0.016191 0.262334 -0.045146 0.029197 0.258 -0.045707 0.029071 0.258 0.039605 0.016134 0.262314 0.006883 0.011182 0.257 0.039586 0.016256 0.262106 0.019982 -0.001802 0.251 0.021305 -0.004998 0.251 0.005112 -0.017 0.251 0.01907 -0.000552 0.251 0.009677 0.015567 0.278 0.009757 0.014997 0.278 0.019757 -0.001673 0.251 0.019766 -0.001678 0.257 0.019325 -0.001237 0.257 0.019315 -0.00122 0.251 0.019199 -0.001011 0.251 0.009292 0.013963 0.278 0.008988001 0.013725 0.278 0.008447 0.013532 0.278 0.038035 0.014564 0.26255 -0.016674 -0.000709 0.251 0.037964 0.014634 0.26255 0.007872 0.01352 0.278 0.035162 0.037363 0.257 0.035156 0.037347 0.251 0.034828 0.037125 0.251 0.034757 0.037088 0.257 0.034369 0.036968 0.251 0.03431 0.036958 0.257 0.02 -0.02 0.25 0.005112 -0.02 0.25 0.005112 -0.02 0.251 0.006791 0.015922 0.278 0.006598 0.01538 0.278 0.003211 0.015094 0.278 -0.04096 0.018572 0.278 -0.037308 0.01492 0.27445 -0.044398 0.02906 0.258 0.009283 0.016217 0.278 -0.046173 0.028735 0.258 -0.046509 0.028269 0.258 -0.043681 0.02844 0.258 -0.037237 0.01499 0.27445 0.009530001 0.014266 0.278 -0.043927 0.026489 0.258 -0.044394 0.026153 0.258 0.035508 0.039275 0.251 -0.037556 0.015168 0.274301 -0.037586 0.01534 0.273894 -0.03752 0.015274 0.273666 -0.037569 0.015322 0.274114 -0.046647 0.027515 0.258 -0.037485 0.015239 0.274301 -0.046419 0.026784 0.258 0.007174 0.013835 0.278 -0.037308 0.01492 0.27345 0.006801 0.014272 0.278 -0.04603 0.026362 0.258 -0.045147 0.026015 0.258 0.006587 0.014806 0.278 0.033168 0.039841 0.251 0.032959 0.039633 0.257 0.032894 0.039595 0.251 0.022703 -0.047175 0.267047 0.022053 -0.047175 0.266313 0.022423 -0.047175 0.266641 0.022879 -0.047175 0.267509 0.022938 -0.047175 0.268 0.022879 -0.047175 0.268491 0.022703 -0.047175 0.268953 0.022423 -0.047175 0.269359 0.022053 -0.047175 0.269687 0.021615 -0.047175 0.269917 0.021135 -0.047175 0.270035 0.020641 -0.047175 0.270035 0.021135 -0.047175 0.265965 0.020161 -0.047175 0.269917 0.020641 -0.047175 0.265965 0.019354 -0.047175 0.269359 0.019724 -0.047175 0.269687 0.019073 -0.047175 0.268953 0.018898 -0.047175 0.268491 0.018838 -0.047175 0.268 0.018898 -0.047175 0.267509 0.019073 -0.047175 0.267047 0.019354 -0.047175 0.266641 0.019724 -0.047175 0.266313 0.020161 -0.047175 0.266083 0.021212 -0.02 0.251 0.005112 -0.018 0.25 0.021615 -0.047175 0.266083 -0.002688 -0.017 0.251 -0.014424 0.02 0.251 -0.015211 0.020164 0.251 -0.015838 0.020586 0.251 0.04803 0.027278 0.278 0.052 0.028529 0.278 0.035452 0.037707 0.251 -0.014595 0.020009 0.251 -0.007022 0.012884 0.251 -0.007094 0.012196 0.251 0.035626 0.038096 0.251 0.035685 0.038418 0.251 0.047707 0.029988 0.278 0.048173 0.029652 0.278 0.035666 0.038371 0.257 0.048509 0.029185 0.278 0.034323 0.046206 0.278 0.035498 0.037783 0.257 0.047146 0.030114 0.278 0.046398 0.029977 0.278 0.045681 0.029356 0.278 0.048647 0.028432 0.278 -0.004463 0.013586 0.251 -0.006452 0.013657 0.251 -0.006061 0.013872 0.251 0.033933 0.036948 0.257 0.033845 0.036966 0.251 -0.037639 0.015251 0.274114 0.03352 0.037051 0.257 0.033399 0.037098 0.251 0.032881 0.037495 0.251 0.033105 0.037284 0.257 0.032802 0.037598 0.257 0.032195 0.035209 0.251 0.032185 0.0356 0.251 -0.037424 0.015036 0.273481 0.051516 0.025564 0.257 0.051416 0.025456 0.251 0.051596 0.025673 0.251 0.051791 0.025991 0.257 -0.037605 0.015217 0.273686 0.051843 0.026108 0.251 0.052 0.026846 0.257 0.051975 0.026553 0.251 0.04822 0.026572 0.251 0.051975 0.027188 0.257 0.051975 0.027188 0.251 0.051843 0.027633 0.257 0.051788 0.027769 0.251 0.051416 0.028285 0.251 -0.031131 0.008743 0.274371 -0.030944 0.008556 0.27445 0.048416 0.025909 0.251 0.048419 0.027701 0.278 -0.030944 0.008556 0.27345 -0.028646 0.006258 0.27257 0.047147 0.026932 0.278 0.046394 0.02707 0.278 -0.036427 0.014039 0.264468 -0.036848 0.014319 0.26394 -0.036497 0.013968 0.264468 -0.035999 0.013611 0.264867 0.032944 0.009473 0.26255 0.03791 0.014439 0.262514 -0.03607 0.013541 0.264867 0.03784 0.01451 0.262514 0.03773 0.0144 0.262424 0.03784 0.01451 0.261586 -0.035589 0.01306 0.265116 -0.035518 0.01313 0.265116 -0.03501 0.012622 0.2652 -0.03508 0.012551 0.2652 0.045927 0.027405 0.278 0.045591 0.027872 0.278 0.037684 0.014213 0.26205 0.037724 0.014253 0.262281 0.033241 0.00977 0.262314 -0.034676 0.012288 0.26557 0.045453 0.028625 0.278 -0.036777 0.014389 0.26394 0.037653 0.014324 0.262281 -0.038457 0.016069 0.263765 0.007333 0.016463 0.278 0.008064 0.016691 0.278 0.008192 0.020075 0.278 0.008817 0.016553 0.278 -0.038457 0.016069 0.262135 -0.034091 0.011561 0.264867 -0.03402 0.011632 0.264867 -0.034572 0.012042 0.265116 -0.033663 0.011134 0.264468 -0.033592 0.011205 0.264468 -0.033313 0.010783 0.26394 -0.033242 0.010854 0.26394 -0.033313 0.010783 0.2607 0.04822 0.026572 0.257 0.048411 0.025939 0.257 0.031423 0.043307 0.265 0.021162 0.033046 0.273313 0.020206 0.032089 0.273826 -0.034501 0.012113 0.265116 0.032029 0.034546 0.251 0.04602 0.027195 0.251 0.045705 0.026946 0.251 0.047556 0.027223 0.251 0.031423 0.043307 0.271 0.028312 0.040196 0.271 -0.031121 0.008733 0.2652 0.044876 0.021405 0.273865 0.044187 0.020715 0.2753 0.041146 0.017675 0.2753 -0.028646 0.006258 0.26557 -0.038527 0.015998 0.262135 0.047941 0.026945 0.251 0.047941 0.026945 0.257 0.04748 0.02726 0.257 -0.036848 0.014319 0.2607 -0.036777 0.014389 0.2607 -0.033242 0.010854 0.2607 -0.029298 0.03665 0.251 0.032873 0.009543 0.26255 0.033171 0.009841 0.262314 0.03306 0.00973 0.262471 -0.006052 0.010874 0.251 0.033227 0.009897 0.26205 0.033205 0.009875 0.261886 0.033131 0.009658999 0.262471 -0.031274 0.03699 0.251 -0.029737 0.035708 0.251 -0.029563 0.036254 0.251 -0.032618 0.037251 0.251 -0.003968 0.012807 0.251 -0.032139 0.037011 0.251 -0.031698 0.036945 0.251 -0.004142 0.01319 0.251 -0.004803 0.0138 0.251 -0.005307 0.013962 0.251 -0.02948 0.034307 0.251 -0.029607 0.034545 0.251 -0.029771 0.035209 0.251 0.044876 0.021405 0.272235 -0.006717 0.013417 0.251 -0.0398 0.023335 0.251 -0.005744 0.013954 0.251 -0.022323 0.005858 0.251 -0.018283 0.001239 0.251 -0.02177 0.004785 0.251 -0.021766 0.004182 0.251 -0.022099 0.005583 0.251 -0.023506 0.001559 0.251 -0.004921 0.010885 0.251 -0.001211 0.014177 0.278 -0.005333 0.015547 0.278 -0.031121 0.008733 0.26196 -0.005426 0.010777 0.251 -0.00753 0.01335 0.278 -0.006988 0.012808 0.278 -0.006397 0.01105 0.251 0.048006 0.02475 0.251 0.048062 0.024807 0.257 0.048242 0.025081 0.257 0.047581 0.024423 0.257 -0.0069 0.011593 0.251 -0.017225 0.000872 0.251 -0.016749 0.000219 0.251 -0.017612 0.001121 0.251 0.045237 0.025601 0.257 0.045338 0.025217 0.257 0.045261 0.025484 0.251 0.045245 0.026042 0.251 -0.016924 0.000564 0.251 0.045338 0.026402 0.257 -0.023612 0.000907 0.251 0.045432 0.026599 0.251 -0.023567 0.00047 0.251 -0.023464 0.000143 0.251 0.04592 0.02713 0.257 0.047127 0.027377 0.251 0.047127 0.027377 0.257 0.046632 0.027394 0.257 -0.01982 -0.000154 0.251 -0.019762 0.000118 0.251 -0.023148 0.002174 0.251 0.046612 0.027393 0.251 -0.022273 0.003084 0.251 -0.019484 0.0006070001 0.251 -0.021908 0.003646 0.251 -0.018909 0.001083 0.251 0.048379 0.025484 0.251 0.048379 0.025484 0.257 0.039237 0.015907 0.26155 0.039485 0.016155 0.261699 0.039569 0.016239 0.261886 0.044187 0.020715 0.2708 0.044947 0.021334 0.272235 0.044257 0.020645 0.2708 0.043974 0.020503 0.2701 0.046096 0.022624 0.2701 0.041146 0.017675 0.2708 0.043656 0.020185 0.27043 0.039308 0.015836 0.26155 0.039639 0.016168 0.261886 0.039657 0.016185 0.262106 0.044947 0.021334 0.273865 0.044257 0.020645 0.2753 0.039556 0.016085 0.261699 -0.033124 0.037881 0.251 0.031617 0.033941 0.251 0.041217 0.017745 0.26155 0.045404 0.025073 0.251 0.045628 0.024758 0.257 0.041217 0.017604 0.2753 -0.033213 0.038931 0.251 -0.033034 0.043691 0.251 -0.04096 0.036317 0.251 -0.048992 0.028285 0.251 -0.040462 0.023768 0.251 -0.033261 0.038448 0.251 -0.032859 0.037474 0.251 0.037964 0.014634 0.26155 0.037701 0.014372 0.261721 0.037724 0.014253 0.261819 -0.002688 -0.02 0.251 -0.018788 -0.02 0.251 -0.016848 -0.001153 0.251 -0.016775 -0.001011 0.251 -0.043269 0.026937 0.251 -0.043693 0.027235 0.251 -0.044188 0.027393 0.251 -0.042863 0.025404 0.251 -0.002688 -0.018 0.25 -0.002688 -0.02 0.25 0.033265 0.009794 0.261862 0.021212 -0.02515 0.256633 -0.018788 -0.025159 0.256625 0.021212 -0.025493 0.25632 -0.018788 -0.025647 0.256131 -0.044703 0.027377 0.251 -0.048992 0.025456 0.251 0.041217 0.017604 0.2708 -0.049426 0.026105 0.251 -0.049461 0.026197 0.251 0.040527 0.016915 0.272235 0.037613 0.014283 0.26205 -0.019777 -0.000767 0.251 -0.018926 -0.001793 0.251 -0.019475 -0.001356 0.251 -0.045975 0.026028 0.251 0.033131 0.009658999 0.261629 0.046096 0.022624 0.2686 0.043974 0.020503 0.2686 0.045565 0.022094 0.26793 -0.01882 -0.005235 0.251 -0.018788 -0.005577 0.251 -0.018986 -0.004725 0.251 0.044039 0.023871 0.251 0.043491 0.023912 0.251 0.043904 0.020574 0.2686 0.043904 0.020574 0.2701 -0.042821 0.026042 0.251 0.048524 0.02257 0.257 0.046025 0.022695 0.2701 0.046025 0.022695 0.2686 0.045495 0.022165 0.26793 0.043586 0.020256 0.26793 0.043656 0.020185 0.26793 0.043586 0.020256 0.27043 0.043586 0.020256 0.26593 -0.042938 0.026468 0.251 -0.045132 0.027223 0.251 0.045565 0.022094 0.26593 -0.006257 0.01258 0.278 0.046025 0.022695 0.26513 0.046096 0.022624 0.26363 0.046096 0.022624 0.26513 0.047068 0.024233 0.251 0.046999 0.024221 0.257 0.043974 0.020503 0.26513 0.043656 0.020185 0.26593 0.043656 0.020185 0.26343 -0.005688 0.012661 0.278 0.043904 0.020574 0.26513 0.043974 0.020503 0.26363 0.045495 0.022165 0.26593 0.043904 0.020574 0.26363 0.046025 0.022695 0.26363 -0.004587 0.013889 0.278 -0.043084 0.024903 0.251 -0.004633 0.014653 0.278 -0.016838 0.001907 0.268 -0.016898 0.001907 0.267509 -0.004791 0.015005 0.278 -0.006064 0.015774 0.278 -0.006633 0.015694 0.278 -0.007147 0.015437 0.278 0.048168 0.022311 0.251 0.048534 0.022578 0.251 -0.007619 0.014834 0.278 0.043586 0.020256 0.26343 0.047198 0.022044 0.257 0.04657 0.022137 0.257 0.046748 0.022092 0.251 0.046194 0.022313 0.251 -0.045517 0.026945 0.251 0.046297 0.022246 0.257 -0.045796 0.026572 0.251 0.045795 0.022594 0.257 0.042716 0.019386 0.262314 0.042606 0.019276 0.262471 0.042419 0.019089 0.26255 0.042768 0.019438 0.262106 0.04275 0.019421 0.261886 0.033122 0.009792 0.261699 0.04249 0.019018 0.26255 0.042738 0.019267 0.262401 0.04676 0.024212 0.251 0.046701 0.02422 0.257 0.046075 0.0244 0.257 0.045881 0.02452 0.251 -0.007688 0.013701 0.278 0.047556 0.024397 0.251 0.047235 0.022047 0.251 0.044867 0.023495 0.251 0.045795 0.022594 0.251 0.046308 0.024302 0.251 -0.005037 0.013054 0.278 -0.004701 0.013521 0.278 0.042832 0.019361 0.262132 0.048243 0.022353 0.257 0.041217 0.017745 0.26255 0.047741 0.02213 0.251 0.047634 0.022103 0.257 0.041092 0.017621 0.262514 0.042224 0.023335 0.251 0.04257 0.023608 0.257 0.042224 0.023335 0.257 0.042632 0.023647 0.251 0.042919 0.023784 0.251 0.042967 0.023797 0.257 0.040947 0.017617 0.262459 0.04354 0.023911 0.257 0.040527 0.016915 0.273865 0.044577 0.023678 0.257 0.044135 0.023852 0.257 0.044998 0.023385 0.257 0.024747 0.005858 0.257 -0.007757 0.014081 0.278 -0.013481 0.001907 0.278 -0.024295 0.001907 0.278 0.032605 0.039121 0.251 0.032605 0.039121 0.257 0.032516 0.038785 0.257 -0.030873 0.008627 0.27445 0.042676 0.019205 0.261629 0.04249 0.019018 0.26155 0.030764 0.04014 0.251 0.03086 0.040251 0.257 0.030563 0.039819 0.257 0.028312 0.040196 0.265 0.019191 0.031074 0.274 0.030523 0.039743 0.251 0.022004 0.033887 0.272491 0.030366 0.039268 0.257 0.031494 0.043236 0.271 0.030326 0.03894 0.257 0.03033 0.038744 0.251 0.0304 0.038416 0.257 0.023158 0.035041 0.270128 0.023402 0.035286 0.268723 0.030376 0.038454 0.251 0.030585 0.037906 0.251 0.030637 0.037823 0.257 0.028383 0.040125 0.265 0.031494 0.043236 0.265 0.03083 0.03757 0.251 0.03086 0.037531 0.257 0.028383 0.040125 0.271 0.031722 0.03665 0.257 0.032599 0.037984 0.257 0.03263 0.037926 0.251 0.032499 0.038418 0.257 0.032499 0.038418 0.251 0.022682 0.034566 0.271408 0.030392 0.039401 0.251 0.022075 0.033817 0.272491 0.022753 0.034495 0.271408 0.021233 0.032975 0.273313 -0.031122 0.008875 0.274301 -0.019135 0.001907 0.270035 -0.018641 0.001907 0.270035 0.023402 0.035286 0.267277 0.023473 0.035215 0.267277 0.023473 0.035215 0.268723 0.023228 0.03497 0.270128 0.031753 0.036611 0.251 0.022682 0.034566 0.264592 0.023158 0.035041 0.265872 0.022004 0.033887 0.263509 -0.03106 0.008813999 0.273529 -0.031227 0.00898 0.27395 -0.031171 0.008924 0.273686 -0.031205 0.008958 0.274114 0.031617 0.033941 0.257 0.031987 0.036254 0.251 -0.030873 0.008627 0.27345 -0.0296 0.007354 0.27345 0.031987 0.036254 0.257 0.032185 0.0356 0.257 -0.031241 0.008853 0.273686 -0.031265 0.008877 0.274138 0.032115 0.034789 0.257 0.019262 0.031003 0.262 0.031941 0.034371 0.257 -0.031131 0.008743 0.273529 0.022075 0.033817 0.263509 0.021162 0.033046 0.262687 0.021233 0.032975 0.262687 0.022753 0.034495 0.264592 0.023228 0.03497 0.265872 -0.019615 0.001907 0.266083 -0.020053 0.001907 0.266313 -0.031191 0.008662001 0.2652 -0.027656 0.005127 0.2652 0.020277 0.032019 0.273826 0.019262 0.031003 0.274 -0.018161 0.001907 0.269917 0.020206 0.032089 0.262174 -0.045981 0.025611 0.251 -0.045929 0.025358 0.251 -0.0457 0.024915 0.251 -0.017073 0.001907 0.268953 -0.016898 0.001907 0.268491 -0.049364 0.025971 0.251 -0.045912 0.026319 0.251 -0.017724 0.001907 0.269687 -0.017354 0.001907 0.269359 0.025878 0.000134 0.257 0.025878 0.000141 0.251 0.026011 0.000616 0.257 0.024697 0.003084 0.257 0.025504 0.002269 0.257 0.025552 0.002213 0.251 0.024697 0.003084 0.251 0.025767 0.001915 0.251 -0.020422 0.001907 0.269359 -0.020053 0.001907 0.269687 0.02587 0.001706 0.257 -0.019615 0.001907 0.269917 0.026008 0.00125 0.251 0.0256 -0.00034 0.251 0.022157 0.000182 0.251 -0.017073 0.001907 0.267047 -0.017354 0.001907 0.266641 0.026031 0.00108 0.257 0.026032 0.000762 0.251 0.025665 -0.000251 0.257 -0.041128 0.023915 0.251 -0.020422 0.001907 0.266641 -0.020703 0.001907 0.267047 -0.020878 0.001907 0.267509 0.024376 0.005343 0.251 0.024469 0.005501 0.257 0.024233 0.00494 0.257 -0.020938 0.001907 0.268 -0.020878 0.001907 0.268491 -0.041603 0.023875 0.251 -0.043445 0.02253 0.251 -0.044336 0.024212 0.251 -0.020703 0.001907 0.268953 -0.043929 0.024294 0.251 -0.017724 0.001907 0.266313 -0.018161 0.001907 0.266083 -0.018641 0.001907 0.265965 -0.019135 0.001907 0.265965 -0.04611 0.022578 0.251 -0.027585 0.005197 0.2652 -0.045649 0.022256 0.251 0.02417 0.004591 0.251 0.024211 0.004882 0.251 0.024163 0.004493 0.257 -0.044725 0.022044 0.251 -0.044123 0.022146 0.251 0.024378 0.003546 0.257 0.024206 0.004086 0.251 0.024237 0.003911 0.257 0.020321 0.00121 0.257 0.020697 0.00124 0.257 -0.04247 0.02347 0.251 -0.044867 0.024283 0.251 -0.043402 0.024563 0.251 0.020277 0.032019 0.262174 0.042821 0.01935 0.261886 0.019191 0.031074 0.262 -0.042112 0.023704 0.251 0.013534 0.025417 0.262 0.013605 0.025347 0.262 0.013534 0.025417 0.274 0.012519 0.024402 0.273826 0.013605 0.025347 0.274 0.042419 0.019089 0.26155 0.042606 0.019276 0.261629 0.011563 0.023446 0.273313 0.010721 0.022604 0.272491 0.01259 0.024331 0.273826 0.021588 0.000941 0.251 0.021629 0.000913 0.257 0.021051 0.001195 0.257 0.011633 0.023375 0.273313 0.010113 0.021855 0.271408 0.010792 0.022533 0.272491 0.010043 0.021926 0.271408 0.009638 0.02138 0.270128 0.009323 0.021206 0.268723 0.009567 0.021451 0.270128 0.009323 0.021206 0.267277 -0.003418957 0.016384 0.278 -0.032323 0.045289 0.278 0.009393 0.021135 0.268723 -0.019832 -0.000313 0.251 -0.017268 -0.001628 0.251 -0.018184 -0.001948 0.251 -0.017685 -0.001844 0.251 -0.019214 -0.004348 0.251 -0.043488 0.027898 0.278 -0.029547 0.007159 0.274414 -0.02936 0.006972 0.274181 -0.02932 0.006932 0.27395 -0.029671 0.007283 0.27445 -0.018598 -0.001906 0.251 -0.0296 0.007354 0.27445 -0.029671 0.007283 0.27345 -0.029341 0.006953 0.273773 -0.029547 0.007159 0.273486 -0.029401 0.007155 0.273542 -0.02929 0.007043 0.273719 -0.029249 0.007003 0.27395 -0.02929 0.007043 0.274181 -0.029476 0.007229 0.274414 -0.019374 -0.004163 0.251 -0.02303 -0.000506 0.251 -0.019628 -0.001135 0.251 -0.043765 0.022304 0.251 0.024445 0.003429 0.251 0.021916 0.000625 0.251 -0.045222 0.022107 0.251 -0.029932 0.007403 0.260784 -0.029424 0.006894 0.2607 -0.031191 0.008662001 0.26196 -0.030841 0.008312 0.261432 -0.027585 0.005197 0.26196 0.021204 0.001148 0.251 -0.044222 0.028981 0.278 -0.043681 0.02844 0.278 -0.044954 0.029209 0.278 -0.045707 0.029071 0.278 0.020746 0.001235 0.251 0.01259 0.024331 0.262174 0.011633 0.023375 0.262687 0.010792 0.022533 0.263509 0.010113 0.021855 0.264592 -0.044063 0.026353 0.278 0.009638 0.02138 0.265872 -0.043591 0.026955 0.278 -0.043476 0.027324 0.278 -0.018788 -0.024682 0.256871 -0.046509 0.028269 0.278 -0.04631 0.028599 0.278 -0.018788 -0.025902 0.255558 -0.046624 0.0279 0.278 -0.046419 0.026784 0.278 -0.046578 0.027136 0.278 -0.04603 0.026362 0.278 -0.044394 0.026153 0.278 -0.045526 0.026084 0.278 -0.044762 0.026038 0.278 0.009393 0.021135 0.267277 0.041092 0.017621 0.261586 0.021212 -0.026 0.255 0.010043 0.021926 0.264592 0.009567 0.021451 0.265872 0.041146 0.017816 0.26155 0.041022 0.017692 0.261586 0.010721 0.022604 0.263509 0.011563 0.023446 0.262687 0.012519 0.024402 0.262174 0.025454 -0.000506 0.251 0.02225 -0.000463 0.251 -0.020004 0.032971 0.272491 -0.020753 0.033578 0.271408 -0.020682 0.033649 0.271408 0.021912 0.000634 0.257 -0.03077 0.008382 0.261432 -0.021228 0.034054 0.270128 -0.027936 0.005548 0.261432 -0.027656 0.005127 0.26196 -0.028006 0.005477 0.261432 -0.021402 0.034369 0.268723 -0.021402 0.034369 0.267277 -0.026312 0.039279 0.265 -0.028363 0.005975 0.261033 -0.028434 0.005905 0.261033 -0.020753 0.033578 0.264592 -0.020075 0.0329 0.263509 -0.021158 0.034124 0.270128 0.022052 -0.001135 0.251 0.021843 -0.001426 0.257 0.022113 -0.00101 0.257 -0.021158 0.034124 0.265872 -0.020682 0.033649 0.264592 0.020121 -0.001857 0.257 -0.020004 0.032971 0.263509 -0.026312 0.039279 0.271 0.021212 -0.005577 0.251 0.021555 -0.00447 0.251 0.021798 -0.004163 0.251 0.021798 -0.004163 0.257 -0.029423 0.04239 0.271 -0.029494 0.042319 0.271 0.02135 -0.001793 0.251 0.021899 -0.001356 0.251 -0.029423 0.04239 0.265 0.020435 -0.001927 0.251 0.020934 -0.001923 0.251 0.022174 -0.000852 0.251 -0.026383 0.039208 0.265 -0.026383 0.039208 0.271 -0.029494 0.042319 0.265 0.020983 -0.001916 0.257 0.020558 -0.001944 0.257 -0.011534 0.024501 0.274 -0.011605 0.02443 0.274 -0.008042999 0.021009 0.271408 -0.008721 0.021688 0.272491 -0.009563 0.022529 0.273313 -0.010519 0.023486 0.273826 -0.009633 0.022459 0.273313 -0.01059 0.023415 0.273826 -0.028844 0.006456 0.260784 -0.028915 0.006386 0.260784 -0.029353 0.006965 0.2607 -0.029862 0.007474 0.260784 -0.030413 0.007884 0.261033 -0.030343 0.007955 0.261033 -0.045168 0.024412 0.251 0.021212 -0.02 0.227 0.021212 -0.024762 0.256841 0.021212 -0.025964 0.255366 0.021212 -0.026 0.227 -0.049419 0.027633 0.251 -0.049211 0.02802 0.251 0.02011 -0.02 0.225216 0.020913 -0.02 0.225951 0.020518 -0.02 0.225486 0.02111 -0.02 0.226373 0.021171 -0.026 0.226635 0.020597 -0.026 0.225563 0.020057 -0.026 0.225198 -0.023176 -0.00034 0.251 0.029656 0.006043 0.2708 0.032413 0.008801001 0.274967 0.031862 0.00839 0.275216 0.031932 0.00832 0.275216 0.032343 0.008871 0.274967 -0.04049 0.018102 0.27445 -5.3e-05 -0.026 0.245946 0.000562 -0.026 0.246 0.005373 -0.026 0.243188 0.005462 -0.026 0.2424 -0.040676 0.018289 0.274371 -0.001056 -0.026 0.245615 -0.000398 -0.026 0.245868 -0.001652 -0.026 0.245237 0.031671 0.0082 0.26255 0.001862 -0.026 0.246 0.002127 -0.026 0.245989 0.002822 -0.026 0.245868 0.004587 -0.026 0.244751 0.004993 -0.026 0.244174 0.00348 -0.026 0.245615 0.004076 -0.026 0.245237 0.005152 -0.026 0.243858 0.019212 -0.026 0.225 0.030434 0.006821 0.274967 0.030363 0.006892 0.274967 0.003157 -0.026 0.230242 0.002477 -0.026 0.230054 0.030915 0.007302 0.275216 0.030844 0.007373 0.275216 0.00043 -0.026 0.230005 0.005462 -0.026 0.2336 0.005279 -0.026 0.232471 0.005152 -0.026 0.232141 0.004804 -0.026 0.231527 0.004344 -0.026 0.230993 0.003787 -0.026 0.230559 0.031353 0.007882 0.2753 0.001994 -0.026 0.230005 -0.00192 -0.026 0.245006 -0.002728 -0.026 0.243858 -0.002569 -0.026 0.244174 -0.002949 -0.026 0.243188 -0.002163 -0.026 0.244751 -0.003038 -0.026 0.2424 0.030006 0.006394 0.274568 -0.003038 -0.026 0.2336 -0.002949 -0.026 0.232811 0.031424 0.007811 0.2753 -0.00238 -0.026 0.231527 -0.002728 -0.026 0.232141 0.029656 0.006043 0.27404 -0.039092 0.016704 0.274414 -0.039217 0.016829 0.27445 -0.040419 0.018172 0.27445 -0.040606 0.018359 0.274371 -0.040821 0.018433 0.274114 -0.040768 0.018521 0.273894 -0.04075 0.018504 0.274114 -0.040832 0.018444 0.273868</float_array>
          <technique_common>
            <accessor count="1443" source="#cubeverts-array0-array" stride="3">
              <param type="float" name="X"/>
              <param type="float" name="Y"/>
              <param type="float" name="Z"/>
            </accessor>
          </technique_common>
        </source>
        <source id="cubenormals-array0">
          <float_array count="8766" id="cubenormals-array0-array">-1 0 0 -1 0 0 0 0 -1 0 -1 0 0 0 1 0 0 1 0 -1 0 0 -1 0 0 -1 0 0 -1 0 0 -1 0 0 -1 0 0 -1 0 0 -1 0 0 -1 0 0 -1 0 0 -0 1 -0.7661521 0.4971753 -0.4072194 -0.2689871 0.9631438 0 0.1995456 0.9634485 0.1787416 0 -1 0 0 -1 0 -0 -1 0 -0 -1 0 0 -1 0 0 -1 0 0 -1 0 0 -1 0 0 -1 -0 0 -1 0 0 -1 0 0 -1 0 -0 -1 0 0 -1 0 -1 0 0 -0.7057454 -0.7084365 0.006403462 0.7086416 -0.705566 -0.001927923 0.614617 0.00209389 0.7888229 0.5764016 -0.002111994 0.8171638 0.7646813 0.4979971 0.408976 0.4053431 -0.002073238 0.9141622 0.2608906 0.9653683 0 -0.2046182 0.9626505 -0.1773003 0.3344599 0.9380331 -0.09072268 0.2009825 -0.2038521 0.9581495 0.4708281 -0.05812595 0.8803082 0.7070878 0.7071257 0 -0.7071073 -0.7071062 -1.72033e-06 -0.7071058 -0.7071078 7.336704e-07 -0.7071068 -0.7071068 -2.526547e-06 0.7067181 -0.7074947 -0.0008235953 -0.7071068 -0.7071068 0 0.4494812 0.00223675 0.893287 0.266478 0.002265436 0.9638384 0.7072141 -0.7069994 0 -0.7099339 -0.7042683 -0 0.5155066 0.5155346 -0.6844538 0.5155068 0.5155345 -0.6844538 0.3894911 0.3895123 -0.8346118 0 0 1 0 0 1 0.7071071 -0.7071065 0 0.7070878 0.7071257 0 0.7020698 0.7121082 0 -1 0 -0 0.7020698 0.7121082 -0 -0.3424736 0.9351023 0.09107982 -0.5767645 0.4764104 0.6636083 -0.2837651 0.5645637 0.7750776 0 0 1 0 0 1 0 -0 1 0.3895031 0.3895029 -0.8346106 0.7068821 -0.7073314 0.0003294966 0.2430565 0.2430565 -0.939067 0 0 1 0 0 1 -0 0 1 0 0 1 0 0 1 0 0 1 0 0 1 0 0 1 -0.9792626 0.00371528 -0.2025609 -0 0 1 0 0 1 0.7068959 -0.7073175 0 -0.9508253 -0.01241037 -0.3094791 0 0 1 -0 0 1 -0.676366 0.00101404 -0.736565 -0.357586 0.07254196 0.9310585 -0.1411442 0.1411442 0.9798758 -0.5163483 -0.00315584 -0.8563728 -0.7071068 -0.7071068 -3.072018e-06 -0.4984985 -0.001682695 -0.8668889 0 0 1 -0 0 1 0 0 -1 -0.1112037 0.001542522 -0.9937965 -0.07353053 0 -0.997293 -1 0 0 0 0 1 -0 0 1 0.08205027 0.08205474 -0.9932446 -0 0 1 0 0 1 0 -0 1 0 0 1 0 0 1 0 0 1 -0.9953766 -0 -0.0960492 0.2430579 0.2430547 -0.9390672 0.08205344 0.08205234 -0.9932445 -0.878121 0.0001659287 -0.4784385 0 0 1 0.7020769 -0.7121011 0 0 0 1 -0.8317814 0.003995303 -0.5550889 -0.7405359 -0.004177652 -0.6720038 0 0 -1 0 0 1 0.7020769 -0.7121011 0 -0.341236 0.0004075437 -0.9399776 -0.2756725 -0.003943615 -0.9612435 -0 0 1 0 0 1 0 0 1 0 0 1 0 0 1 0 0 1 0 0 1 0 0 1 0 -1 -0 0 -1 0 -0 0 1 -0 0 1 -0.7069399 -0.7072736 0.0002231953 0 -1 0 0 0 1 0 -1 0 -0.6259857 0.6259771 0.4650748 -0 -1 0 -0 -1 0 -0 -1 0 -0 -1 0 0 -1 0 0 -1 0 0 -0 1 0 -1 0 0 -1 0 -0.7082154 -0.7059965 0 0 0 1 0 -1 0 0 -1 0 0.7121297 -0.7020479 0 0 -1 0 0 -1 0 0 -1 0 0 -1 0 0 -1 0 0 -1 0 0 -1 0 0 -1 0 -0.6259775 0.6259859 0.465074 0 -1 0 -0.686617 0.6866216 0.2389725 -0.6866147 0.6866239 0.2389727 0 -1 0 0 -1 0 0 -1 0 0 -1 0 -0.7071061 -0.7071074 0 -0.7071061 -0.7071074 -0 -0.7071044 0.7071092 0 -0.7071044 0.7071092 0 -0.7071164 0.7070971 0 -0.7071164 0.7070971 0 -0.6866147 0.6866239 -0.2389728 -0.686617 0.6866216 -0.2389725 0 -1 0 0 -1 0 -0.625971 0.6259794 -0.4650914 0 0 -1 0 -1 0 0 -1 0 0 -1 0 0 -1 0 -0 -1 0 0 -1 0 0 -0 1 0.7121297 -0.7020479 0 -0 -1 0 0 0 1 0 0 1 0 0 1 -0 -1 0 0 0 1 0 0 1 0 -1 0 -0 -1 0 -0 -1 0 0 -1 0 0 1 0 0 1 0 0 0 1 0 -0 1 0 0 1 0 -0 1 -0.7071081 -0.7071055 0 -0.7071081 -0.7071055 -0 0 0 -1 1 0 0 1 0 0 -0.7071069 -0.7071067 0 0 0 1 0.7066996 0.7075137 0.000141887 0 0 1 0 -0 1 0 0 1 0.7076126 0.7066005 -0.0001763804 0.7066447 0.7075685 0.0003427359 0 0 1 0 0 1 0 0 1 0 0 1 0.7071068 0.7071068 0 0.7064584 0.7077537 0.001033411 0.7090028 0.7051991 -0.003034849 0 0 1 0.2078681 0.7665485 -0.6076135 0.7079078 0.7063045 -0.0007824326 0.3589466 0.6169219 -0.7004032 0 0 -1 0.712082 -0.7020963 0 0.712082 -0.7020963 0 0.3496029 0.07687422 -0.9337388 0 0 1 -0.2507412 0.2507379 0.9350183 -0.2507414 0.250738 0.9350183 -0.7071058 -0.7071072 0.0008839251 0 0 1 0 -0 1 -0.4018678 0.4018623 0.8228055 -0.7069398 -0.7072736 -0.0002665026 -0.7071057 -0.7071071 -0.001055436 -0.401862 0.4018674 0.8228058 0 0 1 0 0 1 0 0 1 -0.7082153 -0.7059965 -0 0 0 1 0 -1 0 0 -1 0 -0.5292466 0.5292544 0.6631651 -0.5292538 0.5292467 0.6631655 -0.7082154 -0.7059965 0 -0.7071062 -0.7071074 -0 0 0 1 0 0 1 0 0 1 0 -1 0 0 -1 0 -0.7071164 0.7070972 0 0 -1 0 0 -1 0 0 0 -1 0 0 -1 0.7072953 0.7069178 0.0006724492 -0.7070795 -0.7071341 0 0 0 1 0 0 1 0.7121297 -0.7020479 0 0 0 1 0 -1 0 -0.7071071 -0.7071064 0 -0.7071071 -0.7071064 0 -0 0 -1 0 0 1 0 0 1 0 0 1 -0.08509682 0.08509682 0.992732 0 0 1 0 -1 0 0 0 1 0 0 1 0 0 1 -0.7071064 -0.707107 1.609127e-06 0 -1 0 0 0 1 0 0 1 0.7071069 0.7071067 0 0 0 1 0 0 1 0 0 1 0.7020769 -0.7121012 0 0.7020769 -0.7121012 0 -0.08509748 0.08509625 0.9927321 -0.7069396 -0.7072733 0.0009101969 0 0 1 0 0 1 0 0 1 0 0 1 0 0 1 -0.5889956 0.5806887 0.5620363 -0.5849873 0.5849873 0.5617647 0 -1 0 0 -1 0 0 -1 0 0 0 1 0 1 0 0 1 0 0 1 0 0 1 0 0 -0 1 -0 0 1 -0.7072226 -0.7069907 0.0006049106 -0.7075514 -0.7066607 0.001281924 -0 0 1 -0 0 1 0 0 1 -0.7082154 -0.7059965 0 0 0 1 -0 0 1 -0.7071066 -0.707107 2.996449e-06 -0.7071073 -0.7071064 -6.319147e-06 0 0 1 -0.7071164 0.7070972 0 0 0 1 0 0 1 0 0 1 0 0 1 0 0 -1 0 0 -1 -0.7071062 -0.7071074 0 0 0 1 0 0 -1 0 0 -1 -0 0 -1 0 0 1 0.7121297 -0.7020479 0 0 0 1 0 0 1 0 0 -1 -0 0 -1 -0 0 -1 -0 0 -1 0 -0 1 0 0 1 0 0 1 0 0 1 0 0 1 -0 0 1 0 0 -1 0 0 -1 0 0 1 0 0 1 0 0 1 0 0 1 0 0 1 0 0 1 0 0 -1 0 0 1 0 0 1 0 0 -1 0 0 1 0 -1 -0 0 -1 0 -0 0 1 0 0 1 0 0 1 0 -1 0 0 0 1 0 0 1 0 0 1 0 0 1 0 0 1 0 0 1 0 -0 1 0 -0 1 0 0 1 0 0 1 0 0 1 0 0 1 0 0 1 0 -0 1 0 0 1 -0 0 1 0 0 1 0 -1 0 0 -0 1 0 -1 -0 0 1 -0 0 0 1 -0.6194239 0.7850568 0 -0.6194239 0.7850568 0 0 -1 -0 -0.424654 0.9053558 0 -0.424654 0.9053558 0 0 -1 0 -0.2188766 0.9757525 0 -0.2188766 0.9757525 0 0 0 1 0 0 1 0 0 1 0 -0 1 0 0 1 -0.05256351 0.9986175 0 -0.05256351 0.9986175 0 0 -1 0 0 -1 0 0 0 -1 -0 0 1 -0 0 1 0 0 1 0 0 1 0 0 1 0 0 1 0 0 1 0 0 1 0 0 1 0 0 1 0 0 1 0.2139691 0.9768361 -0.002893432 0.2387397 0.9710836 0 0.5285521 0.8488839 0.005365605 0.9342574 -0.3565649 -0.004958238 0.9498138 -0.3128147 -0.0007262832 0.7663107 -0.642464 0.002800589 0.8113549 0.5845539 -0 0.7812147 -0.6242478 0.004278021 0.5915437 -0.8062705 -0.001975829 0.5606399 -0.8280597 0.0002684052 0.7071067 0.7071069 1.211032e-07 0.621973 0.7830387 0 0.9151546 -0.4031029 0 0.7082008 0.7060111 -0 -0.2139699 0.9768403 0 -0.5285616 0.848895 0 -0.4540326 0.8908981 0.01245093 -0.5849952 0.5849952 -0.5617483 -0.5890034 0.5806966 -0.5620198 -0.7183558 -0.695676 -0 0 0 -1 0 -0 -1 -0.5073416 -0.8617451 0 0.3949973 0.9185133 -0.01762128 0 0 -1 0 0 -1 -0.7071068 0.7071068 0 -0.7071068 0.7071068 0 -0.7069618 -0.7072517 -0.0003527214 -0.7069611 -0.7072523 -0.0003535025 0 0 -1 0 0 -1 -0.7071064 -0.7071071 0 -0.7071066 -0.707107 -1.676567e-06 0 0 -1 0 0 -1 -0.7071065 -0.707107 -1.971148e-06 -0.7071074 -0.7071062 6.669853e-07 -0.1399605 -0.9901571 0 -0.4818348 -0.8762621 0 -0.4818348 -0.8762621 -0 -0.7453197 -0.6667072 0 -0.7453197 -0.6667072 0 0 0 -1 -0.9432592 -0.3320572 0 -0.924035 -0.3822764 0.004910335 -0.993611 -0.1128561 -0.0008330644 0 0 -1 0 0 -1 -0 0 -1 0 0 -1 0 0 -1 0 0 -1 -0.5541404 0.8324232 0 0 0 -1 0 0 -1 -0.5877456 0.8090408 -0.002843684 0 0 -1 0 0 -1 0.5426161 0.8399067 0.01116048 -0.9982432 0.0588036 0.007255753 -0.9874405 0.1579913 6.544301e-06 0.2524332 0.9676144 -3.076409e-07 -0.9173145 0.3981625 0.0008021537 0.04419716 0.9990228 0 -0.9120474 0.4100848 -0.0001449414 0.1115848 0.9937418 0.005094117 -0.7720068 0.6356119 -0.001764799 -0.7535698 0.6573678 0.0003580423 -0.541501 0.8406967 0.002381747 0 0 -1 0 0 -1 0 -0 -1 -0.6188613 0.7854743 -0.006394944 -0.2139699 0.9768403 0 0.7071068 0.7071067 -0 -0.2949694 0.9554961 0.004506425 -0.3760924 0.9265746 -0.003734593 -0.6315554 0.7753307 0 -0.0820499 -0.08205437 -0.9932446 0 -1 0 0.7819714 0.6233144 0 0.7071068 0.7071068 0 0.08509687 -0.08509687 -0.992732 0.5653704 0.8248371 0 0.08509793 -0.08509564 -0.9927322 0.2508578 -0.2508512 -0.9349567 -0 -1 0 0.2508578 -0.250851 -0.9349567 -0 -1 0 0 -1 -0 0 -0 -1 0.4017082 -0.4016974 -0.822964 0.8113549 0.5845539 -0 0.9250832 0.3797649 0 0.9250832 0.3797649 0 0.7067925 0.7074207 0.0003936827 0.9969915 0.07751157 -0 0 -1 0 0.9870059 0.160423 0.009149755 0 -1 0 0 -1 0 0.7071069 0.7071066 0 0.1940989 -0.9809819 3.464657e-06 0.9934812 -0.1139178 -0.004238344 0 -1 0 0 -1 0 0.7071068 0.7071068 0 0.9857455 -0.1682432 0 0.9240934 -0.382164 0.001393074 0.2508577 -0.2508512 0.9349567 0.2508578 -0.2508512 0.9349567 0.8228977 -0.5681894 -0.0003166381 0.8207875 -0.5712336 0 0 0 -1 0.7071068 0.7071067 -0.0001766636 0.7071068 0.7071068 -0 0 0 -1 0 -0 -1 0 0 -1 -0 0 -1 0.08509787 -0.08509561 0.9927322 0.08509678 -0.08509689 0.9927322 0 0 -1 -0 0 -1 0 0 -1 0.9887807 -0.1493681 -0.001361141 -0.8940643 -0.4479386 0 0.9219264 -0.3873649 0.000302165 0.9184569 -0.3955212 -0.0002101175 0.1415718 0.1415737 0.9797521 0.724229 -0.6895574 0.0016904 0 0 1 0.7251387 -0.6886013 0.001527615 0.4189135 -0.9080258 -0.0008043817 0.4192101 -0.9078888 -0.0008262747 -0.01894158 -0.9998206 0 0.1707475 -0.9853137 -0.001465168 0.2901826 -0.9569713 0 -0.1350464 -0.9908391 0.0005553368 0 0 -1 0.7141795 -0.6999627 0 0.1415718 0.1415737 0.9797521 0 -0 -1 0 -0 -1 0.7071058 -0.7071051 -0.001919599 0 0 1 -0.08205556 -0.08205008 -0.9932445 0 0 -1 -0.2430647 -0.2430484 -0.9390671 -0.243059 -0.2430559 -0.9390667 0.7070823 -0.7070816 0.008375576 0 0 -1 -0.8068518 0.590734 0.004848158 0 0 -1 0.515536 0.5155079 0.6844517 0.4688571 0.4688634 0.7485587 0.4714601 0.4648298 0.7494389 0 0 -1 0.6868188 0.6868004 0.2378758 0 0 -1 0.6911634 0.6814434 0.2406825 0.7071065 -0.7071071 0 0.6863375 0.6863192 -0.2406385 0.7071058 -0.7071078 -1.503676e-06 0.8177587 0.5530131 -0.159522 0.7067241 -0.7074887 -0.0008336013 0.7072141 -0.7069995 0 0.7076165 -0.7065964 0.0006747044 0.7071757 -0.7070378 1.975006e-05 0 0 -1 0.7069404 -0.7072731 0.0003968149 0.7071066 0.7071069 0 0.7071654 -0.7070482 2.956705e-05 0.7064363 -0.707774 0.001959451 -0 0 1 -0.7071115 -0.707102 0 0.7071065 -0.7071071 0.0002000289 0 0 -1 0.2838035 -0.9588825 0 0.7082008 0.7060111 0 0 0 -1 0 0 -1 0 0 -1 0.7069404 -0.7072722 0.001120772 0 0 -1 0 0 -1 0 0 -1 0 -0 -1 0 0 -1 0 0 -1 0.707126 0.7070875 0 0 0 -1 0 0 -1 0 0 -1 0 0 -1 0 0 -1 -0 0 -1 0 0 -1 0 0 -1 0 0 -1 0.7071049 -0.7071087 0 -0.7183558 -0.695676 0 0 0 -1 -0.4195961 -0.9076855 -0.006800762 0.7064685 -0.7077442 -0.0006579565 -0.7036473 -0.710547 0.001843611 0.7078342 -0.7063785 0.0004148771 0 0 -1 0 0 -1 0 0 -1 -0.7059531 -0.7082585 -0.0003992204 -0.2837869 -0.9588265 0.01080727 -0.7033843 -0.7108091 0.0009745865 0.7072737 -0.7069399 0 0.5155207 0.5155207 0.6844537 -0.7071068 -0.7071068 0 -0.05137514 -0.9986761 0.002569369 0.2901826 -0.9569713 0 -0 0 -1 0.5639604 -0.8258017 0 0.707126 0.7070875 0 -0.686798 0.6868256 -0.2378638 -0.8307775 0.4406187 -0.3400942 -0.7071115 -0.707102 0 -0.6868165 0.6868072 0.2378638 -0.3891781 -0.3891939 -0.8349063 -0.5158685 -0.5158616 -0.6839345 0.7071087 -0.7071049 7.153081e-07 0.7071076 -0.7071061 2.909723e-07 -0 0 -1 0 0 -1 -0.563963 0.5639554 0.6032413 0 0 -1 0.01894165 -0.9998206 0 0.01894165 -0.9998206 0 -0.2084273 -0.9780378 -0 -0 0 -1 -0.3891874 -0.3891822 -0.8349075 -0.515856 -0.5158768 -0.6839325 -0 0 -1 -0.3735725 -0.9275908 0.004363358 0.7072063 -0.7070072 0.0003927384 -0.1416886 0.1416886 -0.9797187 0 0 -1 -0.5835422 -0.8120804 -0.001993818 0 0 -1 0 0 -1 0 0 -1 0.7072737 -0.7069399 0 -0.6386237 -0.7695169 0.001851465 0.7072153 -0.7069982 0.0002362469 0 -0 -1 0.7072271 -0.7069865 0.0001568032 -0.9337751 -0.3578563 0.001690342 0 -0 -1 0 -0 -1 0 0 -1 -0.03009172 0.9995457 -0.001745192 -0.0755128 0.9971437 0.001413198 -0.7068293 -0.7073841 0 0 0 -1 0.2306639 0.9730333 0.0004240706 0 0 -1 0 0 -1 -0.7099366 -0.7042656 0 -0.7099366 -0.7042657 0 0.7090861 -0.7050978 -0.00584103 0 0 -1 0 0 -1 0 -0 -1 0.7071062 -0.7071075 0.0002014889 0 -0 1 -0.1416886 0.1416886 -0.9797187 0 0 -1 0 0 -1 -0.4013023 0.4013023 -0.8233546 0.7071214 -0.707092 0.0001020853 0.7089589 -0.7052357 -0.004444852 -0.2565261 0.6434688 -0.7212089 -0.2021615 0.678728 0.7060162 0 -1 -0 0 -1 0 -0.354088 0.354088 0.8655884 -0.1416886 0.1416886 0.9797187 -0.1416886 0.1416886 0.9797187 0 0 -1 -0.1311963 -0.1311946 -0.982637 -0.7071056 -0.7071079 1.267696e-05 -0.707107 -0.7071065 -1.159346e-05 0 0 -1 0.01799804 -0.6165766 -0.7870892 -0 0 -1 0 -0 -1 -0.7071645 -0.7070429 -0.00293547 -0.4640576 -0.4181517 -0.7808968 -0.6867961 0.6868237 0.2378745 0.2880485 0.9576045 0.004649587 0.5264069 0.8502162 -0.005299813 0.6149778 0.7885438 0.001042092 0.7525743 0.6585025 -0.002555626 0.78589 0.618366 0.000714781 0.9165214 0.3999852 -0.000558074 0.9477218 0.3190664 0.0044648 0.9879563 0.15469 -0.003648647 0.9971112 -0.0758497 0.004011313 0 0 -1 -0.575613 -0.72721 -0.3739455 0.9999331 -0.01156092 0.0002945908 0.7071505 -0.7070551 -0.00335958 0 -0 -1 0 0 -1 0 0 -1 -0.9902927 -0.1389882 0.001593139 0.497383 0.8675311 -2.305621e-05 0.7071066 0.7071068 -0.0004712848 0.7157437 0.6983626 0.0007859815 0.8742705 0.4852378 -0.0139746 0.9292154 0.3695382 -0.0005014086 -0.6164491 0.7873948 0 -0.3360056 0.9418587 0.0015438 0 0 -1 0.9627004 0.2705662 0.001316161 0.998854 -0.04776989 -0.002959612 0 0 -1 0 -0 -1 0 0 -1 0 0 -1 0.1409324 0.9900144 -0.003071372 -0.02086509 0.9997775 0.003091295 -0.5605091 0.8281466 -0.001647669 -0.2792505 0.9602176 -0.001145956 0 1 0 0.9420563 -0.3354547 0 0 -1 0 -0.7071356 -0.707078 -0 -0.707107 -0.7071065 -5.222736e-07 0 0 -1 -0.7869519 -0.6170133 0.001155618 -0.9836606 -0.1800326 0 0 0 -1 0 0 -1 -0.8551604 -0.5183584 -0.002288949 0 0 -1 0 0 -1 0 0 -1 -0.9838282 0.1791146 0 -0.9550108 0.296562 -0.002325046 -0.7864068 0.617709 0 -0.9123101 0.4095001 0 -0.7064514 0.7077578 0.00231571 0 0 -1 0 -0 -1 -0.2977549 0.9546424 0 0 0 -1 0 0 -1 0 -0 -1 -0.7071059 -0.7071077 1.71592e-06 -0.4340428 -0.9008922 0 -0.7087008 -0.7055086 -0.0009180672 0 0 -1 -0.7098771 -0.70432 -0.002779465 -0.7068293 -0.7073841 0 0 0 -1 -0.7085273 -0.7056834 0 -0.8307407 -0.5566227 -0.006405473 -0 -0 -1 -0.7051036 -0.7091016 0.001997866 0.4113421 0.9114803 -0.001141083 -0.7880275 -0.6156401 0 -0 0 1 0.7606052 0.6492143 -0.0007955201 0 0 -1 -0 -0 -1 -0.9425275 -0.3341283 0 0.5168138 0.8560948 0.002281242 0.8111385 0.5848536 0.0007694 0 0 -1 -0.7071356 -0.707078 -0 0.9554395 0.2951777 -0.002341941 0 0 -1 0 0 -1 0.928237 0.3719894 -0 0 0 -1 0 0 -1 0.9998164 -0.01916051 0 -0 0 -1 0.9981916 -0.06010055 0.001175874 -0 0 -1 0 0 -1 0 0 -1 0 0 -1 0.9123071 -0.4095001 -0.002293712 0.6680618 -0.7441015 -0.002524757 0.615907 -0.7877971 -0.005856252 0 -1 0 0 -1 0 0 -1 0 0 -1 -0 0 -1 -0 0 -1 -0 0 -1 0 0 -1 0 0 -1 0 -0 -1 -0 0 -1 -0 0.3680653 -0.9297743 0.006903832 0 -1 0 0 -1 0 0 -1 0 0 -1 0 0 -1 0 0 -1 0 0 -1 0 0 -1 0 0 -1 0 0 -1 0 -0.2084273 -0.9780378 -0 0 0 -1 1 0 -0 1 0 0 0 -1 0 0 -1 0 0 -1 0 0 0 -1 -0 1 0 0 1 0 0.5583591 0.8295993 0 -0 0 1 0 -0 -1 0.4955671 0.8685198 -0.009299177 0.244015 0.9697708 0.0011133 0 0 -1 0.05256321 0.9986175 0 0 0 -1 0 0 -1 0.1762724 0.9843351 -0.003547139 0 0 -1 0 -0 -1 0 -0 -1 0 0 -1 0 0 1 -0.9836262 0.180213 -0.001702771 0 0 1 0.7071068 0.7071067 0 0 0 1 -0.9128365 0.408321 0.001826546 -0.961506 0.2747142 -0.006181548 -0.7808701 0.6246905 -0.001925905 0 0 1 -0 -0 1 -0.7724282 0.6351014 -0.0009209834 0 0 1 0 0 1 -0.5617501 0.8273054 -0.001545222 0 0 1 -0.6758624 -0.7370265 -0.001457123 -0.9959882 -0.08940075 -0.003853749 -0.9986178 -0.05255707 -0.0006132953 0 -0 -1 0.4818348 -0.8762621 0 0.4818348 -0.8762621 0 -0.3236414 0.9461776 0.00200545 -0.02652158 0.9996473 0.001404992 -0.003814664 0.999988 0.003056163 0.70764 -0.6976786 -0.1117599 0.241983 0.9702802 -0.0006378872 0.7024059 -0.7024342 -0.1149447 0.6031146 -0.5946245 -0.5316715 0.283803 0.958881 0.001788876 0.6082892 0.7936984 0.005202157 0.4895658 0.871961 -0.003041416 0.5978655 -0.5978575 -0.5339692 0.7195986 0.694386 -0.002445818 0.2760436 -0.27604 -0.9206529 0 -0 -1 0 0 -1 0 -0 -1 0.2745525 -0.2784725 -0.9203662 0.1305111 -0.1323746 0.98257 -0.02196986 -0.6190044 0.7850801 0.7696731 -0.6384368 -0.001335845 0.8407294 -0.5414538 0.001373461 0.4646525 -0.4188915 0.7801461 0.8695928 -0.4937651 -0.002092103 0.958662 -0.2843755 0.009892975 0.6666546 -0.6666815 0.3333279 0 0 -1 -0.7071058 -0.7071077 5.97506e-06 0.5754982 -0.7258942 0.3766688 0.9713921 -0.2374511 0.003788176 -0.7071069 -0.7071066 -1.268735e-06 0.9973097 0.07289629 -0.00771484 1 0 0 -0.707107 -0.7071066 9.029801e-07 -0.707097 -0.7071165 -3.559381e-05 -0.7071102 -0.7071035 7.220144e-06 0.9519056 0.3063863 -0.001781106 0.9587088 0.2843894 -0 0.8365543 0.5478633 0.004749738 0.8111784 0.5847988 0 -0.7071792 -0.7070343 0.0003287214 0 0 -1 0 0 -1 0 0 -1 0 0 -1 0 0 -1 -0.7071645 -0.707043 0.002936205 0.7071068 0.7071068 0 -0 0 1 -0.7071794 -0.7070341 -0.0003802971 0 0 1 0 0 1 0 0 1 -0.5188227 0.511547 0.6849398 -0.3919102 0.3864144 0.8349193 0.7071069 -0.7071067 6.291423e-07 -0.3870324 0.3925584 0.8343284 0.7071068 -0.7071068 0 0.707104 -0.7071095 0 -0.241342 0.2447714 0.9390639 -0.2413328 0.2447785 0.9390644 -0.08252263 0.0813654 0.9932622 0 0 1 0 0 1 -0.08152317 0.08268157 0.9932359 0.3566886 0.3516628 -0.8655094 0.1431291 0.1411124 -0.9795924 0.1400296 0.1420289 -0.9799079 -0.7071069 -0.7071066 -3.114723e-06 0.7071069 -0.7071066 8.697838e-06 -0.7071068 -0.7071068 -2.622393e-06 -0.7071044 -0.7071091 -4.216716e-06 -0.7071065 -0.7071071 3.263638e-06 0.2060482 0.6779295 -0.7056597 -0 -0 1 0 -0 1 -0.5122154 0.5195288 0.6839044 0.5638754 0.5638677 -0.603405 0 0 1 -0.7071059 -0.7071077 1.375571e-06 -0.7071075 -0.7071061 -2.457139e-06 0.5849951 -0.584979 0.5617653 0 0 1 0.5889764 -0.5807093 0.562035 -0 0 1 -0.7071077 -0.707106 -0 -0.7071089 -0.7071047 -2.98815e-06 -0.7070795 -0.7071341 0 -0.7070795 -0.707134 -0 0 0 1 0 0 1 0.2430582 -0.2430549 0.9390671 -0 0 1 -0 0 1 0.3894848 -0.3894796 0.83463 -0 0 1 0.3894731 -0.3894888 0.8346311 0 0 1 0 0 1 0 -0 1 0.5155242 -0.5155449 0.6844327 0.5155241 -0.5155449 0.6844327 -0.8222488 0 0.5691282 0 0 1 0 0 1 0 0 1 -0.7071384 -0.7070752 0.0001278058 0 0 1 -0.6633615 -0 -0.7482991 -0.7071548 -0.7070588 0.0001063211 0 0 1 0 0 1 0 0 1 0 0 1 0 -0 1 -0.7071214 -0.7070921 0.0001454014 0 -0 1 0 0 1 0 0 1 -0.7081123 -0.7060999 0 -0.9573679 -0.2888714 -0 -0.7069851 0.7072284 0 -0.7072389 0.7069741 0.0008943725 0.08202135 -0.08202468 0.9932494 0 0 -1 0 0 -1 0.08252224 -0.08136502 0.9932622 -0.7071066 0.707107 0.0001005781 0.2430525 -0.2430623 0.9390666 -0.7071069 -0.7071067 1.718421e-06 -0.7071071 -0.7071064 1.175401e-06 -0.7071074 -0.7071062 1.034713e-06 0.7071068 0.7071068 0 0.7072179 -0.7069955 -0.0003828288 0.7069907 -0.7072222 0.0009311811 0 0 1 0.7071068 0.7071068 0 0.5889843 -0.5807173 -0.5620186 -0.7072226 -0.7069906 0.0006035325 0.1801588 -0.9836348 -0.002319675 -0.564172 -0.8256572 0 0.5850028 -0.584987 -0.5617489 0.7120867 -0.7020916 0 0.7120867 -0.7020916 0 -0.1802623 -0.9836179 0.001140402 -0.2191385 -0.9756938 0 -0.7071066 -0.7071068 -0 -0.7020769 0.7121011 0 -0.7020769 0.7121011 0 -0.8117296 -0.5840334 0 -0.7071068 -0.7071067 1.028881e-07 -0.7071076 -0.707106 0 -0.7071071 -0.7071065 1.21497e-06 0 0 -1 0 0 -1 0.7070925 -0.707121 0 0 0 -1 0 0 -1 0 0 -1 -0 0 -1 -0.8203616 0.5718021 0.00702861 -0.73607 0.6769054 0 -0.9486783 0.316225 -0.00337276 -0.963923 0.2661807 0 0.7071236 -0.70709 4.517147e-05 -0.9988725 -0.0474714 -0 0.7068282 -0.7073852 0 -0.9969951 -0.07742378 -0.002528501 -0.9155677 -0.402137 0.00462973 0.2396916 0.970848 -0.00137259 -0.9848704 0.1298915 0.1147101 -0.2029113 -0.2029168 -0.9579415 -0.2009838 -0.2038507 -0.9581495 0 0 -1 -0.504687 -0.4975825 -0.7054805 0 0 -1 0 0 -1 -0.4999974 -0.5000108 -0.7071009 -0.364835 0.9310648 -0.003701397 -0.4816511 0.876363 0 0.4871061 0.8733428 0.0002178726 0 0 -1 0.1480061 0.9889212 -0.01136364 0.4479548 0.8940511 0.003003176 0.1084889 0.994077 -0.006400226 -0.1055434 0.9944134 0.001588598 0 0 -1 0 0 -1 0 0 -1 0 0 -1 0 0 -1 -0.2982841 0.9544743 -0.00231632 -0.3397267 0.9405242 0 -0.9843564 -0.1761145 -0.005115692 -0.9834741 -0.180986 -0.004769949 -0.9104479 -0.4136229 -0.0008034766 0.833165 -0.5530237 -0.0009830839 -0.8762405 -0.4818501 -0.004808104 0.9549448 -0.2967832 -0.0001890532 0.9501144 0.3119004 -0.0008084424 0.9708266 0.2397827 0 0.881906 0.4705945 -0.0279735 0.7071069 -0.7071067 0 0.7147719 -0.6993576 0.0001687541 0.8310778 -0.5561547 -0.001305045 0.6712787 -0.7412052 0 0.7070925 -0.707121 0 0.9527884 -0.3036347 0.0004519675 0.9986583 -0.05176653 0.001353872 0.9976867 -0.06797937 0 0 0 -1 -0 0 -1 0 -0 -1 -0 0 -1 0 0 -1 0 0 -1 0 0 -1 0 0 -1 -0 0 -1 -0 0 -1 0 0 -1 0 0 -1 -0.7768263 -0.6297029 0.003905726 0 -0 -1 -0.5326819 -0.8463136 0.001815488 0.7869138 0.6170627 0.0005859949 0 0 -1 -0.3060072 -0.9520245 0.003003383 -0.458176 -0.8888583 -0.002380936 -0.2498658 -0.9682552 0.00700197 0.01830296 -0.9997519 -0.01269604 -0 0 -1 0.08115159 -0.9966905 -0.004752165 0.2504289 -0.968135 0 0 0 -1 -0.9995881 -0.02861302 0.00220894 -0.9546383 0.2977586 -0.002349007 -0.999978 -0.006636039 -0 -0 0 -1 -0.9526951 -0.3039274 0 -0.8270058 -0.5621935 -0 0.8047898 -0.5934424 -0.01180722 -0.7752959 -0.6315162 -0.01016885 0.8679421 -0.4966654 0 0.9945686 -0.1040827 -0.0005126199 0.9950093 -0.09978265 0 -0.9572102 0.2893929 0.0004934469 0 0 -1 0 -0 -1 0 0 -1 0 0 -1 -0 0 -1 -0.9595137 0.2815412 0.008249856 0.7071069 0.7071066 0 -0.7071045 -0.7071092 8.612671e-07 -0.9843474 0.1760091 -0.009004694 -0.2965637 -0.9550131 0 0.8117338 0.5840275 0 -0.7071697 -0.7070438 8.103757e-05 -0.7072068 -0.7070068 0 -0.706107 -0.7081051 0.0003730645 -0.707837 -0.7063756 -0.000417094 -0.7071064 -0.7071072 1.55438e-06 -0.7071072 -0.7071064 -1.265145e-06 -0.7071074 -0.7071061 0 0.6546878 -0.7558942 -0.002775482 0.1531231 0.9881956 0.00476563 0.7077603 -0.7064527 0 -0.09226868 0.9957253 -0.004197434 -0.5848557 -0.8111374 0 -0.8006133 0.5991524 0.005899931 0 -0 -1 0.7071045 0.7071051 -0.00233342 0.4544274 0.8907822 0.001671882 -0.2091318 0.9778858 0.001783796 -0.4891049 0.8721806 -0.008797568 0.9546421 -0.2977556 0 -0.5560715 0.8311344 0 -0.8360476 0.5486569 0 -0.8357807 0.5490574 0.002584432 -0.6238999 0.7815026 -0.001601375 0 -0 -1 -0.73607 0.6769054 0 0 -0 -1 0 0 -1 0.8146634 0.5797228 0.01565357 0.9519461 0.3062644 0.0008623319 0.9472305 0.3205525 -0.0006776725 0.733611 0.6795697 5.025594e-05 0.5864025 0.8099955 -0.006273183 0.9671053 0.254374 -0.001092174 0.9995834 0.02865978 0.003439166 0 0 -1 0 -0 -1 0 0 -1 0 0 -1 0 0 -1 0 0 -1 0.9921129 -0.1250999 -0.007872105 -0.9959477 -0.08992533 0.001303914 0 -0 -1 0 -0 -1 0 0 -1 0.9479889 -0.318273 0.004402206 -0.9537972 -0.3004334 0.003261145 0.7810533 -0.6244097 -0.00826455 -0.8007683 -0.5989742 0 0 0 -1 0 0 -1 0 0 -1 -0.03432341 -0.9994108 0 -0.9244878 -0.3811469 0.00702677 0 0 -1 -0.3146173 -0.9492168 0.001868239 -0.3378665 -0.941194 0 0 0 -1 -0.5854173 -0.8107285 -0.002416091 0.9780036 -0.2085469 -0.004133425 -0.8007683 -0.5989742 0 -0.7136279 0.7005185 -0.003003656 -0.8514372 0.524455 0.001345857 0 0 -1 -0.7208328 0.6931086 -0.0007023081 -0.6820748 -0.6724733 -0.2873213 -0.8642365 0.5030838 -0.001408273 0.7071813 -0.7070321 -0.0001220611 -0.8084168 -0.588564 0.00739879 0.707083 -0.7071161 -0.004528966 0.3476564 -0.9376215 -0.001002396 0.7071105 -0.7070444 0.009109775 0.6201272 -0.7844991 0.001837124 0.3171853 -0.9483505 -0.004987026 0 0 -1 0.7071068 -0.7071067 -1.121349e-07 -0.8386472 0.5446725 0.001625612 -0.9870316 0.1604668 -0.004365118 -0.03105053 -0.9995177 0.000270316 -0.9919713 0.1264501 -0.001833522 0 0 -1 0 0 -1 -0.8520443 0.5234689 -0.0008703601 -0.9947401 -0.102429 0.0005539797 0 0 -1 0 0 -1 -0.9962311 0.08672794 -0.001264044 -0.9975363 0.07015104 0 -0.9666518 0.2560944 0.0003073971 -0.9467863 0.3218629 0 0 0 -1 -0.8914473 0.4530125 0.01007244 -0.9712893 0.2378978 -0.001351981 0.7071073 -0.7071062 0 0.7071054 -0.7071081 0 0.7071062 -0.7071073 4.80552e-07 0.7071112 -0.7071024 5.447003e-06 0 0 -1 0 0 -1 0.7101946 -0.7039886 0.004876554 0.5848459 0.5848778 -0.562026 0.7069402 -0.7072727 -0.000902915 0.7069901 -0.7072217 -0.001574497 0 0 1 -0.7078968 -0.6979131 0.1086253 -0.5426458 0.8399616 0 -0.5426458 0.8399616 0 -0.7026548 -0.7026926 0.1118 -0.9589735 -0.2834953 0.0006182825 0.5848762 0.5848292 0.562045 0.584838 0.5848699 0.5620424 -0.6031244 -0.5946184 0.5316671 -0.5925987 -0.6010599 0.5362405 -0.2759958 -0.275992 0.9206817 0.584884 0.5848371 -0.5620288 -0.2745048 -0.2784242 0.9203951 0.7071353 0.7070783 0 0.7071353 0.7070783 0 -0.6673583 -0.6673942 -0.3304814 0.9696308 0.2445617 0.002397817 -0 -0 -1 0.7070154 -0.7071981 0.0002260143 0 0 -1 0 0 -1 0.7147738 0.6993548 -0.001232655 0.7071065 -0.7071072 -0.0002012009 0.8453993 0.5341232 -0.003519915 0.9444615 0.3286124 0.002502015 0.7071824 -0.707031 0.0004168887 0 0 1 0.7071061 -0.7071074 -6.605403e-06 0.8944206 -0.4472058 0.004322552 0.9970722 -0.07639214 -0.003342767 0 0 1 0.785895 -0.6182915 -0.009199796 -0.2524354 0.9676138 0 -0.146216 0.9892226 0.007718053 -0.5848537 -0.5848537 0.5620429 -0.04419716 0.9990228 0 0 0 -1 0.7070181 -0.7071882 -0.003198785 0 0 -1 0 0 -1 -0.7071066 0.7071069 0 0 0 -1 0 0 -1 0 0 -1 0 0 -1 0 0 -1 0.1420299 0.1400286 0.9799079 -0.8918266 -0.4523738 0.001839649 -0 0 -1 -0.7151701 -0.6989133 -0.007208542 0 0 -1 0 -0 -1 0 0 -1 0 0 -1 -0.6313534 -0.7754952 -1.21402e-05 0.9720229 0.2348655 0.003105817 -0.4344037 -0.9007142 -0.002699153 -0.5410815 -0.8409641 0.003193288 0.8642276 0.5030996 -0.001284235 0.8380206 0.5456367 0.001403536 -0.1925865 -0.9812771 0.002392101 0.1411133 0.1431281 0.9795925 -0.1731976 -0.9848779 0.004216172 0.6791532 0.7339776 -0.00528186 0.2418037 -0.9703138 -0.004713595 0 0 -1 0.6115277 -0.7912109 0.004378178 0.7475433 -0.6642089 -0.002374064 0.707104 -0.7071095 0 0.7071073 -0.7071062 0 0 0 -1 0.8902081 -0.4555248 0.005167484 0 0 -1 0.1980691 -0.9801874 0.001051297 0.9950817 -0.09889045 -0.005755945 0.7033841 -0.7108092 -0.000974697 0.5589213 -0.8292183 0.001998236 0.6376489 -0.7702704 0.009338918 0.8129754 -0.5822858 -0.003751137 0.8693313 -0.4942174 0.003480721 0 0 -1 0.4040774 0.3983839 0.8234147 -0.707107 0.7071066 0 0.2589689 0.6434328 0.7203675 0 -0 -1 0 0 -1 0 0 -1 -0 0 -1 0 -0 -1 0 0 -1 -0 0 1 -0.9703766 0.2415469 -0.004948614 0.686822 0.6868128 -0.2378315 -1 0 0 -1 0 0 0 0.7071014 -0.7071122 0 0.7071014 -0.7071122 0.7071068 -0.7071067 -8.751102e-06 0 1 0 0 1 0 3.469798e-06 -0.6740867 0.7386522 -0.0005820064 -0.7114277 0.702759 0.3123669 -0.9499593 -0.002048202 -0.7337652 -0.6794031 0 0 0 -1 -0.9344616 -0.3555038 0.01996364 0.7069621 -0.7072513 0.0003525318 0.7069616 -0.7072518 0.0003530828 0.7071068 -0.7071068 0 0.7072228 -0.7069905 -0.0006041506 -0.7071068 0.7071068 -4.238611e-07 0.7022071 -0.7119568 -0.004768461 0.8506949 0.5256598 0 0.7094018 -0.7048007 0.002252488 -0.5848616 -0.5848616 -0.5620266 0.6227744 0.7823866 0.00483375 0.6819091 0.6916825 0.2378555 0.7071916 -0.7070211 0.001153521 0.8297454 0.4415668 0.3413816 0.7073689 -0.7068439 0.0009873598 0.6814241 0.6911905 -0.2406593 0.7071205 -0.7070929 -0.0001005003 0 0 -1 0.7067071 -0.7075058 -0.0007614278 0.9962217 0.08672711 0.004542441 -0.9989275 0.0462724 0.001615975 -0.9639204 -0.266178 -0.002585031 0.7071105 -0.7070443 -0.009112481 -0.957776 -0.2874829 -0.004305169 0.7071666 -0.7070469 0 0.7069403 -0.7072728 -0.0007895814 -0.9956506 -0.09316478 -0 -0.9956506 -0.09316478 -0 -0.9508978 -0.3095049 0 -0.9508978 -0.3095049 -0 0 0 -1 0 0 -1 0 0 -1 0.712082 0.7020963 0 0.712082 0.7020963 0 -0.9933454 -0.1151623 -0.001552038 0 -0 1 0.7073426 -0.7068703 0.0009347769 -0.9424474 -0.3343275 0.004229161 0.7071065 -0.7071071 0 0.7071065 -0.7071071 0 0 0 1 0 -0 -1 -0.2903045 -0.9569335 -0.001249138 -0.7071068 -0.7071068 0 -0.7071068 -0.7071068 -0 0 0 -1 0 0 -1 0.7071061 -0.7071074 -3.361206e-06 0.7071025 -0.7071111 0 0.7071025 -0.707111 0 0.7071066 -0.7071068 0 -0.7121297 -0.7020479 0 -0.7121297 -0.7020479 -0 0.7071075 -0.7071061 0 0 0 -1 0 0 -1 0 0 -1 0 0 -1 -0 0 -1 0.6164488 0.7873949 0 -0.8170161 -0.5766148 0.0003287887 0.7064416 -0.7077713 0 -0.575017 -0.8181415 -0 0.2977541 0.9546426 0 -0.5822938 -0.812978 -0.0007706772 -0.7071068 -0.7071068 0 -0.3278942 0.9447125 -0.001881204 -0.3040774 -0.9526473 0 0.01030797 -0.9999467 0.0007335852 0.7071025 -0.7071111 0 0.03105069 -0.9995154 0.002209779 0.0191263 0.9998125 -0.003025436 0.712082 0.7020963 0 -0.4102557 0.9119698 0.001175231 0 0 1 0.7064416 -0.7077713 0 0.7069404 -0.7072729 0.0006612678 0.7071065 -0.7071071 0 0.7071065 -0.7071071 0 0 0 -1 0.712082 0.7020963 -0 -0.9998171 -0.01912718 0 -0 0 1 0 0 1 -0.7071068 -0.7071068 0 -0.7326111 0.6806139 -0.006760193 -0.9981916 -0.06010055 -0.00117888 0 0 -1 -0.9149271 0.4035907 0.004800586 0 0 -1 0 -1 -0 0.7071075 -0.7071061 0 -0.9978204 0.06568112 0.006360407 -0.7120914 -0.7020867 0 -0.7120914 -0.7020867 0 -0.9642922 -0.2648343 -0.00183932 0.7071173 0.7070963 -0.0001225169 0.7071061 -0.7071075 2.814981e-06 0.7071068 0.7071068 -0.0001770406 -0.8083869 -0.588649 0.001696725 -0 0 1 0.7071068 0.7071068 0 -0.7071068 -0.7071068 0 -0.2965637 -0.9550131 0 0.1392281 -0.9902604 0 0.4472112 -0.8944232 0.003041034 0.5893526 -0.8078759 -9.500001e-05 0.7874499 -0.6163776 -0.001163289 0.7071025 -0.707111 0 -0.7121297 -0.7020479 -0 -0.146491 -0.9892072 0.003073124 0.3378665 -0.941194 0 -0.3705186 -0.9288163 -0.004025994 0.5854114 -0.8107364 0 -0.3708014 -0.9287035 -0.004004962 -0.7121297 -0.7020479 0 0.8007762 -0.5989637 0 -0.5697238 -0.821836 0.0006032277 0.9090015 -0.4167928 0 0.707117 -0.7070965 1.440465e-05 0.7071189 -0.7070946 1.904873e-05 0.7052422 -0.7089604 -0.00292266 -0.6958447 -0.3708407 0.6150426 -0.2024204 -0.202415 -0.9581514 -0 0 -1 0.7071108 -0.7071027 0 0.7071083 -0.7071052 -1.438586e-06 0.7070994 -0.7071141 -1.037537e-05 0.7071042 -0.7071094 -3.662013e-06 -0.470667 -0.05800167 -0.8804024 0 0 -1 -0 0 -1 0.7068282 -0.7073852 0 0 0 1 0.5854114 -0.8107364 0 -0.003353836 0.9999934 -0.001365887 0.8007762 -0.5989637 0 -0.8116941 -0.579394 -0.07385963 -0.5976207 -0.600138 0.5316802 -0.2014088 -0.2042817 0.9579684 -0.05943348 -0.4681075 0.8816707 -0.663396 0 0.7482685 0.6251119 0.7805216 -0.004601427 -0.4102212 -0.5864737 -0.6984033 0.7066151 -0.707598 0.0002340979 -0.8222688 0 -0.5690993 -0.9926162 0 -0.1212969 0.9118738 0.4104709 0 0 0 -1 0 0 -1 0 0 -1 0 0 -1 0 0 -1 0.2386895 -0 0.971096 0 -0 -1 0 0 -1 0.4649307 0 0.885347 0 0 -1 0 0 -1 0 -0 -1 0 0 -1 0 0 -1 0 0 -1 0.823196 -0 0.5677572 -0.6172046 0.7868022 -0.0008382929 -0.5168126 0.8560955 -0.002281268 0.7080322 -0.7061782 -0.001651293 -0.3185574 0.9478995 -0.002780412 -0.8117324 0.5840292 -0.0007595821 -0.9552132 0.2959093 0.002334811 -0.06801769 0.9976833 0.00121333 0.1952764 0.9807481 0.0006130204 0.2763401 0.9610471 -0.00496591 0.7071139 -0.7070997 -1.005614e-05 0.4547068 0.8906357 0.003110626 0.7071066 -0.7071068 0 0.7572082 0.6531457 0.006021208 0.6112098 -0.7914659 -0.00210021 0 0 -1 0.3902759 -0.9206936 0.002816917 0.707099 -0.707114 0.0008461443 0.3797548 -0.9250856 0.00172829 0.707106 -0.7071071 0.0008075353 0.1618648 -0.9868118 -0.001553859 0.1341029 -0.9909673 0.0003310975 -0.09200683 -0.9957579 -0.001065592 0.6633634 1.32352e-05 -0.7482974 0.1415757 0.1415719 -0.9797519 -0.5758035 -0.8175882 0 0.7071068 -0.7071067 4.712081e-07 -0.9351602 0 0.3542253 0 -0 -1 -0.8222488 0 0.5691282 -0 0 -1 0 0 -1 0 0 -1 0 0 -1 0.6194254 -0.7850555 0 0.6074504 -0.7943568 0.001113752 0.4298439 -0.902902 -0.001482697 0.4307916 -0.9024503 -0.001414325 0.2183732 -0.9758652 0.0003671459 -0.1409341 0.9900143 0.003071392 0.3518254 0.07473581 -0.9330774 0.1951282 -0.9807762 -0.001757032 -0 0 -1 -0 0 -1 -0.5848537 -0.5848537 0.562043 -0.7071068 -0.7071068 -0 0 0 -1 -0.7071068 -0.7071068 -0 -0.3662841 -0.9304419 0.01067475 -0.07460564 -0.997213 0.0004432124 0.7072228 -0.7069904 -0.0006032489 0.7071071 -0.7071065 0 0.6644003 -0 0.7473769 -0.09867543 -0.9951184 -0.001572554 0.663398 1.323589e-05 0.7482668 0.7068959 -0.7073175 0 -0.4134702 -0.9105099 0.003732126 0.8222506 1.640527e-05 0.5691256 -0.5848616 -0.5848616 -0.5620266 0 0 -1 -0.5712317 -0.8207848 -0.002575597 -0.7044278 -0.7097717 0.002367738 0.7071064 -0.7071071 -6.698781e-06 0.180264 -0.9836175 0.001194043 -0.6965916 -0.7174679 -0 0.5837051 -0.81196 -0.00301542 0.7071727 -0.7070022 0.007387463 0.8555132 -0.5177761 0.002282523 0.7071068 -0.7071068 0 0.7071068 -0.7071068 0 0.7070219 -0.7071899 -0.001587754 0 0 -1 0.7069303 -0.7072828 -0.0006628107 -0.9123068 -0.409501 0.002273238 0.7071068 -0.7071068 0 -0.7071068 -0.7071068 0 0.7071205 -0.7070931 -0.0001346267 -0.94186 -0.3360056 0 0.9836181 -0.1802648 0 0.7071067 -0.7071067 0.0004934478 0.9902591 -0.1392278 -0.001590866 -0 0 -1 0.9839112 0.1786581 0 0.9550107 0.2965621 0.002339884 0.7873948 0.6164491 -0 0.7071516 -0.7070619 0.0003588521 -0.9926162 0 0.1212969 0.3360049 0.941859 -0.001543802 0.2777672 0.5693034 -0.7737823 0.7073847 -0.7068287 -3.7111e-05 -0.7613384 0.6483542 0.0008063728 0.7068248 -0.7073797 0.003544841 -0.4657168 0 -0.8849338 0.7071325 -0.7067714 -0.02092428 -0.9279954 0.3725914 0 0.7073181 -0.7068953 -0.0003779057 -0.8222688 0 -0.5690993 0.7071068 -0.7071068 0 0.7071068 -0.7071068 0 0 0 1 0.7070549 -0.7071506 0.003373836 -0.2386895 -0 -0.971096 -0.7071791 -0.7070345 0.0002706459 0.7071139 -0.7070996 -1.659779e-05 0.7071068 -0.7071068 0 0.7071068 -0.7071068 0 0.9666626 -0.2560536 0 0.5732052 0.4810593 -0.6633384 0.2386895 0 0.971096 0.2024181 -0.2024154 -0.9581518 0.7071067 -0.7071069 0 0.7071814 -0.7070321 0.0001220224 0.7071666 -0.7070469 0 0.7080051 -0.7061919 0.00466098 0.7071067 -0.7071069 -1.505334e-06 0.7071182 -0.7070889 0.003021967 0.7071068 0.7071068 0 0.7068279 -0.7073827 0.002034361 0 0 -1 0.2973825 -0.9547578 0.001154278 -0.7075954 0.7066156 -0.001751445 -0.7093537 0.7048528 0 -0.8240417 0.5665227 0.002703454 -0.7071066 0.707107 -0.0001005781 -0.7071056 0.707108 -9.672239e-06 -0.8548217 0.5189211 -0.0008743478 -0.7069739 0.7072394 -0.0005945925 -0.9416242 0.3366599 0.002012964 0 -0 -1 -0.9901679 -0.1398302 0.00390778 0.6643657 0 -0.7474076 -0.7072151 0.7069983 0.0004672111 -0.7071068 0.7071068 0 -0.9876483 -0.1566594 0.002958385 -0.7069851 0.7072284 0 -0.9285806 -0.3711192 0.002913576 0.7071258 0.7070878 -0 -0.7070973 -0.7071163 0 0 0 1 -0 0 1 -0.4657652 0 0.8849083 -0.7947443 -0.6069444 2.827317e-05 -0.7071068 0.7071068 0 -0.7071068 0.7071068 0 -0.2386895 0 0.971096 -0.7147708 -0.699358 -0.0009722869 0.7071258 0.7070878 0 0 0 -1 -0.7070973 -0.7071163 -0 -0.6633615 0 -0.7482991 -0.9351602 0 -0.3542253 0.8850635 0.4654703 7.368785e-05 -0.7071438 0.7070698 0.0001645215 0.9744638 0.2245264 0.002864682 0.9989291 -0.0462672 0 -0.7070817 0.7071316 0.0006888011 0.8225396 -0.568708 0 -0.9338309 0.3576939 0.003882084 -0.525489 -0.5330067 -0.6631479 -0.5294356 -0.5294217 -0.6628805 0 0 -1 -0.3988468 -0.4045527 -0.822957 -0.4018707 -0.40186 -0.8228052 0 0 -1 0 0 -1 0 0 -1 -0 0 -1 0.05789809 -0.4708321 -0.880321 -0 0 1 -0.7071068 0.7071068 0 0.8538008 -0.5205659 -0.005952536 -0.7071258 -0.7070878 -0 -0.9926355 0.1210518 -0.004616117 -0.7071273 0.707086 -0.0005695773 -0.9955743 0.09395144 -0.002231731 -0.9343508 -0.3563515 0.001480413 -0.808007 -0.5891718 -0.001147748 -0.7071258 -0.7070878 0 -0.6865575 -0.6865207 -0.2394327 -0.6914703 -0.6817365 -0.2389651 -0.6259835 -0.6259668 -0.4650916 0 0 -1 -0.6305428 -0.6216668 -0.4647 -0.7071273 0.707086 0.0005696708 0 -0 -1 0 0 -1 0 0 -1 -0 0 -1 0 0 -1 0 0 -1 0 0 -1 0.8641394 0.5032451 0.002738527 0.9663325 0.2572966 0 -0.7070816 0.7071316 -0.0006888238 -0.7025194 -0.7116621 0.001941863 -0.7055287 -0.7086812 -0.0004270162 0.9888031 -0.1490928 0.006318183 -0.7062387 -0.7079734 -0.0007772418 -0.7071068 0.7071067 0 -0.7054843 -0.7087252 -0.0006572626 -0.8363495 -0.5481961 -0.0007578303 -0.707105 -0.7071086 -0 -0.7071065 -0.707107 0 -0.8310803 -0.5561525 0 -0.9570994 -0.2897598 0 -0 0 1 0.9848773 0.1298544 -0.1146931 -0.9996728 -0.02558237 -0 0.8116947 -0.5793921 0.07386764 -0.707215 0.7069983 -0.0004672106 0.5976237 -0.600139 -0.5316758 -0.9962698 0.08598649 -0.007264855 -0.7071908 0.7070227 0 0.6951108 -0.373241 -0.6144201 -0.7071726 0.707041 -2.293362e-05 -0.798659 0.601784 0 0.2024176 -0.2024149 0.9581521 0.2024194 -0.202414 0.9581518 -0.6171878 -0.786815 0.001161955 -0.8563408 -0.5164059 -0.002328572 0.5058704 -0.4987426 0.7038118 -0.954482 -0.2982685 0 0.5011915 -0.501178 0.7054273 -0.399009 -0.4047172 0.8227975 -0.9836153 -0.1802647 -0.002338794 -0.4017085 -0.4016978 0.8229637 0.9926159 0 -0.1213007 -0.5256547 -0.5331746 0.6628816 -0.5292571 -0.5292429 0.6631657 -0.7205005 -0.693454 0.0007848043 -0.6261321 -0.6261152 0.4646918 0.6820794 -0.6724687 0.2873213 -0.6304054 -0.6215312 0.4650678 -0.6866375 -0.6866006 0.238974 -0.9570994 -0.2897598 0 -0.7071069 -0.7071067 -4.431836e-06 -0.7071069 -0.7071066 -2.947327e-06 -0.7071068 -0.7071068 0 -0.7071101 -0.7071036 1.242322e-05 -0.4648824 -0 -0.8853725 -0.6913892 -0.6816565 0.2394271 -0.7071438 0.7070698 -0.0001645215 -0.7071792 -0.7070343 -0.0003259893 0 0 -1 -0.7071645 -0.7070431 -0.002936692 -0.7069739 0.7072394 0.0005945925 -0.7062095 -0.7078663 0.01391505 0 0 -1 -0.7071069 0.7071068 0 0 0 -1 0 0 -1 -0.9700471 0.2428829 0.004067464 -0.9232047 0.3843015 -0.002331486 -0.7070151 -0.7071967 -0.001580216 -0.8265365 0.5628667 0.00429442 -0.7071069 -0.7071067 2.417831e-06 0 0 -1 0 0 -1 -0.7073914 -0.7068214 0.0009574878 0 0 1 -0.7121012 0.7020769 0 -0.7071068 0.7071067 0 -0.7071074 -0.7071062 0 0 0 -1 -0.2508578 -0.250851 -0.9349567 0 0 -1 0 0 -1 -0.08509694 -0.08509694 -0.992732 -0.248957 -0.2525186 -0.9350159 0 -1 0 0.9836122 0.1802642 0.003433811 -0.08445121 -0.08565936 -0.9927389 0.2386895 0 0.971096 -0.7072389 0.7069741 -0.0008941325 0 0 -1 0 0 -1 0.9351614 0 0.354222 0 0 -1 0 0 -1 0.9998856 -0.01439724 -0.004638367 0 -1 0 0 -1 0 0.9795227 0.2013337 1.620981e-05 0 -1 0 -0 -1 0 0 -1 0 0 -1 0 0 -1 0 0 -1 0 0.9467857 0.3218537 -0.0026565 0.8883176 0.459205 0.004766248 0.9639742 -0.2659955 -0.0003103273 0.7105857 0.7036101 -0.0008822994 0.9090015 -0.4167928 0 0.9814934 -0.1914962 0 0.7136312 0.7005217 -0 0.8109655 0.585093 0.0010269 0 -1 0 0.8384013 0.5450341 0.004592973 0.9773598 -0.2115794 -0.001427462 0 -1 0 0.9401553 0.3407195 -0.004270721 -0 -1 0 -0 0 -1 0 -1 0 0 0 -1 0 0 -1 0 -1 -0 -0.7071068 -0.7071067 -0 0.2386895 0 -0.971096 0.9684764 0.2490828 0.00334504 0 -0 -1 0.9351614 0 -0.354222 -0.5692794 -0.8221368 0.003479678 0.9990596 -0.04306391 -0.005049662 0.9987818 0.04912076 0.004691298 -0.5473852 -0.8368808 -0 0.9705964 -0.2407003 -0.002459653 0.8750159 -0.4840938 -0.0005647741 0 0 -1 0 0 -1 0 0 -1 0 -0 -1 0 0 -1 0 -1 0 -0.2736364 -0.9618325 -0.001160569 0 -1 0 0 -1 0 0.9217515 -0.3877598 -0.004076161 0.7889885 -0.6143952 0.003949735 0 -1 0 0 -1 0 0.2677387 -0.9634896 -0.001973348 0 -1 0 0.9344875 1.871588e-05 -0.355996 0.9351602 0 -0.3542253 0.6866838 -0.7269531 0.002128201 0.08416403 0.996452 -0 0 -1 0 0 -1 0 -0.3879549 0.9216784 0.0001625406 0 -1 0 0 -1 0 0 -1 0 -0.9560134 -0.2933218 -0.0008220962 0 -1 0 -0 -1 0 -0.7066156 -0.7075976 0 -0.7071069 -0.7071067 0 -0.5893476 -0.8078774 -0.001925867 0 -1 0 -0 -1 -0 -0.5726229 -0.8198189 0 0.9902171 -0.1395162 -0.002282026 0.9879585 -0.1547132 -0.001374354 0.9415113 -0.3369814 -0.000194615 0 0 -1 0.7578189 0.6524573 -0.003146886 0.8113846 -0.5845127 0 0.4649307 -0 0.885347 -0.1457749 -0.9893177 0.0004429498 0 0 -1 0 0 -1 -0.7070996 0.7071139 0 0.1670558 -0.9859474 0 0.932802 0.3603444 0.005690513 0.1757295 -0.9844381 -0.0008959191 -0.4649308 0 0.8853471 -0.2386895 0 0.971096 0.9351602 -0 0.3542253 0.07953481 -0.9968306 0.001689661 0.9418586 -0.3360062 -0.00154379 -0.9981898 0.06009748 0.002304921 -0.7071341 0.7070794 -5.293832e-05 -0.9113357 0.411664 0 -0.7071209 0.7070928 -5.757573e-05 0.6940672 -0.7199101 -0.0001546078 0.1802676 0.9836148 -0.002338944 -0.06010011 0.9981897 0.002304876 0.2982789 0.9544787 0 0.1325243 0.9911752 0.002985298 -0.9351602 0 -0.3542254 0.5152531 0.8570349 -0.00232398 0.5828773 0.8125601 0 -0.4546273 0.8906676 0.005020332 0.7071666 -0.7070469 0 -0.2155329 -0.9764881 0.004083798 -0.249072 -0.2526352 0.9349537 0.03129231 -0.9995072 -0.002495443 -0.2507428 -0.250736 0.9350185 0.7071069 -0.7071068 -5.768865e-08 0.083915 -0.9964725 0.0008860807 -0.8222506 1.643626e-05 0.5691257 0.7874486 0.6163791 0.001163404 -0.7071056 0.707108 9.269228e-06 -0 0 -1 -0.707158 0.7070556 -3.704548e-05 0.318461 -0.947934 0.001911629 -0.7071432 0.7070703 -4.805436e-05 -0 0 -1 -0.2386895 0 -0.971096 0.5308356 -0.8474726 -0.001941835 0 0 -1 0.9926162 1.988007e-05 -0.1212969 0.954482 0.2982685 0 -0.7074559 0.7067574 0 0.9997636 -0.02085991 -0.006132358 -0.707246 0.7069676 0.0001022554 -0.4649308 0 0.8853471 -0.7072976 0.7069159 0.000241404 0.7071666 -0.7070469 0 -0.7072143 0.7069992 3.751418e-05 -0.7073845 0.7068288 0.0005659002 -0.7076191 0.7065915 0.001920392 0.7070591 -0.7071544 -0.0002254951 0 0 1 0.9351614 0 0.354222 -0.08449259 -0.08570129 0.9927318 0.8222488 0 0.5691282 0.8222488 0 0.5691282 -0.9926162 0 0.1212969 -0.08505563 -0.08505563 0.9927392 -0.7071069 0.7071066 -4.768248e-07 -0.7071065 0.707107 6.081836e-07 -0.4657652 0 0.8849083 0.6633634 0 -0.7482975 -0.2386895 0 0.971096 -0.7070443 0.7071693 0 0.4657136 0 -0.8849355 -0.2028444 -0.2028389 0.957972 0.7070995 -0.707114 9.626472e-06 0.9926159 0 0.1213007 0 -0 -1 0 0 -1 0.7069405 -0.7072729 0.0002198054 0.707114 -0.7070996 0 -0.4657168 0 -0.8849338 -0.8556846 -0.5174979 -0 -0.7071062 0.7071073 5.019428e-07 0 0 1 0 -0 1 0.08509741 0.08509618 -0.9927321 -0.4384851 -0.8987376 -0.001197755 0.2526314 0.2490753 -0.934954 0.2507413 0.2507381 -0.9350183 0.9344875 1.871588e-05 0.355996 0.9928581 -0 0.1193016 0.9926162 1.988008e-05 0.1212969 0.9928581 0 -0.1193016 -0.7090063 0.7051956 0.003040572 0.8222706 1.640557e-05 -0.5690967 0.08445165 0.08565855 -0.992739 0.8232159 0 -0.5677283 0.9903967 0.1382541 0 0.9351614 0 -0.354222 0.8222688 0 -0.5690993 0.4648824 0 -0.8853724 0.4047112 0.3990141 -0.822798 0.4017063 0.4017006 -0.8229634 -0.9351602 0 0.3542253 0.5728862 0.819635 0 0.5331811 0.5256612 -0.6628711 -0.663396 0 0.7482685 0.5292606 0.5292535 -0.6631545 -0.9351602 0 -0.3542253 0.6305517 0.6216587 -0.4646989 -0.9926162 0 -0.1212969 0.4648824 0 -0.8853724 0.2386895 0 -0.971096 0 0 -1 -0.2386895 -0 -0.971096 -0.7071072 0.7071064 -9.773009e-07 -0.7071068 0.7071068 -2.053764e-08 -0.9120471 0.4099934 -0.008685879 -0.9928576 0 0.1193054 -0.8892815 0.4571537 -0.01374932 -0.7074084 0.7068049 -0.0003974989 -0.9483647 0.3171678 -0.003021648 -0.7069106 0.7073028 0.000406452 -0.9344888 1.867988e-05 0.3559926 -0.7071068 0.7071068 0 -0 -0 1 -0.7071068 0.7071068 0 0.7064536 -0.7077594 0 0.2977529 -0.954643 0 0.4657136 0 -0.8849355 0.2386895 0 -0.971096 -0.2386895 0 -0.971096 0 0 1 -0 0 -1 -0 0 1 0 0 1 0 0 1 0.6914796 0.6817274 -0.2389638 0 0 1 0.9808771 -0.1946185 -0.00194618 0 -0 1 0.6259794 0.625971 -0.4650916 0 0 1 -0 0 1 0 0 -1 0 -0 -1 0 0 1 0 0 -1 0.465762 0 0.88491 0 0 1 0.663398 0 0.7482668 0.663398 -0 0.7482668 0 0 -1 -0.7071064 -0.7071071 -8.677195e-07 -0.7071058 -0.7071078 -2.573012e-06 0 0 1 0 0 1 -0.7071065 -0.7071071 -8.953256e-07 -0.70711 -0.7071036 8.511962e-06 0 0 -1 0 0 1 0.1009315 0.9948933 0 -0.1803969 0.9835917 0.002045908 0 0 1 -0.7071065 -0.707107 -0 0 0 1 0 0 1 0 0 1 -0.2040326 0.9789641 0 0 0 1 0 0 1 0.8222688 0 -0.5690993 -0.4324108 0.9016767 5.075253e-05 -0 0 -1 0 0 -1 0.6633634 0 -0.7482975 -0.4599434 0.8879461 0.001903687 -0.7071066 -0.707107 6.019863e-07 -0.6828827 0.7305217 -0.003051778 0 0 1 -0.7491431 0.6624003 0.003231629 -0.7071068 -0.7071068 0 -0.9987277 0.05038948 0.001923063 -0.7071055 -0.7071081 1.578281e-06 -0.7071068 -0.7071068 -3.743014e-08 -0.7071098 -0.7071038 -7.071268e-06 -0.7057923 -0.7083965 -0.005635962 -0.7053527 -0.7088524 -0.002454648 -0.7099393 -0.7042629 0 -0.7075041 -0.706709 -0.0006304023 -0.7100061 -0.7041836 0.00408916 0 -0 -1 0.5471234 -0.8370517 -0.00052624 0 0 -1 0 0 -1 -0.9926163 1.984182e-05 0.1212969 0 0 1 0 0 -1 0 0 -1 0 -0 -1 0 0 -1 0 0 -1 -0 0 -1 -0.9351602 0 0.3542254 -0.1412275 0.1432468 -0.9795586 0.9266159 0.3751791 -0.02497022 0.9927409 0.1202666 0.001202663 -0.141689 0.1416871 -0.9797188 0 0 -1 0.8221735 0.5691968 -0.006756541 -0.4655266 0.4721829 -0.7485508 0 0 -1 0 0 -1 -0.4707593 0.4641294 -0.750313 -0.6644003 0 0.747377 0.3257234 0.9454651 0 0.3257234 0.9454651 0 0 -0 -1 -0.6868035 0.6868173 -0.2378718 0.1009315 0.9948933 -0 0 0 -1 0 0 -1 0.9970711 -0.07525717 -0.01362285 0.2386895 -0 0.971096 -0.6911688 0.6814346 -0.240692 0.465762 0 0.88491 -0.6863145 0.6863284 0.2406777 -0.8133608 0.5585268 0.1627638 -0.1688103 0.9856486 0 -0.2150508 0.758747 0.6148627 0 -0 -1 0 0 -1 0 0 -1 0 0 -1 0 0 -1 -0.1975036 0.9803005 0.001786397 -0.3543346 0.6204536 0.6996316 -0.3552953 0.07549105 0.9317008 0 0 -1 -0.1422383 0.1422364 0.9795597 -0.8556846 -0.5174979 -0 -0.7071068 -0.7071067 -5.97178e-07 -0.7303249 0.68307 -0.006391021 0 0 -1 0.8075191 0.5898415 0 0.8228953 0.5681899 -0.001890765 0.4864766 -0.8736728 0.006019705 -0.7071068 -0.7071067 1.823782e-07 0.4037664 -0.9148621 0 -0.7071068 -0.7071068 -3.565327e-08 -0.7056206 -0.7085246 -0.009607071 0.5768836 -0.8168262 0.0003794608 0 0 -1 0 -0 1 0.9397447 0.3418559 0.003827535 0 0 -1 -0.7077473 -0.7064653 0.0006605828 0 0 -1 -0.7066156 -0.7075976 0 0.7088995 -0.7053092 0.0007260353 0.9920125 0.1261312 -0.001446596 -0.7071068 -0.7071067 0 -0.7071069 -0.7071066 0 0.9974661 0.07110517 0.002325079 -0.7071069 -0.7071067 -0 -0.376831 -0.9262811 -0.00129062 -0.7071066 -0.7071069 0 0 0 -1 0 0 -1 0 0 -1 0 0 1 -0 0 1 -0.7824388 -0.6126883 0.1113673 0 0 1 -0.7056791 -0.705717 0.06309239 -0.556614 -0.5487939 0.6237035 0 -0 1 0 0 1 -0 0 -1 -0.7067369 0.7074764 0 -0.5534402 -0.5534699 0.6223946 -0.7066988 0.7075145 -0.0001421663 -0.203777 -0.200914 0.9581798 -0.7563642 -0.6541507 0 -0.7563642 -0.6541507 -0 0 0 -1 0 0 1 -0.707104 0.7071095 0 -0.7071075 0.7071061 0 -0.7071068 0.7071068 0 -0.7071075 0.7071061 0 0 0 1 -0.7763724 -0.4591962 -0.4317229 0 0 -1 -0.707527 0.7066863 0 0 0 1 0 0 -1 -1 0 -0 0 0 -1 -0.6666897 -0.6666491 -0.3333225 -1 0 0 -1 0 0 0 -0 1 -1 0 0 0 -0 1 -1 -0 -0 -1 0 0 -1 0 0 -1 0 0 0 0 1 0 0 1 0 0 1 0 0 1 0.6865436 0.6865343 -0.2394336 0 0 1 0.707092 -0.7071215 1.767004e-05 0 0 1 0 0 1 0 0 1 -7.519317e-05 -0.4583619 0.8887656 0.7121106 0.7020674 0 0.7121106 0.7020674 0 0 0 1 0.7071063 -0.7071073 -0.0002023416 0.7069696 -0.7069703 0.01967311 0 0 1 0 -0.9849257 0.1729781 0.7072559 -0.706945 0.004225049 -0.7069106 0.7073027 -0.0004064382 0.1421222 0.1421184 0.9795936 0.1425733 0.1405663 0.979752 0 0 1 0 0 1 0.7071064 -0.7071072 -1.232359e-05 0.6304139 0.6215227 0.4650677 0 0 1 -0.7071068 0.7071068 -2.840979e-08 -0.7071065 0.7071071 -9.355803e-07 0 0 -1 0 0 -1 -0.7071071 0.7071064 1.423268e-06 0 0 -1 0 0 -1 0 0 -1 0.7070864 0.7071272 3.68136e-05 -0.126103 -0.9920171 -0.0002031967 -0.1866184 -0.9824281 0.002936922 0.7070911 0.7071224 6.351977e-05 0.7070973 0.7071162 0.0001047838 0.4016878 -0.4017202 -0.8229628 -0.4745045 -0.8802377 -0.00520464 0.5294359 -0.529422 -0.6628799 -0.6938086 -0.7201581 0.001380335 -0.7020574 -0.7121201 0.0005999516 -0.7071066 -0.7071069 0 -0.8784234 -0.4778766 0.002508937 -0.7070996 0.7071139 0 -0.8615004 -0.5077569 0.0001870705 0.7071077 0.7071059 -2.332928e-06 0.7071063 0.7071072 2.589474e-06 -0.5195155 0.5122023 -0.6839244 -0.5115185 0.5188219 -0.6849619 -0.7121012 0.7020769 0 0.5294064 -0.5294491 -0.662882 -0 0 -1 0.3664671 -0.9304307 -0.0007607418 -0.7071073 -0.7071064 -5.935729e-07 0.6259833 -0.6259665 -0.4650923 0.3410262 -0.9400502 -0.002600326 0.08217364 -0.9966169 0.001501617 0.5195174 -0.5122007 -0.6839242 0.8657942 -0.5003964 -0.001957236 0.7071069 0.7071066 0 0.7704443 -0.6375063 0.001109548 0.7508973 -0.6604189 0 0.5115109 -0.5188282 -0.6849628 0.3864236 -0.391941 -0.8349006 0.7074792 0.7067342 -0.0002764352 0.7071075 0.7071061 -2.420124e-07 0.3925812 -0.3870523 -0.8343084 0.7075098 0.7067032 -0.0006433583 0.706823 0.7073901 0.0007639108 0.6259751 -0.6259751 -0.4650916 0.7020673 -0.7121105 0 0.7020673 -0.7121105 0 0.6866194 -0.6866194 -0.2389723 0.6866193 -0.6866193 -0.2389723 0.7071068 -0.7071068 0 0.7071068 -0.7071068 0 -0.7071063 -0.7071072 -0 -0.7071072 -0.7071062 1.716734e-07 -0.7071059 -0.7071077 1.509563e-06 -0.7071067 -0.7071069 0 -0.8388083 0.5444198 -0.002814338 0.6866193 -0.6866193 0.2389723 -0.6643657 0 -0.7474076 -0.6633615 1.326021e-05 -0.7482991 -0.8222706 1.643671e-05 -0.5690967 0.7071062 0.7071074 4.646431e-07 0.6866193 -0.6866193 0.2389723 -0.707104 0.7071095 0 0.6259896 -0.6259731 0.465075 0.6259814 -0.6259818 0.4650742 -0.8231978 0 0.5677547 0.450227 0.8929113 -0.002245201 -0.663396 1.326068e-05 0.7482685 0.5294299 -0.5294151 0.6628903 0.5293998 -0.5294424 0.6628925 0.4016879 -0.4017203 0.8229627 0.6913982 0.6816471 0.239428 0.4017082 -0.4016975 0.8229639 -0.2386895 0 0.971096 0 0 1 0.7071272 0.7070861 -0.0005694815 0.9932891 -0.1156584 0 0.6866239 0.6866147 0.2389727 0.7071065 0.707107 4.054869e-06 0.9873396 -0.1585889 0.003184492 0.9179116 -0.3967743 -0.002898852 0.707097 0.7071165 8.4399e-05 0.9038073 -0.4279396 0.0001204297 0.7840967 -0.6206356 -0.001932089 0.6261283 0.6261197 0.4646907 0.8000001 -0.5999998 0 0.7069849 0.7072287 0 -0.7071066 0.7071069 0 0.9926159 0 -0.1213007 0.7072148 0.7069987 0.0004654024 0.5330003 0.5254833 0.6631576 0.7071066 0.7071069 0.0001007638 0.7072034 -0.7070101 0 0.5294257 0.5294186 0.662891 0.7071069 0.7071066 -0 0.4045475 0.3988527 0.8229568 0.7071065 0.7071071 -4.055004e-06 0.7072034 -0.7070101 0 0.7072148 0.7069987 -0.000465402 0.4018672 0.4018623 0.8228059 -0.8232177 0 -0.5677257 0.2525155 0.2489609 0.9350157 0.2508558 0.2508525 0.9349568 0 -0 -1 0.7071272 0.7070861 0.0005694547 0.9926159 -0 0.1213007 0 0 -1 0.7069849 0.7072286 0 -0.9344888 1.867988e-05 -0.3559926 0 0 -1 0.08505608 0.08505496 0.9927391 -0.9928576 0 -0.1193054 0 0 -1 0 0 -1 0 0 -1 0 -0 -1 0 0 -1 0.705013 -0.7091943 0.00053787 -0.7074084 0.7068049 0.0003974987 0 0 -1 0.7071063 -0.7071073 0 0.7071068 -0.7071068 0 0.7071063 -0.7071073 0 -0.7071068 0.7071066 0 -0.9814442 0.191748 -0.0001054887 0.7071066 0.707107 -0 0.7071066 0.707107 -0 -0.9689717 0.2471493 -0.003343073 -0.7070973 0.7071163 0 -0.7070973 0.7071163 0 0 0 1 0 0 1 -0.9183035 0.3958756 0.001088509 0.7064536 -0.7077594 0 0.4349163 0.4287941 0.7918228 0.7070973 -0.7071163 0 0.7070973 -0.7071163 0 0 0 -1 -0.8221918 0.5692094 -0.001033235 0.3402841 0.5834684 0.7374085 0.7071066 0.707107 -0.0001007947 -0.6227782 0.7823914 0.003315129 0.7070911 0.7071224 -6.351977e-05 -0.4950126 0.8687963 -0.01246796 0.7070862 0.7071273 -3.653955e-05 0 0 1 0.7070973 0.7071162 -0.0001047838 -0.2982745 0.9544792 0.00132234 0.707097 0.7071165 -8.4399e-05 -0.06573965 0.9978367 -0.0006272647 -0.9926163 1.984182e-05 -0.1212969 0.7071069 0.7071066 0.0001759484 -0.7071068 0.7071068 0 -0.7071069 0.7071066 4.768248e-07 -0.7071068 0.7071067 0 -0.9998327 -0.0181818 -0.001993574 0.7071069 0.7071067 -0 0.2977529 -0.954643 0 -0.1802651 -0.9836174 -0.001144917 -0.9897462 -0.1427082 0.006070303 0.7069111 0.7073022 0.0004055151 -0.1409333 -0.9900191 -0 -0.4472116 -0.8944231 -0.00304101 0.7074084 0.7068049 -0.0003977165 -0.5848507 -0.8111351 0.003068875 -0.7074657 0.7067477 -0.0001251639 0.2386895 0 -0.971096 -0.7070443 0.7071693 0 0.7073026 0.7069107 -0.0004062529 0 -0 -1 -0.707455 0.7067584 0 -0.4648824 0 -0.8853725 -0.7067686 0.7074449 0.0001178936 0.7072952 0.706918 -0.0006719106 0 0 1 0.7071173 0.7070962 0.0001225168 0 0 -1 0.7071068 0.7071068 0.0001770406 0.08449303 0.08570056 0.9927318 -0.008015865 0.9999633 0.002997539 -0 0 -1 -0.2507412 0.2507379 -0.9350183 0.1952532 0.9807521 -0.00122387 -0.08509748 0.08509625 -0.9927321 0.265997 0.9639701 0.002674156 0.7069537 0.7072597 0.000545499 0.707112 0.7071016 6.439532e-05 0.7071065 0.7071071 0 0.7067532 0.7074602 -6.062578e-05 0.7067369 0.7074765 0 0 0 1 0.2413338 -0.2447796 -0.9390639 0.2413338 -0.2447796 -0.9390639 -0.3294635 -0.944162 0.003438285 0.08139177 -0.08255386 -0.9932573 -0.1257576 -0.9920581 0.002414803 0.08205295 -0.08205184 -0.9932446 0 0 -1 1 0 0 -0.08263521 0.08147086 -0.9932441 0 0 1 0 0 -1 -0.08197358 0.08197249 -0.9932578 -0.2447799 0.2413325 -0.939064 -0.2447806 0.2413316 -0.9390641 -0.3925812 0.3870523 -0.8343084 -0.3864236 0.391941 -0.8349006 0 0 -1 0 -0 -1 0 -0 -1 0 0 -1 0 0 -1 0 -0 -1 0 0 -1 0 0 -1 0 -0 -1 -0 0 -1 0 0 -1 0.6870164 0.7266169 0.006042402 -0.706376 -0.7078367 -0.0004165528 0.4014218 0.9158779 -0.005313118 -0.7071071 -0.7071065 3.215574e-07 -0.7071064 -0.7071071 -3.44593e-07 0 0 1 1 0 0 -0.7071076 -0.7071061 2.909723e-07 0.3939164 0.9191345 -0.004639723 -0.7071068 -0.7071067 -7.70799e-08 -0.7071072 -0.7071064 -1.091282e-06 -0.7071064 -0.7071072 -5.967902e-07 -0.8106326 -0.5855476 -0.002970492 -0.7071074 -0.7071062 3.423384e-07 -0 1 0 -0.8639275 -0.5036162 0 -0.7071062 -0.7071074 -3.193194e-07 -0.7071069 -0.7071067 -2.066165e-07 -0.9694983 -0.2450977 0 1 0 0 -0.9958558 -0.09044104 0.009571656 -0.9074998 -0.4198616 0.01265986 1 0 0 1 0 0 1 0 0 1 0 0 1 0 0 0.0003652024 -0.1858507 0.9825779 -0.7071073 -0.7071063 -2.541617e-07 -0.0002838713 -0.4724348 0.8813655 0 -0.2042576 0.9789171 -0 0 1 0 0 1 0 0 1 -0.7071066 0.7071069 0 -0.9587134 0.2843743 0 -0.9587134 0.2843743 0 -0.880833 0.4734271 0 -0.880833 0.4734271 0 -0.7708397 0.6370291 0 -0.7708397 0.6370291 0 0.001360174 -0.8966731 0.4426913 0.0005357545 -0.913606 0.4066003 0 0 -1 -0 0 -1 0 0 -1 0 0 -1 0 0 -1 0 0 -1 -0.7071068 -0.7071067 0 -0.001072638 -0.9951964 0.09789217 0 0 -1 0 1 0 -0.7072034 -0.7070101 0 0 1 0 0 1 0 0 1 0 0 1 0 0.9937503 0 -0.1116261 0.9870203 0.003023277 -0.160567 0 -0 1 0.9059389 -0.020364 -0.4229186 0.8815165 -0.01164864 -0.4720095 0.762148 0.0017255 -0.6474006 0.5600033 -0.003260325 -0.828484 0.5518506 -0.00237207 -0.8339396 0.2696894 0.0005074706 -0.9629472 -0.7072034 -0.7070101 -0 0 0 -1 1 0 -0 -0.9270022 -0.3749525 0.008810738 -0.8588994 -0.5121423 -0.001473579 -0.7852176 -0.6192169 0.00197503 -0.7508973 -0.6604189 0 1 0 -0 0 0 -1 0 0 -1 0 0 -1 0 0 -1 0.7075508 -0.706662 -0.0007510672 0.7066435 -0.7075693 0.0007825338 1 0 0 0.7071056 -0.7071055 -0.001909724 -1 0 0 0.9981899 0.06009733 -0.002304733 1 0 0 0 -0 -1 -1 0 0 0.7070065 -0.7072067 -0.000575826 0.4829869 0.8756275 0 0.2430556 0.2430588 0.9390668 0.243057 0.243057 0.9390669 0.3895017 0.3895017 0.8346117 0.3895018 0.3895018 0.8346118 0.7073048 -0.7069074 -0.0013419 0.06009981 0.9981897 -0.002304787 -0.7071068 -0.7071068 7.56471e-07 0 -1 0 0 -1 0 -0.7079858 -0.7062107 -0.004754516 0 -1 0 0 -1 0 0.7075262 0.7066872 -0 0 -1 0 0 0 -1 0 0 1 0 -1 0 0.7072062 -0.7070073 0.0003868202 -0.6259792 0.6259707 -0.4650922 -0.5292603 0.5292532 -0.663155 0 -0 1 0 0 1 0 0 1 0 0 1 0 0 1 0 0 1 -0.5292535 0.5292607 -0.6631545 -0.4018623 0.4018672 -0.8228058 -0.401868 0.4018622 -0.8228055 -0.2507413 0.2507381 -0.9350183 -0.08509684 0.08509674 -0.992732 0.7074085 0.7068049 0.0003975686 0 0 -1 0.7073027 0.7069106 0.0004062607 0 -0 1 0 -0 1 0.7069536 0.7072597 -0.0005455925 0 0 1 0.7071065 -0.7071071 -1.053439e-06 0 -0 1 0 0 -1 0.7069111 0.7073022 -0.0004053026 -0 0 1 -0 0 1 -0 0 1 0.7092184 -0.7049715 0.004946195 0 0 1 0 0 1 0.7053633 -0.7088418 0.002445265 0 -1 0 0.7099392 -0.7042629 0 -0 0 1 0 0 1 0.7075033 -0.7067097 0.0006306225 -0 0 1 0.7095834 -0.7046145 -0.00310611 0 -1 0 0 -1 0 -0 0 1 0.7099981 -0.7041918 -0.004072603 0 -0 -1 0.1415718 0.1415737 -0.9797521 0 -1 0 0.7071066 -0.7071068 0 0 0 1 0 -1 0 0 -1 0 0 -1 0 0 -1 0 0 -1 0 0 -1 0 -0 -1 0 0 -1 0 -0.3895035 -0.3895009 0.8346114 0 -1 -0 -0.2430582 -0.2430566 0.9390666 -0 0 1 -0.2430589 -0.2430558 0.9390667 -0 0 1 -0 -1 0 0.1802656 -0.9836173 -0.001140434 -0 0 1 0 -1 -0 0 -0 1 0 0 1 0 0 1 0 0 1 0 -0 1 0 -1 -0 0 -1 -0 0 -1 -0 0 -1 -0 0 -1 0 0.08202269 0.08202381 0.9932494 0 -1 -0 -0 -1 -0 0 0 1 0 -1 0 0 0 1 0.7071076 -0.707106 -2.793311e-07 0 -1 0 0 -1 0 0 0 1 0 0 1 0 -0 1 0 -0 1 0.7071067 -0.7071067 -0.0002616983 0 -0 1 0 -1 0 -0 0 1 0 0 1 0 -1 0 0 -1 0 0 -1 0 0 -1 0 0 -1 0 0 0 1 0 0 1 0 0 1 0.7072061 -0.7070074 0.0003964656 -0.5155232 -0.5155197 0.6844525 0 0 1 0 0 1 -0 0 1 0 0 1 0 0 1 0 0 1 0 0 1 -0.3895035 -0.3895008 0.8346113 0.3657476 0.9307066 0.003720017 0 -1 0 0 -1 0 -0.08194295 -0.08194406 0.9932625 -0.0819439 -0.0819428 0.9932625 0 -1 0 0 0 1 -0.7071069 -0.7071067 -0 0.0820227 0.08202381 0.9932494 0 -1 0 -0 0 1 0 -1 0 0.7075219 -0.706691 0.0008817909 0 -1 0 0 0 1 0 0 1 -0.5155232 -0.5155197 0.6844525 0 -1 0 -0 -1 0 0 0 1 -0.7071068 -0.7071068 0 0 -1 0 0 -1 0 0.7071432 -0.7070704 -0.0001347665 0 -1 0 0 -1 0 0.7071228 -0.7070908 -0.0002018391 0.7060653 -0.7081347 -0.004138729 0 -1 0 0 -1 0 0 -1 0 0 -1 0 0 0 -1 -0.7071069 -0.7071066 0 0 0 -1 0.2692384 0.0005029176 -0.9630734 -0.7071092 -0.7071044 0 -0.7071092 -0.7071044 0 0.2281352 -0.004616205 -0.9736185 0.04076018 0 -0.999169 0.707207 -0.7070065 0 0 -0.009665991 -0.9999533 0.7077608 -0.706452 -0.0005146048 0.7071047 -0.7071088 1.416687e-06 0.7061055 -0.7081066 0.0003736136 0.7071404 -0.707073 0.0001253002 -0.1715225 -0.003541921 -0.9851738 -0.04146906 -0.02266261 -0.9988827 -0.9936818 0 -0.1122338 -0.9912617 -0.002616491 -0.1318835 0.7081137 -0.7060984 0 -0.7071068 -0.7071068 -0 -0.9174842 -0.003753079 -0.3977545 0 0 1 -0.9496716 0.001511437 -0.3132439 -0.8932289 -0.01253667 -0.4494273 -0.817827 0.002213607 -0.5754597 -0.7875926 -0.002270815 -0.6161922 0 0 1 0 0 1 0 0 1 0 0 1 -0.1801564 -0.9836352 0.002319652 -0.6891521 0.002030534 -0.7246138 -0.6534697 -0.002219317 -0.7569495 0 0 1 0 0 1 -0.2973825 -0.9547578 -0.001154369 -0.5355964 0.002101917 -0.8444715 -0.4930903 -0.002274835 -0.8699751 0 -0 1 0.2191431 -0.9756927 0 -0.3601154 0.002057761 -0.9329055 -0.3588717 0.002175245 -0.9333844 0 0 1 0 0 1 0.5848504 -0.8111413 0 -1 0 0 -1 0 0 0.6163756 -0.7874515 -0.001132528 -0 0 1 -0 0 1 -0.6540852 -0.7564158 0.002768046 0.8563407 -0.5164059 0.002354377 0 0 1 -0.757659 0 0.6526507 0.8111358 -0.5848579 0 -0.6146184 0 0.7888247 0 -0 1 0.9547118 -0.2975323 0 0 -0 1 0 0 1 0 0 1 0 0 1 0.9836587 -0.1800283 0.002334398 0 0 1 0 0 1 0 0 1 0 -0 1 -0 0 1 0 0 1 0.9546396 0.2977548 0.002349112 0 -0 1 0 -0 1 0.9113349 0.4116658 0 0 0 1 0.7352716 0.6777726 0 0.7352716 0.6777726 0 0.2184409 -0.002105953 0.9758478 0 0 1 0 0 1 0 0 1 0 0 1 -0.1802619 0.9836159 0.002338961 -0 0 1 -0 0 1 -0 0 1 0 -0 1 0 -0 1 0 0 1 0 0 1 -0 0 1 0 -0 1 -0.8699811 0 0.4930851 0 0 1 -0.8699811 0 0.4930851 -0 0 1 0 0 1 -0.757659 0 0.6526507 -0.5171537 0.8558895 0.002303348 -0.6146184 0 0.7888247 -0 0 1 -0 0 1 0 -0 1 -0.5840281 0.8117335 0 -0.2982744 0.9544802 0 -0.2664786 0 0.9638408 0 0 1 -0.707107 -0.7071065 0 -0.1009541 0 0.9948911 0 0 1 0 0.0004984537 0.9999999 -0.786952 0.6170131 -0.001155657 0 0 1 -0.001967577 0 0.9999981 0 -0 1 -0.8111389 0.5848535 0 0.07345816 -4.158667e-05 0.9972982 0 -0 1 0.100954 0.001383686 0.9948902 -0.9547118 0.2975323 0 -0.9997628 -0.02089615 0.006134064 0 -0 1 0 0 1 0 0 1 0 0 1 0 0 1 -0 0 1 -0 0 1 0 -0 1 -0.9924688 0 0.1224977 -0.9836547 0.180033 -0.003422709 -0.9871013 0.005565851 0.1600004 -0.9420546 -0.3354563 0.001521493 -0.9332677 -0.003537758 0.3591642 -0 0 1 0 0 1 -0.9450604 0 0.3268956 -0.9546424 -0.2977549 -0 0 0 1 0 0 1 -0 0 1 0 0 1 0 0 1 0 0 1 0 0 1 0 0 1 -0.707107 -0.7071065 -2.546158e-07 -0.7071066 -0.7071069 1.194825e-05 -0.707106 -0.7071075 -6.953056e-07 0 -0 1 0 0 1 -0.7071068 -0.7071068 0 0 0 1 0 0 1 -0.7071057 -0.7071078 1.03522e-06 -0.4494824 0 0.8932891 -0.4494824 0 0.8932891 -0.2664786 0 0.9638408 0 0 1 0 0 1 -0.1009541 0 0.9948911 -0.04101919 -0.02274776 -0.9988993 -0.707114 -0.7070996 -0 -0.706828 -0.7073855 0 -0.706828 -0.7073855 -0 0 -0 1 0 0 1 0 0 1 0 0 1 -0 0 1 0 0 1 0.332213 -0.007468952 -0.9431748 0 -0 1 0 0 1 0.220529 -0.0006498963 -0.9753802 -0.1416891 0.1416891 -0.9797185 0 -0 1 0.08746971 -0.0006637466 -0.9961669 -0.1421465 0.1401417 -0.9798748 0.9936818 0 -0.1122335 0.9912618 -0.002616497 -0.1318833 0 0 -1 -0 0 1 0 0 1 0 0 -1 0.9496717 0.001511429 -0.3132436 -0 0 1 0.9058743 -0.008097555 -0.4234692 0.2024122 -0.2024232 -0.9581515 0.8932287 -0.01253676 -0.4494279 0.2014713 -0.2043479 -0.9579412 0.817827 0.002217903 -0.5754597 -0 0 1 0 0 1 0 0 1 0 0 1 0.7239062 -0.006490165 -0.6898679 0 0 1 0.6587565 -0.01655298 -0.7521741 0.6527832 -0.01793415 -0.7573324 -0 0 1 0 0 1 0.5355972 -0.0008026139 -0.8444732 0 0 1 0.3588701 -0.003723348 -0.9333801 -0.7066364 -0.7075732 0.002212762 0 0 1 1 0 0 1 0 0 0 0 1 0 0 1 0.9936981 0 0.1120899 0 0 1 -0.710261 -0.7039208 -0.004980205 0.990813 -0.003082274 0.1352038 -0.7089028 -0.7053058 -0.0007274101 0.9496682 0.0022802 0.3132495 -0.7052438 -0.7089588 0.002922918 0.9329051 -0.002117572 0.3601161 0.8444726 -0.002191197 0.5355943 0.7824413 -0.6126851 -0.1113672 0.8699788 0.002192925 0.4930842 0.7056974 -0.7056974 -0.06310638 0.5534414 -0.5534716 -0.6223921 0.7576575 0.00207898 0.6526492 0.7246091 -0.002267647 0.6891565 0.5534537 -0.5534537 -0.6223971 0.4112526 -0.5832771 0.7004706 0.7787508 -0.4555231 0.4313304 0.6678998 -0.6668566 0.3304727 -0.7071098 -0.7071038 2.820838e-06 -0.7071123 -0.7071013 5.975584e-06 -0.7071066 -0.7071068 4.224266e-07 -0.7087835 -0.7054238 0.001816895 -0.7069398 -0.7072735 -0.0006259819 -0.7070796 -0.7071341 0 0 0 -1 -0.7071049 -0.7071087 -5.621298e-06 -0.7071105 -0.7071031 -1.47322e-06 -0.7071169 -0.7070968 1.023042e-05 -0.7071085 -0.707105 0 -0.7070955 -0.707118 -2.099545e-05 -0.7108797 -0.7032584 0.008814747 -0.7053644 -0.7088439 -0.001181066 -0.4349734 0.4288388 -0.7917672 -0.3404642 0.5833257 -0.7374383</float_array>
          <technique_common>
            <accessor count="2922" source="#cubenormals-array0-array" stride="3">
              <param type="float" name="X"/>
              <param type="float" name="Y"/>
              <param type="float" name="Z"/>
            </accessor>
          </technique_common>
        </source>
        <vertices id="cubeverts-array0-vertices">
          <input semantic="POSITION" source="#cubeverts-array0"/>
        </vertices>
        <triangles count="2922" material="ref_Mesh">
          <input offset="0" semantic="VERTEX" source="#cubeverts-array0-vertices"/>
          <input offset="1" semantic="NORMAL" source="#cubenormals-array0"/>
          <p>0 0 1 0 2 0 3 1 1 1 0 1 2 2 4 2 0 2 0 3 4 3 5 3 6 4 7 4 8 4 9 5 7 5 6 5 10 6 11 6 12 6 13 7 10 7 12 7 14 8 10 8 13 8 15 9 10 9 14 9 16 10 10 10 15 10 17 11 10 11 16 11 18 12 10 12 17 12 10 13 18 13 19 13 20 14 10 14 19 14 10 15 20 15 21 15 22 16 23 16 24 16 25 17 26 17 27 17 28 18 26 18 25 18 28 19 29 19 26 19 30 20 31 20 32 20 32 21 33 21 30 21 31 22 34 22 32 22 34 23 10 23 32 23 33 24 32 24 35 24 35 25 36 25 33 25 37 26 36 26 35 26 38 27 36 27 37 27 21 28 39 28 10 28 39 29 40 29 10 29 40 30 32 30 10 30 41 31 38 31 42 31 43 32 38 32 41 32 36 33 38 33 43 33 44 34 45 34 46 34 47 35 48 35 49 35 50 36 51 36 52 36 53 37 54 37 55 37 54 38 53 38 56 38 52 39 57 39 50 39 58 40 59 40 56 40 60 41 57 41 52 41 60 42 61 42 57 42 57 43 61 43 62 43 49 44 63 44 47 44 49 45 64 45 63 45 65 46 66 46 67 46 64 47 68 47 63 47 69 48 63 48 70 48 26 49 71 49 72 49 73 50 74 50 75 50 76 51 69 51 70 51 58 52 56 52 53 52 77 53 59 53 58 53 78 54 74 54 73 54 79 55 80 55 81 55 82 56 83 56 84 56 84 57 67 57 82 57 82 58 85 58 83 58 80 59 47 59 69 59 47 60 63 60 69 60 86 61 78 61 87 61 67 62 84 62 65 62 88 63 86 63 89 63 90 64 91 64 92 64 87 65 89 65 86 65 71 66 26 66 29 66 93 67 71 67 29 67 93 68 76 68 71 68 94 69 95 69 96 69 94 70 96 70 97 70 97 71 98 71 94 71 83 72 85 72 99 72 100 73 87 73 101 73 99 74 85 74 102 74 103 75 104 75 105 75 103 76 106 76 104 76 103 77 107 77 106 77 103 78 108 78 107 78 105 79 109 79 103 79 110 80 111 80 112 80 110 81 112 81 108 81 113 82 114 82 115 82 116 83 92 83 117 83 118 84 109 84 105 84 98 85 119 85 118 85 84 86 120 86 121 86 117 87 92 87 122 87 98 88 123 88 119 88 97 89 123 89 98 89 124 90 125 90 126 90 80 91 76 91 93 91 69 92 76 92 80 92 125 93 127 93 128 93 63 94 68 94 70 94 126 95 125 95 128 95 129 96 130 96 131 96 132 97 133 97 134 97 70 98 68 98 135 98 136 99 137 99 138 99 139 100 137 100 136 100 92 101 140 101 90 101 141 102 142 102 143 102 144 103 145 103 134 103 146 104 147 104 102 104 133 105 148 105 134 105 134 106 148 106 144 106 149 107 132 107 150 107 150 108 151 108 149 108 150 109 152 109 151 109 152 110 150 110 131 110 91 111 122 111 92 111 153 112 102 112 85 112 102 113 153 113 146 113 117 114 154 114 116 114 155 115 156 115 157 115 158 116 159 116 160 116 161 117 155 117 162 117 117 118 124 118 154 118 124 119 126 119 154 119 163 120 160 120 164 120 165 121 166 121 167 121 160 122 163 122 158 122 128 123 127 123 138 123 128 124 138 124 137 124 168 125 169 125 170 125 171 126 145 126 168 126 172 127 173 127 174 127 169 128 168 128 172 128 171 129 134 129 145 129 166 130 161 130 167 130 156 131 175 131 176 131 150 132 129 132 131 132 136 133 5 133 177 133 177 134 178 134 179 134 176 135 157 135 156 135 162 136 167 136 161 136 180 137 158 137 181 137 178 138 177 138 182 138 175 139 183 139 184 139 177 140 179 140 136 140 185 141 186 141 187 141 188 142 189 142 190 142 189 143 191 143 190 143 191 144 192 144 190 144 192 145 193 145 190 145 190 146 193 146 194 146 190 147 195 147 188 147 180 148 196 148 159 148 197 149 195 149 190 149 190 150 198 150 197 150 68 151 164 151 180 151 96 152 95 152 199 152 200 153 201 153 190 153 201 154 198 154 190 154 202 155 68 155 203 155 190 156 204 156 205 156 190 157 205 157 206 157 190 158 207 158 204 158 190 159 206 159 208 159 208 160 200 160 190 160 190 161 209 161 207 161 190 162 210 162 54 162 190 163 211 163 209 163 212 164 187 164 186 164 213 165 214 165 215 165 187 166 216 166 217 166 187 167 212 167 216 167 215 168 194 168 213 168 218 169 194 169 215 169 219 170 194 170 218 170 190 171 194 171 219 171 196 172 160 172 159 172 220 173 160 173 196 173 221 174 217 174 216 174 222 175 217 175 221 175 180 176 220 176 196 176 164 177 220 177 180 177 221 178 223 178 224 178 224 179 222 179 221 179 225 180 190 180 226 180 190 181 225 181 210 181 224 182 223 182 227 182 164 183 160 183 220 183 56 184 59 184 190 184 190 185 54 185 56 185 59 186 211 186 190 186 228 187 5 187 91 187 122 188 91 188 5 188 91 189 90 189 228 189 229 190 111 190 230 190 68 191 202 191 135 191 117 192 122 192 5 192 111 193 110 193 230 193 230 194 231 194 229 194 159 195 158 195 180 195 124 196 117 196 5 196 105 197 98 197 118 197 108 198 103 198 110 198 5 199 127 199 125 199 125 200 124 200 5 200 138 201 127 201 5 201 5 202 136 202 138 202 232 203 233 203 234 203 234 204 235 204 232 204 3 205 232 205 1 205 5 206 232 206 3 206 177 207 236 207 235 207 237 208 236 208 177 208 238 209 239 209 181 209 158 210 238 210 181 210 4 211 2 211 240 211 240 212 237 212 4 212 236 213 237 213 240 213 158 214 163 214 241 214 242 215 243 215 244 215 245 216 246 216 227 216 244 217 247 217 242 217 248 218 229 218 231 218 249 219 243 219 242 219 245 220 227 220 223 220 223 221 221 221 245 221 248 222 231 222 250 222 250 223 244 223 248 223 244 224 250 224 247 224 247 225 251 225 242 225 245 226 221 226 216 226 245 227 212 227 186 227 245 228 186 228 252 228 131 229 175 229 152 229 253 230 100 230 254 230 245 231 216 231 212 231 254 232 100 232 101 232 181 233 255 233 202 233 181 234 256 234 255 234 239 235 256 235 181 235 257 236 100 236 253 236 175 237 258 237 259 237 260 238 245 238 261 238 260 239 262 239 245 239 180 240 181 240 203 240 175 241 131 241 258 241 183 242 175 242 259 242 261 243 245 243 252 243 263 244 239 244 238 244 263 245 264 245 239 245 252 246 265 246 261 246 266 247 267 247 268 247 266 248 269 248 267 248 266 249 270 249 269 249 68 250 180 250 203 250 266 251 271 251 270 251 272 252 273 252 274 252 272 253 274 253 275 253 185 254 265 254 252 254 252 255 186 255 185 255 263 256 276 256 264 256 277 257 278 257 279 257 280 258 281 258 282 258 282 259 266 259 280 259 266 260 282 260 271 260 275 261 73 261 272 261 73 262 275 262 283 262 263 263 279 263 284 263 73 264 285 264 286 264 283 265 285 265 73 265 263 266 238 266 277 266 277 267 279 267 263 267 261 268 287 268 260 268 288 269 289 269 290 269 242 270 251 270 291 270 291 271 292 271 242 271 264 272 276 272 293 272 96 273 199 273 294 273 73 274 286 274 295 274 256 275 290 275 202 275 202 276 255 276 256 276 202 277 203 277 181 277 294 278 296 278 96 278 239 279 264 279 290 279 290 280 256 280 239 280 297 281 298 281 262 281 294 282 299 282 296 282 73 283 300 283 301 283 294 284 302 284 299 284 302 285 294 285 303 285 304 286 305 286 242 286 306 287 142 287 307 287 73 288 295 288 300 288 242 289 308 289 309 289 242 290 310 290 311 290 298 291 312 291 313 291 314 292 315 292 316 292 305 293 303 293 317 293 242 294 292 294 304 294 277 295 238 295 307 295 277 296 307 296 278 296 297 297 262 297 260 297 318 298 307 298 142 298 297 299 319 299 312 299 312 300 298 300 297 300 278 301 307 301 318 301 320 302 321 302 322 302 143 303 323 303 141 303 142 304 324 304 143 304 324 305 142 305 306 305 4 306 237 306 177 306 4 307 177 307 5 307 0 308 5 308 3 308 325 309 320 309 322 309 2 310 1 310 232 310 2 311 232 311 235 311 235 312 240 312 2 312 236 313 240 313 235 313 326 314 242 314 309 314 326 315 325 315 242 315 143 316 324 316 323 316 318 317 142 317 276 317 157 318 162 318 155 318 327 319 308 319 242 319 242 320 317 320 327 320 276 321 263 321 318 321 317 322 242 322 305 322 184 323 176 323 175 323 276 324 142 324 141 324 141 325 328 325 276 325 183 326 329 326 184 326 318 327 263 327 284 327 329 328 183 328 281 328 281 329 280 329 329 329 114 330 113 330 330 330 331 331 332 331 333 331 334 332 335 332 336 332 334 333 336 333 337 333 284 334 279 334 278 334 333 335 338 335 339 335 335 336 334 336 340 336 340 337 341 337 335 337 340 338 342 338 341 338 303 339 305 339 302 339 293 340 290 340 264 340 284 341 278 341 318 341 294 342 316 342 303 342 334 343 337 343 343 343 343 344 344 344 345 344 344 345 346 345 345 345 346 346 347 346 345 346 316 347 294 347 314 347 293 348 276 348 328 348 348 349 349 349 350 349 351 350 352 350 353 350 354 351 314 351 355 351 351 352 356 352 352 352 340 353 357 353 358 353 359 354 342 354 340 354 314 355 354 355 360 355 314 356 360 356 315 356 351 357 353 357 354 357 354 358 355 358 361 358 354 359 361 359 45 359 354 360 45 360 362 360 358 361 359 361 340 361 363 362 131 362 130 362 130 363 364 363 363 363 357 364 365 364 358 364 363 365 364 365 249 365 366 366 367 366 357 366 73 367 301 367 366 367 242 368 311 368 249 368 249 369 311 369 363 369 368 370 369 370 370 370 366 371 357 371 73 371 371 372 348 372 372 372 373 373 331 373 333 373 333 374 374 374 373 374 375 375 374 375 333 375 330 376 375 376 333 376 330 377 376 377 114 377 310 378 242 378 322 378 322 379 242 379 325 379 348 380 371 380 377 380 348 381 377 381 349 381 378 382 379 382 380 382 350 383 378 383 380 383 380 384 348 384 350 384 333 385 376 385 330 385 333 386 332 386 338 386 372 387 331 387 373 387 372 388 373 388 371 388 357 389 367 389 381 389 382 390 370 390 383 390 381 391 384 391 357 391 385 392 150 392 386 392 370 393 382 393 387 393 388 394 389 394 390 394 391 395 389 395 388 395 392 396 393 396 357 396 394 397 388 397 390 397 395 398 388 398 394 398 396 399 397 399 272 399 398 400 395 400 394 400 399 401 395 401 398 401 370 402 387 402 368 402 368 403 400 403 369 403 401 404 400 404 368 404 401 405 321 405 320 405 320 406 400 406 401 406 385 407 399 407 398 407 386 408 399 408 385 408 397 409 402 409 272 409 402 410 273 410 272 410 403 411 390 411 389 411 404 412 405 412 383 412 405 413 382 413 383 413 383 414 406 414 404 414 406 415 383 415 407 415 406 416 407 416 356 416 351 417 406 417 356 417 354 418 362 418 408 418 354 419 408 419 351 419 266 420 268 420 409 420 380 421 379 421 266 421 266 422 409 422 380 422 410 423 95 423 94 423 410 424 411 424 95 424 98 425 410 425 94 425 412 426 413 426 23 426 414 427 412 427 23 427 415 428 416 428 413 428 417 429 105 429 104 429 413 430 412 430 415 430 418 431 416 431 415 431 419 432 418 432 415 432 420 433 421 433 422 433 420 434 423 434 424 434 425 435 108 435 112 435 417 436 98 436 105 436 426 437 427 437 428 437 429 438 430 438 426 438 431 439 430 439 429 439 432 440 433 440 434 440 434 441 433 441 435 441 118 442 436 442 109 442 435 443 437 443 438 443 433 444 437 444 435 444 436 445 118 445 119 445 423 446 439 446 424 446 357 447 440 447 441 447 357 448 441 448 365 448 324 449 306 449 432 449 432 450 434 450 324 450 435 451 442 451 323 451 434 452 435 452 323 452 443 453 444 453 385 453 444 454 445 454 385 454 434 455 323 455 324 455 433 456 432 456 446 456 357 457 447 457 440 457 448 458 443 458 385 458 446 459 437 459 433 459 306 460 307 460 446 460 445 461 449 461 450 461 444 462 449 462 445 462 451 463 449 463 444 463 444 464 443 464 452 464 452 465 451 465 444 465 453 466 454 466 455 466 443 467 448 467 452 467 452 468 448 468 456 468 457 469 456 469 448 469 448 470 385 470 419 470 385 471 398 471 458 471 447 472 357 472 455 472 419 473 459 473 448 473 460 474 419 474 415 474 419 475 460 475 459 475 250 476 461 476 462 476 415 477 463 477 460 477 455 478 357 478 464 478 250 479 231 479 461 479 463 480 415 480 412 480 412 481 465 481 463 481 439 482 423 482 466 482 459 483 457 483 448 483 459 484 467 484 457 484 468 485 439 485 466 485 460 486 467 486 459 486 427 487 468 487 428 487 460 488 469 488 467 488 468 489 427 489 439 489 460 490 463 490 470 490 460 491 470 491 469 491 470 492 463 492 471 492 472 493 428 493 468 493 423 494 473 494 474 494 466 495 423 495 472 495 471 496 463 496 465 496 426 497 428 497 429 497 475 498 364 498 130 498 465 499 476 499 471 499 476 500 465 500 477 500 478 501 430 501 431 501 147 502 146 502 479 502 480 503 396 503 272 503 249 504 364 504 475 504 313 505 481 505 482 505 483 506 313 506 482 506 410 507 98 507 484 507 482 508 485 508 483 508 485 509 481 509 486 509 487 510 488 510 489 510 485 511 482 511 481 511 490 512 487 512 489 512 480 513 489 513 488 513 484 514 491 514 492 514 481 515 493 515 486 515 494 516 417 516 104 516 495 517 494 517 104 517 104 518 106 518 495 518 496 519 313 519 497 519 495 520 106 520 107 520 357 521 384 521 392 521 107 522 498 522 495 522 489 523 499 523 500 523 489 524 501 524 499 524 502 525 313 525 496 525 503 526 450 526 504 526 107 527 425 527 498 527 489 528 500 528 505 528 489 529 505 529 490 529 506 530 507 530 313 530 107 531 108 531 425 531 112 532 508 532 425 532 507 533 506 533 509 533 509 534 510 534 507 534 112 535 511 535 508 535 511 536 112 536 111 536 512 537 513 537 514 537 319 538 297 538 287 538 312 539 506 539 313 539 512 540 515 540 513 540 494 541 495 541 516 541 425 542 517 542 516 542 508 543 511 543 517 543 319 544 509 544 506 544 506 545 312 545 319 545 512 546 385 546 503 546 503 547 518 547 512 547 445 548 503 548 385 548 514 549 171 549 170 549 519 550 103 550 109 550 513 551 171 551 514 551 513 552 520 552 171 552 521 553 522 553 523 553 524 554 513 554 515 554 523 555 525 555 526 555 524 556 520 556 513 556 515 557 504 557 524 557 518 558 504 558 515 558 492 559 123 559 97 559 504 560 518 560 503 560 96 561 492 561 97 561 503 562 445 562 450 562 412 563 477 563 465 563 511 564 111 564 229 564 527 565 523 565 522 565 528 566 529 566 530 566 531 567 532 567 533 567 147 568 534 568 86 568 66 569 65 569 535 569 147 570 479 570 536 570 455 571 464 571 453 571 537 572 536 572 479 572 479 573 538 573 537 573 536 574 534 574 147 574 345 575 334 575 343 575 231 576 230 576 461 576 345 577 539 577 540 577 541 578 542 578 543 578 527 579 522 579 544 579 527 580 544 580 545 580 345 581 546 581 539 581 547 582 545 582 548 582 345 583 453 583 549 583 548 584 545 584 544 584 66 585 550 585 67 585 548 586 254 586 547 586 153 587 85 587 550 587 547 588 254 588 101 588 550 589 82 589 67 589 357 590 78 590 73 590 550 591 85 591 82 591 78 592 357 592 87 592 472 593 468 593 466 593 101 594 87 594 357 594 422 595 423 595 420 595 357 596 545 596 547 596 545 597 357 597 527 597 535 598 550 598 66 598 550 599 535 599 551 599 523 600 357 600 525 600 549 601 546 601 345 601 552 602 553 602 554 602 417 603 484 603 98 603 519 604 436 604 417 604 555 605 464 605 357 605 453 606 345 606 347 606 543 607 535 607 556 607 357 608 557 608 555 608 453 609 347 609 454 609 557 610 357 610 489 610 417 611 494 611 516 611 489 612 558 612 557 612 489 613 559 613 558 613 543 614 542 614 560 614 561 615 562 615 563 615 436 616 491 616 484 616 484 617 417 617 436 617 540 618 564 618 565 618 489 619 566 619 559 619 561 620 567 620 562 620 489 621 565 621 568 621 568 622 566 622 489 622 565 623 569 623 568 623 550 624 570 624 571 624 519 625 109 625 436 625 565 626 572 626 569 626 123 627 491 627 436 627 550 628 146 628 153 628 573 629 574 629 575 629 479 630 146 630 550 630 565 631 576 631 572 631 565 632 564 632 576 632 565 633 345 633 540 633 575 634 574 634 577 634 123 635 436 635 119 635 578 636 577 636 574 636 551 637 535 637 543 637 543 638 556 638 541 638 578 639 574 639 579 639 492 640 491 640 123 640 561 641 492 641 96 641 580 642 581 642 582 642 296 643 561 643 96 643 560 644 534 644 543 644 583 645 575 645 584 645 575 646 583 646 573 646 570 647 550 647 551 647 577 648 585 648 584 648 538 649 571 649 586 649 570 650 551 650 571 650 550 651 571 651 538 651 538 652 479 652 550 652 587 653 588 653 589 653 590 654 517 654 511 654 585 655 577 655 578 655 516 656 495 656 498 656 553 657 552 657 591 657 591 658 592 658 553 658 592 659 591 659 593 659 588 660 580 660 589 660 586 661 537 661 538 661 586 662 571 662 551 662 581 663 594 663 595 663 474 664 596 664 593 664 536 665 537 665 534 665 597 666 598 666 574 666 599 667 587 667 589 667 474 668 600 668 596 668 287 669 601 669 599 669 287 670 602 670 601 670 599 671 589 671 287 671 543 672 534 672 551 672 600 673 474 673 473 673 537 674 586 674 534 674 603 675 604 675 605 675 534 676 586 676 551 676 606 677 607 677 608 677 604 678 609 678 605 678 610 679 531 679 611 679 514 680 610 680 612 680 476 681 529 681 613 681 477 682 529 682 476 682 614 683 615 683 598 683 616 684 617 684 287 684 618 685 613 685 529 685 617 686 602 686 287 686 287 687 619 687 616 687 615 688 579 688 574 688 574 689 598 689 615 689 527 690 357 690 523 690 605 691 609 691 620 691 619 692 605 692 620 692 619 693 287 693 605 693 621 694 525 694 357 694 622 695 615 695 614 695 574 696 623 696 597 696 605 697 624 697 603 697 624 698 605 698 625 698 573 699 623 699 574 699 621 700 357 700 626 700 101 701 357 701 547 701 583 702 623 702 573 702 578 703 627 703 585 703 501 704 489 704 357 704 357 705 393 705 501 705 579 706 627 706 578 706 622 707 579 707 615 707 627 708 579 708 622 708 624 709 625 709 628 709 629 710 630 710 631 710 632 711 583 711 584 711 585 712 632 712 584 712 595 713 582 713 581 713 633 714 630 714 629 714 634 715 635 715 589 715 594 716 624 716 628 716 627 717 632 717 585 717 633 718 636 718 630 718 584 719 575 719 577 719 528 720 618 720 529 720 637 721 618 721 528 721 528 722 532 722 637 722 174 723 637 723 532 723 531 724 174 724 532 724 169 725 174 725 531 725 531 726 610 726 169 726 170 727 169 727 610 727 514 728 170 728 610 728 477 729 412 729 414 729 638 730 636 730 633 730 414 731 23 731 22 731 62 732 630 732 636 732 639 733 640 733 641 733 414 734 642 734 530 734 414 735 529 735 477 735 643 736 453 736 644 736 645 737 646 737 639 737 645 738 647 738 646 738 645 739 648 739 647 739 649 740 22 740 648 740 648 741 22 741 647 741 650 742 558 742 651 742 651 743 559 743 652 743 653 744 629 744 631 744 642 745 22 745 649 745 22 746 642 746 414 746 641 747 649 747 648 747 642 748 649 748 654 748 641 749 648 749 645 749 653 750 655 750 629 750 559 751 566 751 652 751 652 752 566 752 656 752 657 753 658 753 659 753 660 754 661 754 662 754 663 755 664 755 665 755 564 756 666 756 667 756 272 757 489 757 480 757 272 758 668 758 489 758 597 759 669 759 670 759 671 760 634 760 589 760 672 761 549 761 453 761 464 762 644 762 453 762 446 763 673 763 674 763 635 764 673 764 446 764 453 765 643 765 672 765 675 766 671 766 589 766 597 767 670 767 676 767 676 768 598 768 597 768 644 769 464 769 555 769 677 770 644 770 555 770 677 771 557 771 650 771 557 772 677 772 555 772 558 773 650 773 557 773 472 774 429 774 428 774 678 775 628 775 679 775 559 776 651 776 558 776 680 777 473 777 423 777 680 778 423 778 422 778 589 779 580 779 675 779 681 780 670 780 669 780 474 781 593 781 472 781 614 782 682 782 683 782 582 783 675 783 580 783 682 784 614 784 684 784 614 785 598 785 676 785 446 786 674 786 685 786 686 787 614 787 676 787 473 788 680 788 600 788 685 789 687 789 446 789 684 790 614 790 686 790 688 791 656 791 566 791 600 792 680 792 606 792 689 793 622 793 614 793 568 794 690 794 688 794 446 795 589 795 635 795 687 796 691 796 446 796 680 797 607 797 606 797 688 798 566 798 568 798 569 799 690 799 568 799 691 800 692 800 628 800 668 801 565 801 489 801 569 802 572 802 690 802 692 803 679 803 628 803 628 804 446 804 691 804 572 805 693 805 690 805 628 806 678 806 595 806 628 807 595 807 594 807 667 808 693 808 572 808 552 809 694 809 478 809 572 810 576 810 667 810 591 811 552 811 478 811 472 812 591 812 478 812 472 813 431 813 429 813 474 814 472 814 423 814 564 815 667 815 576 815 694 816 695 816 696 816 694 817 554 817 695 817 697 818 698 818 699 818 698 819 697 819 700 819 701 820 698 820 700 820 702 821 698 821 701 821 703 822 698 822 702 822 704 823 698 823 703 823 705 824 698 824 704 824 706 825 698 825 705 825 707 826 698 826 706 826 707 827 708 827 709 827 708 828 710 828 711 828 552 829 554 829 694 829 712 830 710 830 713 830 714 831 710 831 712 831 715 832 710 832 714 832 716 833 710 833 715 833 717 834 710 834 716 834 718 835 710 835 717 835 719 836 710 836 718 836 720 837 710 837 719 837 721 838 710 838 720 838 710 839 721 839 711 839 593 840 591 840 472 840 722 841 665 841 641 841 723 842 641 842 665 842 665 843 664 843 723 843 709 844 724 844 707 844 711 845 709 845 708 845 724 846 698 846 707 846 649 847 641 847 725 847 665 848 722 848 663 848 726 849 150 849 385 849 130 850 727 850 728 850 729 851 73 851 730 851 731 852 422 852 658 852 129 853 727 853 130 853 129 854 732 854 727 854 659 855 658 855 422 855 732 856 150 856 726 856 512 857 726 857 385 857 422 858 607 858 680 858 150 859 732 859 129 859 726 860 733 860 734 860 735 861 422 861 731 861 736 862 422 862 735 862 607 863 422 863 736 863 737 864 738 864 730 864 739 865 736 865 735 865 738 866 740 866 730 866 130 867 728 867 475 867 730 868 741 868 737 868 742 869 735 869 731 869 742 870 739 870 735 870 731 871 657 871 742 871 743 872 741 872 744 872 743 873 737 873 741 873 731 874 658 874 657 874 745 875 741 875 672 875 741 876 745 876 744 876 659 877 660 877 657 877 730 878 740 878 746 878 747 879 144 879 148 879 607 880 736 880 739 880 607 881 739 881 608 881 659 882 422 882 661 882 149 883 151 883 748 883 748 884 749 884 149 884 659 885 661 885 660 885 661 886 750 886 662 886 661 887 751 887 750 887 684 888 752 888 682 888 751 889 753 889 750 889 682 890 752 890 72 890 684 891 681 891 752 891 753 892 751 892 754 892 754 893 755 893 756 893 756 894 753 894 754 894 681 895 684 895 686 895 755 896 757 896 756 896 676 897 681 897 686 897 661 898 422 898 758 898 759 899 754 899 751 899 751 900 661 900 758 900 681 901 676 901 670 901 614 902 760 902 689 902 760 903 614 903 683 903 761 904 762 904 763 904 761 905 763 905 764 905 683 906 765 906 760 906 764 907 763 907 766 907 767 908 766 908 768 908 765 909 682 909 72 909 769 910 763 910 762 910 72 911 752 911 26 911 765 912 683 912 682 912 766 913 767 913 764 913 72 914 71 914 70 914 768 915 770 915 767 915 768 916 771 916 770 916 70 917 622 917 689 917 760 918 70 918 689 918 760 919 765 919 70 919 772 920 771 920 773 920 771 921 772 921 770 921 772 922 773 922 421 922 421 923 773 923 774 923 623 924 775 924 776 924 769 925 774 925 773 925 769 926 771 926 768 926 769 927 768 927 766 927 769 928 766 928 763 928 762 929 777 929 769 929 775 930 623 930 583 930 421 931 774 931 422 931 746 932 778 932 730 932 779 933 627 933 780 933 781 934 782 934 73 934 730 935 778 935 729 935 729 936 781 936 73 936 783 937 784 937 785 937 785 938 786 938 783 938 87 939 787 939 788 939 786 940 785 940 789 940 790 941 791 941 792 941 655 942 790 942 792 942 793 943 794 943 786 943 786 944 789 944 793 944 795 945 793 945 796 945 73 946 782 946 797 946 73 947 797 947 798 947 793 948 795 948 794 948 790 949 788 949 791 949 655 950 788 950 790 950 653 951 788 951 655 951 328 952 783 952 786 952 799 953 800 953 801 953 328 954 786 954 794 954 794 955 795 955 802 955 802 956 328 956 794 956 788 957 800 957 791 957 802 958 288 958 293 958 803 959 745 959 672 959 783 960 804 960 784 960 791 961 800 961 805 961 643 962 798 962 803 962 804 963 783 963 328 963 804 964 328 964 806 964 806 965 141 965 323 965 807 966 808 966 809 966 442 967 806 967 323 967 808 968 810 968 809 968 806 969 811 969 804 969 328 970 141 970 806 970 289 971 202 971 290 971 290 972 293 972 288 972 293 973 328 973 802 973 798 974 643 974 644 974 812 975 813 975 814 975 672 976 643 976 803 976 810 977 672 977 741 977 813 978 812 978 815 978 644 979 73 979 798 979 816 980 813 980 815 980 644 981 677 981 73 981 741 982 809 982 810 982 272 983 73 983 677 983 815 984 817 984 818 984 816 985 815 985 818 985 397 986 714 986 712 986 650 987 651 987 272 987 652 988 656 988 272 988 272 989 651 989 652 989 819 990 793 990 789 990 688 991 690 991 668 991 505 992 720 992 719 992 819 993 789 993 785 993 272 994 656 994 688 994 668 995 272 995 688 995 677 996 650 996 272 996 690 997 693 997 668 997 693 998 667 998 668 998 793 999 819 999 796 999 807 1000 809 1000 668 1000 668 1001 666 1001 807 1001 668 1002 667 1002 666 1002 815 1003 819 1003 817 1003 820 1004 769 1004 821 1004 741 1005 345 1005 822 1005 823 1006 824 1006 741 1006 796 1007 814 1007 825 1007 826 1008 827 1008 828 1008 422 1009 774 1009 829 1009 796 1010 825 1010 795 1010 741 1011 830 1011 831 1011 825 1012 814 1012 813 1012 802 1013 813 1013 832 1013 802 1014 825 1014 813 1014 802 1015 795 1015 825 1015 334 1016 741 1016 730 1016 833 1017 730 1017 834 1017 730 1018 835 1018 834 1018 288 1019 802 1019 836 1019 730 1020 340 1020 334 1020 438 1021 811 1021 837 1021 435 1022 438 1022 837 1022 343 1023 743 1023 744 1023 838 1024 839 1024 840 1024 437 1025 811 1025 438 1025 442 1026 837 1026 811 1026 811 1027 806 1027 442 1027 337 1028 743 1028 343 1028 337 1029 737 1029 743 1029 442 1030 435 1030 837 1030 804 1031 841 1031 784 1031 842 1032 841 1032 804 1032 738 1033 335 1033 740 1033 437 1034 446 1034 628 1034 842 1035 804 1035 811 1035 437 1036 842 1036 811 1036 842 1037 843 1037 819 1037 819 1038 841 1038 842 1038 817 1039 819 1039 843 1039 590 1040 511 1040 844 1040 516 1041 519 1041 417 1041 516 1042 498 1042 425 1042 425 1043 508 1043 517 1043 230 1044 590 1044 461 1044 729 1045 778 1045 359 1045 110 1046 590 1046 230 1046 110 1047 517 1047 590 1047 845 1048 846 1048 847 1048 110 1049 516 1049 517 1049 521 1050 845 1050 257 1050 103 1051 516 1051 110 1051 516 1052 103 1052 519 1052 166 1053 848 1053 161 1053 801 1054 849 1054 850 1054 847 1055 851 1055 787 1055 787 1056 845 1056 847 1056 852 1057 462 1057 853 1057 846 1058 801 1058 851 1058 461 1059 590 1059 844 1059 462 1060 461 1060 854 1060 851 1061 847 1061 846 1061 365 1062 781 1062 729 1062 358 1063 365 1063 729 1063 291 1064 251 1064 855 1064 856 1065 512 1065 514 1065 857 1066 247 1066 858 1066 251 1067 857 1067 855 1067 247 1068 857 1068 251 1068 247 1069 852 1069 858 1069 512 1070 518 1070 515 1070 859 1071 512 1071 856 1071 747 1072 512 1072 859 1072 860 1073 512 1073 747 1073 512 1074 860 1074 861 1074 250 1075 852 1075 247 1075 250 1076 462 1076 852 1076 145 1077 856 1077 612 1077 145 1078 612 1078 168 1078 145 1079 859 1079 856 1079 844 1080 229 1080 248 1080 145 1081 144 1081 859 1081 244 1082 853 1082 248 1082 249 1083 862 1083 243 1083 863 1084 864 1084 243 1084 862 1085 863 1085 243 1085 865 1086 730 1086 833 1086 511 1087 229 1087 844 1087 248 1088 854 1088 844 1088 748 1089 151 1089 866 1089 843 1090 818 1090 817 1090 854 1091 248 1091 853 1091 244 1092 243 1092 853 1092 853 1093 243 1093 864 1093 733 1094 726 1094 866 1094 864 1095 867 1095 858 1095 864 1096 863 1096 867 1096 861 1097 868 1097 726 1097 861 1098 726 1098 512 1098 867 1099 857 1099 858 1099 858 1100 852 1100 864 1100 852 1101 853 1101 864 1101 844 1102 854 1102 461 1102 854 1103 853 1103 462 1103 726 1104 749 1104 748 1104 726 1105 868 1105 749 1105 747 1106 859 1106 144 1106 863 1107 862 1107 867 1107 860 1108 747 1108 148 1108 249 1109 475 1109 862 1109 867 1110 862 1110 475 1110 861 1111 860 1111 132 1111 860 1112 148 1112 133 1112 132 1113 860 1113 133 1113 868 1114 861 1114 149 1114 728 1115 869 1115 867 1115 149 1116 861 1116 132 1116 749 1117 868 1117 149 1117 732 1118 870 1118 871 1118 259 1119 872 1119 183 1119 746 1120 342 1120 778 1120 259 1121 871 1121 872 1121 748 1122 866 1122 726 1122 258 1123 871 1123 259 1123 131 1124 869 1124 258 1124 866 1125 151 1125 152 1125 258 1126 869 1126 873 1126 152 1127 733 1127 866 1127 733 1128 175 1128 734 1128 175 1129 733 1129 152 1129 874 1130 269 1130 270 1130 875 1131 533 1131 532 1131 875 1132 532 1132 530 1132 533 1133 611 1133 531 1133 611 1134 612 1134 610 1134 514 1135 612 1135 856 1135 168 1136 612 1136 172 1136 876 1137 217 1137 222 1137 819 1138 812 1138 814 1138 172 1139 612 1139 611 1139 587 1140 599 1140 877 1140 798 1141 797 1141 455 1141 819 1142 785 1142 784 1142 819 1143 784 1143 841 1143 819 1144 815 1144 812 1144 819 1145 814 1145 796 1145 628 1146 843 1146 842 1146 628 1147 842 1147 437 1147 843 1148 878 1148 818 1148 344 1149 744 1149 745 1149 166 1150 879 1150 848 1150 344 1151 745 1151 346 1151 879 1152 166 1152 165 1152 337 1153 738 1153 737 1153 173 1154 172 1154 611 1154 879 1155 875 1155 530 1155 603 1156 880 1156 881 1156 848 1157 882 1157 161 1157 165 1158 875 1158 879 1158 173 1159 875 1159 165 1159 803 1160 346 1160 745 1160 173 1161 533 1161 875 1161 173 1162 611 1162 533 1162 883 1163 884 1163 885 1163 883 1164 886 1164 884 1164 887 1165 882 1165 888 1165 359 1166 358 1166 729 1166 882 1167 848 1167 889 1167 887 1168 888 1168 890 1168 155 1169 882 1169 156 1169 175 1170 887 1170 734 1170 156 1171 887 1171 175 1171 882 1172 887 1172 156 1172 161 1173 882 1173 155 1173 891 1174 892 1174 893 1174 893 1175 894 1175 891 1175 895 1176 888 1176 882 1176 848 1177 879 1177 530 1177 732 1178 890 1178 870 1178 890 1179 732 1179 726 1179 890 1180 726 1180 734 1180 890 1181 734 1181 887 1181 894 1182 896 1182 891 1182 897 1183 268 1183 267 1183 532 1184 528 1184 530 1184 529 1185 414 1185 530 1185 889 1186 895 1186 882 1186 896 1187 894 1187 898 1187 268 1188 899 1188 900 1188 896 1189 898 1189 901 1189 820 1190 839 1190 838 1190 829 1191 902 1191 422 1191 838 1192 774 1192 769 1192 774 1193 838 1193 829 1193 902 1194 903 1194 904 1194 871 1195 258 1195 873 1195 732 1196 873 1196 869 1196 829 1197 840 1197 903 1197 829 1198 903 1198 902 1198 869 1199 728 1199 727 1199 829 1200 838 1200 840 1200 266 1201 905 1201 906 1201 838 1202 769 1202 820 1202 282 1203 907 1203 271 1203 271 1204 907 1204 270 1204 902 1205 908 1205 422 1205 282 1206 909 1206 907 1206 846 1207 849 1207 801 1207 270 1208 907 1208 874 1208 800 1209 788 1209 851 1209 888 1210 167 1210 162 1210 800 1211 851 1211 801 1211 908 1212 904 1212 901 1212 788 1213 787 1213 851 1213 827 1214 901 1214 828 1214 901 1215 827 1215 908 1215 910 1216 909 1216 911 1216 788 1217 653 1217 87 1217 282 1218 911 1218 909 1218 269 1219 874 1219 897 1219 908 1220 902 1220 904 1220 269 1221 897 1221 267 1221 910 1222 907 1222 909 1222 911 1223 872 1223 912 1223 281 1224 911 1224 282 1224 897 1225 899 1225 268 1225 913 1226 777 1226 762 1226 769 1227 773 1227 771 1227 821 1228 777 1228 913 1228 821 1229 913 1229 914 1229 911 1230 281 1230 872 1230 885 1231 914 1231 913 1231 899 1232 897 1232 906 1232 883 1233 885 1233 913 1233 183 1234 872 1234 281 1234 629 1235 655 1235 915 1235 629 1236 915 1236 916 1236 916 1237 917 1237 629 1237 917 1238 638 1238 629 1238 911 1239 912 1239 910 1239 907 1240 910 1240 906 1240 638 1241 633 1241 629 1241 918 1242 919 1242 920 1242 921 1243 922 1243 918 1243 918 1244 923 1244 924 1244 925 1245 915 1245 626 1245 917 1246 926 1246 638 1246 199 1247 563 1247 562 1247 562 1248 294 1248 199 1248 638 1249 926 1249 927 1249 777 1250 821 1250 769 1250 928 1251 833 1251 834 1251 834 1252 929 1252 928 1252 917 1253 930 1253 926 1253 930 1254 917 1254 916 1254 930 1255 915 1255 925 1255 918 1256 865 1256 919 1256 915 1257 930 1257 916 1257 833 1258 928 1258 919 1258 919 1259 865 1259 833 1259 927 1260 636 1260 638 1260 304 1261 931 1261 305 1261 894 1262 893 1262 932 1262 922 1263 730 1263 865 1263 932 1264 898 1264 894 1264 898 1265 932 1265 826 1265 855 1266 292 1266 291 1266 925 1267 340 1267 933 1267 934 1268 892 1268 935 1268 934 1269 893 1269 892 1269 865 1270 918 1270 922 1270 936 1271 929 1271 834 1271 930 1272 57 1272 926 1272 302 1273 937 1273 299 1273 302 1274 305 1274 937 1274 834 1275 835 1275 936 1275 828 1276 901 1276 898 1276 563 1277 199 1277 938 1277 938 1278 199 1278 95 1278 936 1279 835 1279 121 1279 411 1280 938 1280 95 1280 869 1281 727 1281 732 1281 927 1282 926 1282 57 1282 411 1283 492 1283 561 1283 492 1284 411 1284 410 1284 939 1285 940 1285 314 1285 855 1286 867 1286 941 1286 870 1287 872 1287 871 1287 732 1288 871 1288 873 1288 562 1289 567 1289 937 1289 410 1290 484 1290 492 1290 626 1291 792 1291 621 1291 167 1292 895 1292 889 1292 937 1293 939 1293 562 1293 167 1294 888 1294 895 1294 937 1295 942 1295 939 1295 942 1296 931 1296 939 1296 561 1297 563 1297 938 1297 561 1298 938 1298 411 1298 157 1299 888 1299 162 1299 942 1300 305 1300 931 1300 890 1301 157 1301 176 1301 890 1302 888 1302 157 1302 292 1303 931 1303 304 1303 292 1304 943 1304 931 1304 184 1305 890 1305 176 1305 792 1306 626 1306 944 1306 870 1307 890 1307 184 1307 855 1308 943 1308 292 1308 184 1309 912 1309 870 1309 912 1310 872 1310 870 1310 561 1311 296 1311 567 1311 299 1312 567 1312 296 1312 792 1313 944 1313 655 1313 944 1314 915 1314 655 1314 906 1315 874 1315 907 1315 937 1316 567 1316 299 1316 906 1317 897 1317 874 1317 329 1318 912 1318 184 1318 937 1319 305 1319 942 1319 792 1320 791 1320 805 1320 280 1321 912 1321 329 1321 910 1322 912 1322 280 1322 266 1323 910 1323 280 1323 910 1324 266 1324 906 1324 867 1325 855 1325 857 1325 945 1326 621 1326 792 1326 294 1327 562 1327 939 1327 946 1328 621 1328 945 1328 725 1329 947 1329 948 1329 725 1330 949 1330 950 1330 941 1331 943 1331 855 1331 943 1332 939 1332 931 1332 939 1333 943 1333 951 1333 939 1334 952 1334 953 1334 944 1335 626 1335 915 1335 325 1336 954 1336 320 1336 800 1337 799 1337 805 1337 955 1338 947 1338 725 1338 956 1339 947 1339 955 1339 955 1340 641 1340 723 1340 725 1341 641 1341 955 1341 946 1342 799 1342 957 1342 90 1343 948 1343 947 1343 947 1344 956 1344 90 1344 958 1345 959 1345 960 1345 959 1346 961 1346 960 1346 316 1347 962 1347 303 1347 963 1348 351 1348 408 1348 923 1349 920 1349 964 1349 965 1350 408 1350 966 1350 929 1351 967 1351 964 1351 964 1352 928 1352 929 1352 928 1353 964 1353 919 1353 919 1354 964 1354 920 1354 314 1355 294 1355 939 1355 968 1356 945 1356 792 1356 350 1357 969 1357 378 1357 968 1358 792 1358 805 1358 964 1359 967 1359 923 1359 350 1360 970 1360 971 1360 968 1361 799 1361 946 1361 924 1362 923 1362 147 1362 946 1363 945 1363 968 1363 923 1364 84 1364 83 1364 805 1365 799 1365 968 1365 357 1366 340 1366 925 1366 923 1367 918 1367 920 1367 924 1368 921 1368 918 1368 353 1369 352 1369 972 1369 113 1370 530 1370 330 1370 113 1371 889 1371 530 1371 525 1372 621 1372 973 1372 889 1373 113 1373 167 1373 922 1374 974 1374 730 1374 975 1375 976 1375 974 1375 338 1376 977 1376 978 1376 332 1377 977 1377 338 1377 977 1378 332 1378 331 1378 331 1379 979 1379 977 1379 826 1380 828 1380 898 1380 893 1381 980 1381 981 1381 422 1382 908 1382 827 1382 975 1383 982 1383 983 1383 983 1384 921 1384 975 1384 326 1385 984 1385 325 1385 975 1386 974 1386 982 1386 762 1387 761 1387 985 1387 309 1388 984 1388 326 1388 982 1389 986 1389 983 1389 987 1390 986 1390 982 1390 974 1391 987 1391 982 1391 988 1392 976 1392 989 1392 317 1393 953 1393 327 1393 974 1394 986 1394 987 1394 922 1395 986 1395 974 1395 983 1396 986 1396 922 1396 921 1397 983 1397 922 1397 990 1398 976 1398 975 1398 990 1399 975 1399 924 1399 975 1400 921 1400 924 1400 989 1401 991 1401 88 1401 990 1402 991 1402 989 1402 924 1403 991 1403 990 1403 992 1404 988 1404 989 1404 989 1405 976 1405 990 1405 943 1406 984 1406 993 1406 951 1407 952 1407 939 1407 939 1408 953 1408 962 1408 962 1409 994 1409 939 1409 881 1410 604 1410 603 1410 951 1411 993 1411 308 1411 974 1412 976 1412 995 1412 327 1413 952 1413 951 1413 881 1414 996 1414 604 1414 327 1415 951 1415 308 1415 997 1416 998 1416 999 1416 1000 1417 1001 1417 886 1417 953 1418 952 1418 327 1418 303 1419 953 1419 317 1419 1002 1420 1003 1420 1004 1420 953 1421 303 1421 962 1421 1005 1422 620 1422 609 1422 1006 1423 1002 1423 1007 1423 1005 1424 619 1424 620 1424 1008 1425 992 1425 995 1425 995 1426 999 1426 974 1426 1002 1427 999 1427 995 1427 1009 1428 997 1428 1006 1428 1010 1429 997 1429 1009 1429 993 1430 951 1430 943 1430 1009 1431 1006 1431 1007 1431 617 1432 1011 1432 602 1432 1009 1433 1007 1433 998 1433 998 1434 1010 1434 1009 1434 1010 1435 998 1435 997 1435 320 1436 1012 1436 400 1436 1013 1437 602 1437 1011 1437 1006 1438 997 1438 999 1438 1012 1439 320 1439 954 1439 999 1440 1002 1440 1006 1440 1014 1441 1015 1441 605 1441 1008 1442 988 1442 992 1442 325 1443 984 1443 954 1443 1008 1444 995 1444 976 1444 976 1445 988 1445 1008 1445 309 1446 993 1446 984 1446 260 1447 287 1447 297 1447 1002 1448 995 1448 1003 1448 287 1449 589 1449 319 1449 309 1450 308 1450 993 1450 992 1451 1003 1451 995 1451 217 1452 876 1452 287 1452 1016 1453 877 1453 599 1453 877 1454 1017 1454 587 1454 587 1455 1017 1455 1018 1455 580 1456 1018 1456 1019 1456 985 1457 1020 1457 1021 1457 1022 1458 580 1458 1019 1458 1004 1459 1007 1459 1002 1459 1003 1460 1023 1460 1004 1460 1024 1461 1025 1461 1026 1461 994 1462 962 1462 316 1462 1025 1463 1027 1463 1026 1463 316 1464 315 1464 1028 1464 1027 1465 1025 1465 1029 1465 1023 1466 1003 1466 992 1466 1030 1467 1028 1467 315 1467 1027 1468 1029 1468 1031 1468 354 1469 1030 1469 360 1469 1032 1470 1033 1470 1034 1470 1034 1471 1035 1471 1032 1471 1035 1472 1034 1472 1036 1472 973 1473 957 1473 1037 1473 1033 1474 1038 1474 1034 1474 994 1475 1028 1475 940 1475 845 1476 526 1476 1037 1476 845 1477 1037 1477 850 1477 845 1478 850 1478 849 1478 849 1479 846 1479 845 1479 1038 1480 1033 1480 1039 1480 940 1481 939 1481 994 1481 1028 1482 1030 1482 940 1482 526 1483 845 1483 521 1483 526 1484 521 1484 523 1484 1028 1485 994 1485 316 1485 1001 1486 1040 1486 1041 1486 315 1487 360 1487 1030 1487 957 1488 801 1488 850 1488 1037 1489 957 1489 850 1489 973 1490 526 1490 525 1490 973 1491 1037 1491 526 1491 273 1492 402 1492 712 1492 1042 1493 1043 1493 935 1493 1032 1494 1039 1494 1033 1494 1021 1495 762 1495 985 1495 487 1496 490 1496 719 1496 716 1497 480 1497 488 1497 1044 1498 880 1498 624 1498 1045 1499 883 1499 1021 1499 883 1500 913 1500 762 1500 1045 1501 1021 1501 1020 1501 1020 1502 1000 1502 1045 1502 762 1503 1021 1503 883 1503 706 1504 285 1504 283 1504 1000 1505 1046 1505 1026 1505 1026 1506 1040 1506 1000 1506 286 1507 285 1507 706 1507 980 1508 893 1508 934 1508 1047 1509 980 1509 934 1509 934 1510 1043 1510 1047 1510 1048 1511 1049 1511 1040 1511 1048 1512 1043 1512 1049 1512 1043 1513 1048 1513 1047 1513 703 1514 300 1514 704 1514 883 1515 1045 1515 886 1515 1050 1516 619 1516 1005 1516 1039 1517 1004 1517 1038 1517 1045 1518 1000 1518 886 1518 616 1519 1050 1519 1051 1519 1011 1520 616 1520 1051 1520 1000 1521 1040 1521 1001 1521 1049 1522 1041 1522 1040 1522 1049 1523 1042 1523 1041 1523 1004 1524 1039 1524 1052 1524 1049 1525 1043 1525 1042 1525 989 1526 88 1526 89 1526 1043 1527 934 1527 935 1527 985 1528 1053 1528 1020 1528 1054 1529 51 1529 1034 1529 1055 1530 1020 1530 1056 1530 1054 1531 1004 1531 630 1531 1053 1532 1056 1532 1020 1532 1038 1533 1004 1533 1054 1533 1056 1534 1046 1534 1055 1534 1056 1535 1024 1535 1046 1535 1046 1536 1024 1536 1026 1536 384 1537 699 1537 698 1537 51 1538 1054 1538 1057 1538 1027 1539 1031 1539 1048 1539 653 1540 1004 1540 87 1540 396 1541 714 1541 397 1541 1034 1542 1038 1542 1054 1542 712 1543 402 1543 397 1543 1055 1544 1046 1544 1000 1544 1000 1545 1020 1545 1055 1545 1026 1546 1027 1546 1040 1546 1040 1547 1027 1547 1048 1547 1058 1548 1059 1548 1060 1548 1059 1549 1058 1549 1061 1549 1062 1550 1063 1550 1059 1550 1059 1551 1061 1551 1062 1551 981 1552 1063 1552 1062 1552 1005 1553 609 1553 996 1553 51 1554 1057 1554 1064 1554 981 1555 1065 1555 1063 1555 1062 1556 1061 1556 932 1556 1061 1557 1058 1557 932 1557 121 1558 1066 1558 936 1558 1066 1559 121 1559 967 1559 932 1560 981 1560 1062 1560 121 1561 120 1561 967 1561 1067 1562 1068 1562 1047 1562 980 1563 1065 1563 981 1563 1066 1564 929 1564 936 1564 929 1565 1066 1565 967 1565 705 1566 295 1566 286 1566 980 1567 1068 1567 1065 1567 295 1568 705 1568 704 1568 121 1569 65 1569 84 1569 1068 1570 980 1570 1047 1570 295 1571 704 1571 300 1571 120 1572 923 1572 967 1572 981 1573 932 1573 893 1573 1069 1574 1067 1574 1047 1574 1031 1575 1069 1575 1047 1575 99 1576 102 1576 923 1576 588 1577 587 1577 1018 1577 1031 1578 1047 1578 1048 1578 580 1579 588 1579 1018 1579 147 1580 923 1580 102 1580 580 1581 1022 1581 581 1581 1070 1582 403 1582 1060 1582 403 1583 1058 1583 1060 1583 83 1584 99 1584 923 1584 1058 1585 403 1585 389 1585 120 1586 84 1586 923 1586 1013 1587 1016 1587 602 1587 730 1588 65 1588 835 1588 599 1589 601 1589 1016 1589 73 1590 65 1590 730 1590 601 1591 602 1591 1016 1591 1071 1592 594 1592 1022 1592 121 1593 835 1593 65 1593 1022 1594 594 1594 581 1594 924 1595 88 1595 991 1595 1044 1596 594 1596 1071 1596 594 1597 1044 1597 624 1597 624 1598 880 1598 603 1598 1004 1599 631 1599 630 1599 480 1600 716 1600 396 1600 996 1601 609 1601 604 1601 1057 1602 62 1602 1064 1602 57 1603 62 1603 927 1603 619 1604 1050 1604 616 1604 653 1605 631 1605 1004 1605 500 1606 720 1606 505 1606 630 1607 1057 1607 1054 1607 1011 1608 617 1608 616 1608 62 1609 1057 1609 630 1609 719 1610 718 1610 487 1610 1072 1611 605 1611 287 1611 287 1612 876 1612 1072 1612 1004 1613 1023 1613 89 1613 927 1614 62 1614 636 1614 499 1615 711 1615 500 1615 623 1616 776 1616 1073 1616 51 1617 1064 1617 61 1617 60 1618 52 1618 51 1618 61 1619 60 1619 51 1619 1074 1620 1075 1620 1076 1620 1064 1621 62 1621 61 1621 706 1622 283 1622 707 1622 776 1623 775 1623 1077 1623 992 1624 989 1624 89 1624 621 1625 946 1625 973 1625 340 1626 730 1626 974 1626 340 1627 1078 1627 1079 1627 801 1628 957 1628 799 1628 957 1629 973 1629 946 1629 334 1630 345 1630 741 1630 925 1631 626 1631 357 1631 478 1632 431 1632 472 1632 344 1633 343 1633 744 1633 430 1634 1080 1634 1081 1634 478 1635 1080 1635 430 1635 1081 1636 1080 1636 1082 1636 345 1637 1083 1637 822 1637 741 1638 824 1638 1084 1638 1085 1639 1082 1639 1080 1639 1086 1640 823 1640 741 1640 1085 1641 1087 1641 1082 1641 830 1642 1088 1642 831 1642 1089 1643 1090 1643 1091 1643 392 1644 384 1644 698 1644 1092 1645 831 1645 1093 1645 1093 1646 831 1646 1083 1646 1091 1647 1090 1647 1094 1647 822 1648 830 1648 741 1648 1091 1649 1095 1649 1096 1649 1083 1650 831 1650 1097 1650 822 1651 1098 1651 830 1651 1098 1652 822 1652 1083 1652 1083 1653 1097 1653 1098 1653 274 1654 273 1654 713 1654 1096 1655 1099 1655 1100 1655 1101 1656 1098 1656 1097 1656 1088 1657 1098 1657 1101 1657 710 1658 275 1658 274 1658 1099 1659 1102 1659 1100 1659 1101 1660 1097 1660 831 1660 1101 1661 831 1661 1088 1661 1088 1662 830 1662 1098 1662 719 1663 490 1663 505 1663 488 1664 487 1664 718 1664 1103 1665 757 1665 1104 1665 831 1666 1086 1666 741 1666 1103 1667 1104 1667 1105 1667 1106 1668 1076 1668 1105 1668 1107 1669 1086 1669 831 1669 1074 1670 695 1670 1075 1670 1108 1671 1087 1671 1085 1671 1109 1672 1086 1672 1107 1672 1109 1673 1107 1673 1110 1673 1080 1674 478 1674 694 1674 1109 1675 1111 1675 1086 1675 1086 1676 1111 1676 823 1676 1074 1677 1085 1677 1080 1677 1080 1678 696 1678 1074 1678 1108 1679 1085 1679 1074 1679 694 1680 696 1680 1080 1680 775 1681 1112 1681 1077 1681 1113 1682 15 1682 1114 1682 1093 1683 1083 1683 1115 1683 1074 1684 696 1684 695 1684 1093 1685 1115 1685 1116 1685 1087 1686 1090 1686 1089 1686 1092 1687 1107 1687 831 1687 1087 1688 1108 1688 1090 1688 1091 1689 1094 1689 1095 1689 1096 1690 1095 1690 1099 1690 1093 1691 1116 1691 1117 1691 1093 1692 1117 1692 1118 1692 1118 1693 1092 1693 1093 1693 1107 1694 1092 1694 1110 1694 1119 1695 1099 1695 1104 1695 1110 1696 1092 1696 1118 1696 1083 1697 1120 1697 1121 1697 1104 1698 755 1698 1119 1698 1099 1699 1106 1699 1104 1699 1106 1700 1099 1700 1095 1700 1106 1701 1095 1701 1094 1701 1090 1702 1108 1702 1074 1702 1094 1703 1090 1703 1074 1703 1074 1704 1106 1704 1094 1704 1104 1705 757 1705 755 1705 1105 1706 1104 1706 1106 1706 1120 1707 1083 1707 1122 1707 1123 1708 1124 1708 1125 1708 1123 1709 1126 1709 1124 1709 1106 1710 1074 1710 1076 1710 1126 1711 1123 1711 1112 1711 1127 1712 389 1712 391 1712 1123 1713 1077 1713 1112 1713 1128 1714 1102 1714 1119 1714 1077 1715 1123 1715 1129 1715 1129 1716 1130 1716 1077 1716 1102 1717 1128 1717 1131 1717 1132 1718 1131 1718 1128 1718 779 1719 1130 1719 1129 1719 1124 1720 1126 1720 1133 1720 1132 1721 759 1721 758 1721 1126 1722 1134 1722 1133 1722 1121 1723 1115 1723 1083 1723 1112 1724 1134 1724 1126 1724 1132 1725 758 1725 1135 1725 1136 1726 1117 1726 1116 1726 775 1727 1134 1727 1112 1727 1117 1728 1136 1728 1118 1728 1137 1729 932 1729 1127 1729 779 1730 1129 1730 1123 1730 1123 1731 1138 1731 779 1731 336 1732 738 1732 337 1732 738 1733 336 1733 335 1733 1138 1734 1125 1734 1133 1734 341 1735 740 1735 335 1735 1125 1736 1138 1736 1123 1736 1139 1737 1122 1737 1140 1737 341 1738 746 1738 740 1738 1139 1739 1140 1739 1141 1739 1014 1740 31 1740 1015 1740 1139 1741 1142 1741 1122 1741 1142 1742 1120 1742 1122 1742 1119 1743 1102 1743 1099 1743 1142 1744 1143 1744 1120 1744 1133 1745 1125 1745 1124 1745 1143 1746 1121 1746 1120 1746 1121 1747 1116 1747 1115 1747 1128 1748 759 1748 1132 1748 632 1749 1138 1749 1133 1749 632 1750 1133 1750 1134 1750 775 1751 583 1751 632 1751 632 1752 1134 1752 775 1752 1144 1753 38 1753 1145 1753 1116 1754 1121 1754 1143 1754 1122 1755 1083 1755 345 1755 1138 1756 627 1756 779 1756 754 1757 759 1757 1128 1757 1138 1758 632 1758 627 1758 1122 1759 345 1759 1140 1759 780 1760 627 1760 622 1760 758 1761 759 1761 751 1761 1084 1762 809 1762 741 1762 1128 1763 755 1763 754 1763 1128 1764 1119 1764 755 1764 826 1765 1135 1765 758 1765 826 1766 1137 1766 1135 1766 816 1767 832 1767 813 1767 932 1768 1137 1768 826 1768 832 1769 836 1769 802 1769 826 1770 758 1770 422 1770 826 1771 422 1771 827 1771 816 1772 818 1772 832 1772 832 1773 1146 1773 1147 1773 832 1774 878 1774 1146 1774 1127 1775 932 1775 389 1775 878 1776 832 1776 818 1776 389 1777 932 1777 1058 1777 823 1778 1111 1778 1148 1778 403 1779 398 1779 394 1779 403 1780 394 1780 390 1780 1084 1781 824 1781 1149 1781 823 1782 1148 1782 824 1782 1073 1783 1113 1783 1114 1783 347 1784 803 1784 798 1784 824 1785 1148 1785 1149 1785 1114 1786 15 1786 1150 1786 345 1787 1151 1787 1140 1787 963 1788 1152 1788 1153 1788 1154 1789 963 1789 1153 1789 1155 1790 11 1790 1156 1790 972 1791 1152 1791 963 1791 963 1792 1157 1792 1158 1792 972 1793 352 1793 1152 1793 1150 1794 1159 1794 1072 1794 1114 1795 1150 1795 1072 1795 352 1796 1153 1796 1152 1796 1159 1797 1160 1797 1072 1797 1072 1798 1073 1798 1114 1798 1072 1799 1155 1799 1156 1799 1014 1800 605 1800 1072 1800 1072 1801 1156 1801 1014 1801 1072 1802 1160 1802 1155 1802 356 1803 1153 1803 352 1803 356 1804 1154 1804 1153 1804 1161 1805 1162 1805 1163 1805 1164 1806 1165 1806 1166 1806 1158 1807 1030 1807 354 1807 354 1808 353 1808 1158 1808 1167 1809 1164 1809 1166 1809 1165 1810 1168 1810 1166 1810 1169 1811 1170 1811 1073 1811 1168 1812 1165 1812 1171 1812 353 1813 972 1813 1158 1813 1073 1814 1170 1814 1172 1814 1168 1815 1171 1815 1173 1815 1113 1816 1073 1816 1172 1816 1162 1817 1174 1817 1175 1817 605 1818 1015 1818 1176 1818 1158 1819 1157 1819 965 1819 940 1820 1030 1820 1158 1820 1176 1821 1177 1821 605 1821 363 1822 867 1822 869 1822 709 1823 501 1823 393 1823 1171 1824 1178 1824 1173 1824 501 1825 709 1825 711 1825 1015 1826 31 1826 1176 1826 311 1827 941 1827 363 1827 1178 1828 1163 1828 1173 1828 1163 1829 1179 1829 1173 1829 363 1830 941 1830 867 1830 1179 1831 1163 1831 1162 1831 1180 1832 1162 1832 1161 1832 943 1833 941 1833 1181 1833 1175 1834 1166 1834 1168 1834 1175 1835 1168 1835 1173 1835 1173 1836 1179 1836 1175 1836 1179 1837 1162 1837 1175 1837 625 1838 1145 1838 1182 1838 310 1839 941 1839 311 1839 625 1840 1182 1840 1183 1840 625 1841 1183 1841 1184 1841 1185 1842 1186 1842 1187 1842 1186 1843 1185 1843 1070 1843 1188 1844 1189 1844 1073 1844 625 1845 1184 1845 1188 1845 321 1846 1190 1846 322 1846 1073 1847 625 1847 1188 1847 700 1848 697 1848 367 1848 697 1849 381 1849 367 1849 368 1850 1191 1850 401 1850 1192 1851 383 1851 370 1851 1193 1852 1169 1852 1073 1852 1073 1853 1189 1853 1193 1853 400 1854 1194 1854 369 1854 605 1855 1177 1855 1195 1855 605 1856 1195 1856 1196 1856 605 1857 1196 1857 1197 1857 9 1858 1175 1858 7 1858 605 1859 1198 1859 625 1859 1198 1860 1144 1860 625 1860 1199 1861 406 1861 351 1861 1200 1862 625 1862 1073 1862 406 1863 1201 1863 404 1863 625 1864 1144 1864 1145 1864 1197 1865 1198 1865 605 1865 1199 1866 1201 1866 406 1866 1187 1867 1202 1867 1203 1867 1202 1868 1187 1868 1204 1868 1203 1869 1185 1869 1187 1869 398 1870 1203 1870 1202 1870 407 1871 1154 1871 356 1871 1185 1872 403 1872 1070 1872 705 1873 286 1873 706 1873 405 1874 1205 1874 382 1874 1185 1875 398 1875 403 1875 398 1876 1185 1876 1203 1876 780 1877 289 1877 288 1877 1205 1878 1206 1878 387 1878 1207 1879 1208 1879 1209 1879 387 1880 382 1880 1205 1880 1172 1881 1170 1881 17 1881 1172 1882 17 1882 1113 1882 703 1883 301 1883 300 1883 1210 1884 458 1884 1211 1884 347 1885 346 1885 803 1885 746 1886 341 1886 342 1886 1136 1887 1111 1887 1109 1887 359 1888 778 1888 342 1888 1136 1889 1148 1889 1111 1889 1191 1890 1212 1890 401 1890 781 1891 441 1891 782 1891 365 1892 441 1892 781 1892 441 1893 440 1893 782 1893 1213 1894 383 1894 1192 1894 32 1895 1184 1895 1183 1895 797 1896 440 1896 447 1896 782 1897 440 1897 797 1897 400 1898 1214 1898 1194 1898 999 1899 998 1899 340 1899 310 1900 1181 1900 941 1900 1215 1901 1141 1901 1151 1901 322 1902 1181 1902 310 1902 1141 1903 1140 1903 1151 1903 1078 1904 340 1904 1216 1904 1181 1905 322 1905 1190 1905 1193 1906 19 1906 1169 1906 455 1907 797 1907 447 1907 1217 1908 1151 1908 345 1908 1181 1909 1190 1909 954 1909 1136 1910 1110 1910 1118 1910 321 1911 1218 1911 1190 1911 1136 1912 1109 1912 1110 1912 1190 1913 1218 1913 1012 1913 38 1914 1144 1914 1198 1914 401 1915 1218 1915 321 1915 954 1916 984 1916 1181 1916 366 1917 700 1917 367 1917 798 1918 455 1918 454 1918 1136 1919 1149 1919 1148 1919 347 1920 798 1920 454 1920 1136 1921 1143 1921 1142 1921 17 1922 1170 1922 18 1922 1139 1923 1136 1923 1142 1923 340 1924 974 1924 999 1924 1143 1925 1136 1925 1116 1925 1141 1926 1136 1926 1139 1926 1215 1927 1136 1927 1141 1927 998 1928 1216 1928 340 1928 1217 1929 1219 1929 1220 1929 1156 1930 11 1930 10 1930 1217 1931 1215 1931 1151 1931 1160 1932 12 1932 11 1932 1160 1933 11 1933 1155 1933 396 1934 716 1934 715 1934 1215 1935 1217 1935 1136 1935 809 1936 1084 1936 1221 1936 1221 1937 1222 1937 809 1937 713 1938 710 1938 274 1938 1195 1939 1177 1939 33 1939 710 1940 708 1940 275 1940 1149 1941 1136 1941 1223 1941 1195 1942 36 1942 43 1942 1078 1943 1224 1943 1079 1943 1216 1944 1007 1944 1004 1944 1156 1945 10 1945 1014 1945 1084 1946 1149 1946 1223 1946 1223 1947 1221 1947 1084 1947 998 1948 1007 1948 1216 1948 1224 1949 1225 1949 1034 1949 720 1950 500 1950 721 1950 331 1951 372 1951 979 1951 1226 1952 1227 1952 809 1952 275 1953 708 1953 707 1953 707 1954 283 1954 275 1954 1221 1955 1228 1955 1222 1955 1229 1956 1230 1956 1231 1956 1222 1957 1232 1957 1226 1957 1232 1958 1222 1958 1228 1958 301 1959 703 1959 702 1959 701 1960 366 1960 702 1960 702 1961 366 1961 301 1961 701 1962 700 1962 366 1962 1232 1963 1233 1963 1234 1963 381 1964 699 1964 384 1964 1228 1965 1221 1965 1223 1965 381 1966 697 1966 699 1966 378 1967 969 1967 379 1967 30 1968 1176 1968 31 1968 1176 1969 30 1969 1177 1969 392 1970 698 1970 724 1970 1232 1971 1234 1971 1226 1971 1226 1972 1234 1972 1227 1972 714 1973 396 1973 715 1973 349 1974 970 1974 350 1974 1227 1975 1233 1975 1235 1975 713 1976 273 1976 712 1976 1234 1977 1233 1977 1227 1977 717 1978 488 1978 718 1978 1233 1979 1236 1979 1235 1979 717 1980 716 1980 488 1980 724 1981 393 1981 392 1981 393 1982 724 1982 709 1982 711 1983 499 1983 501 1983 500 1984 711 1984 721 1984 809 1985 1222 1985 1226 1985 1235 1986 668 1986 809 1986 375 1987 330 1987 949 1987 39 1988 21 1988 1188 1988 330 1989 950 1989 949 1989 1237 1990 668 1990 1238 1990 330 1991 654 1991 950 1991 668 1992 1235 1992 1238 1992 1189 1993 21 1993 20 1993 668 1994 1237 1994 1239 1994 1240 1995 876 1995 1241 1995 809 1996 1227 1996 1235 1996 807 1997 666 1997 564 1997 807 1998 540 1998 808 1998 43 1999 1196 1999 1195 1999 1196 2000 43 2000 1197 2000 38 2001 1198 2001 42 2001 876 2002 1240 2002 1013 2002 1197 2003 42 2003 1198 2003 1017 2004 877 2004 1240 2004 1241 2005 1018 2005 1017 2005 1241 2006 1017 2006 1240 2006 1238 2007 1242 2007 1237 2007 1241 2008 1019 2008 1018 2008 379 2009 1243 2009 266 2009 1022 2010 1019 2010 1241 2010 1236 2011 1238 2011 1235 2011 1240 2012 1016 2012 1013 2012 877 2013 1016 2013 1240 2013 1244 2014 949 2014 725 2014 1245 2015 1246 2015 1247 2015 1022 2016 1241 2016 1248 2016 950 2017 654 2017 649 2017 14 2018 13 2018 1159 2018 1044 2019 1071 2019 669 2019 1159 2020 12 2020 1160 2020 13 2021 12 2021 1159 2021 654 2022 530 2022 642 2022 1249 2023 1250 2023 1073 2023 1250 2024 1251 2024 1073 2024 880 2025 1044 2025 1073 2025 1072 2026 881 2026 880 2026 776 2027 1252 2027 1073 2027 1073 2028 1252 2028 1249 2028 530 2029 889 2029 848 2029 881 2030 1072 2030 996 2030 371 2031 1245 2031 1253 2031 373 2032 1246 2032 371 2032 1072 2033 1005 2033 996 2033 1254 2034 1077 2034 1130 2034 1050 2035 1005 2035 1072 2035 1072 2036 876 2036 1050 2036 876 2037 1051 2037 1050 2037 1246 2038 1245 2038 371 2038 1013 2039 1011 2039 876 2039 876 2040 1011 2040 1051 2040 33 2041 1177 2041 30 2041 374 2042 1246 2042 373 2042 1254 2043 1252 2043 776 2043 776 2044 1077 2044 1254 2044 33 2045 36 2045 1195 2045 374 2046 1244 2046 1246 2046 780 2047 1255 2047 779 2047 375 2048 1244 2048 374 2048 1073 2049 1072 2049 880 2049 375 2050 949 2050 1244 2050 1073 2051 1251 2051 1256 2051 330 2052 530 2052 654 2052 1256 2053 1257 2053 780 2053 1256 2054 780 2054 1073 2054 1257 2055 1255 2055 780 2055 1258 2056 1259 2056 1130 2056 1260 2057 1261 2057 1130 2057 1262 2058 1254 2058 1130 2058 1262 2059 1130 2059 1261 2059 1259 2060 1260 2060 1130 2060 1253 2061 1245 2061 1263 2061 401 2062 1212 2062 1218 2062 906 2063 905 2063 1264 2063 1181 2064 984 2064 943 2064 21 2065 1189 2065 1188 2065 1130 2066 779 2066 1255 2066 1264 2067 969 2067 1265 2067 971 2068 1264 2068 1265 2068 1243 2069 969 2069 1264 2069 905 2070 1243 2070 1264 2070 1012 2071 954 2071 1190 2071 1218 2072 1212 2072 1012 2072 1189 2073 20 2073 1193 2073 1252 2074 1262 2074 1249 2074 350 2075 1265 2075 969 2075 1243 2076 379 2076 969 2076 1252 2077 1254 2077 1262 2077 1192 2078 1191 2078 1266 2078 1265 2079 350 2079 971 2079 1261 2080 1249 2080 1262 2080 1192 2081 1194 2081 1191 2081 1192 2082 1266 2082 1206 2082 1250 2083 1249 2083 1261 2083 18 2084 1170 2084 1169 2084 349 2085 1253 2085 970 2085 377 2086 1253 2086 349 2086 1214 2087 1212 2087 1191 2087 1251 2088 1250 2088 1260 2088 1253 2089 377 2089 371 2089 1214 2090 1012 2090 1212 2090 1191 2091 1194 2091 1214 2091 1243 2092 905 2092 266 2092 14 2093 1150 2093 15 2093 1260 2094 1250 2094 1261 2094 1159 2095 1150 2095 14 2095 1260 2096 1259 2096 1251 2096 1251 2097 1259 2097 1256 2097 369 2098 1192 2098 370 2098 1258 2099 1257 2099 1259 2099 970 2100 1253 2100 1263 2100 1263 2101 1264 2101 971 2101 977 2102 1246 2102 725 2102 1246 2103 1244 2103 725 2103 950 2104 649 2104 725 2104 369 2105 1194 2105 1192 2105 1259 2106 1257 2106 1256 2106 1130 2107 1257 2107 1258 2107 977 2108 979 2108 1246 2108 1255 2109 1257 2109 1130 2109 372 2110 1247 2110 979 2110 780 2111 622 2111 70 2111 1012 2112 1214 2112 400 2112 780 2113 70 2113 289 2113 1267 2114 1164 2114 1167 2114 1267 2115 1207 2115 1164 2115 368 2116 387 2116 1266 2116 1073 2117 669 2117 597 2117 387 2118 1206 2118 1266 2118 1073 2119 780 2119 1200 2119 1073 2120 597 2120 623 2120 368 2121 1266 2121 1191 2121 1268 2122 1167 2122 1166 2122 1147 2123 1200 2123 832 2123 1267 2124 1208 2124 1207 2124 1205 2125 1269 2125 1213 2125 1147 2126 1270 2126 1271 2126 1166 2127 1175 2127 1268 2127 963 2128 1199 2128 351 2128 1225 2129 1036 2129 1034 2129 1208 2130 1204 2130 1209 2130 1147 2131 1146 2131 1272 2131 1147 2132 1272 2132 1273 2132 1208 2133 1202 2133 1204 2133 1200 2134 1274 2134 625 2134 404 2135 1269 2135 405 2135 836 2136 1200 2136 780 2136 1275 2137 1202 2137 1208 2137 1275 2138 1208 2138 1267 2138 1267 2139 1229 2139 1275 2139 1241 2140 1276 2140 1277 2140 1277 2141 1248 2141 1241 2141 1035 2142 1036 2142 1052 2142 1241 2143 1278 2143 1276 2143 1052 2144 1036 2144 1216 2144 1078 2145 1216 2145 1225 2145 1279 2146 1241 2146 241 2146 1241 2147 1279 2147 1278 2147 1280 2148 458 2148 398 2148 1232 2149 1281 2149 1282 2149 1225 2150 1216 2150 1036 2150 1232 2151 1283 2151 1284 2151 1225 2152 1224 2152 1078 2152 1247 2153 372 2153 348 2153 348 2154 1263 2154 1247 2154 1247 2155 1263 2155 1245 2155 1285 2156 669 2156 1022 2156 1286 2157 1242 2157 1236 2157 1284 2158 1236 2158 1233 2158 1233 2159 1232 2159 1284 2159 1236 2160 1284 2160 1286 2160 1022 2161 1287 2161 1285 2161 1039 2162 1032 2162 1052 2162 978 2163 977 2163 725 2163 1232 2164 1282 2164 1283 2164 1248 2165 1288 2165 1022 2165 979 2166 1247 2166 1246 2166 338 2167 978 2167 948 2167 948 2168 978 2168 725 2168 1035 2169 1052 2169 1032 2169 948 2170 339 2170 338 2170 1289 2171 339 2171 948 2171 1290 2172 1291 2172 241 2172 948 2173 1292 2173 961 2173 1293 2174 1290 2174 241 2174 948 2175 90 2175 140 2175 948 2176 140 2176 1292 2176 961 2177 959 2177 948 2177 959 2178 1289 2178 948 2178 241 2179 1294 2179 1295 2179 1295 2180 1293 2180 241 2180 241 2181 1291 2181 1279 2181 241 2182 669 2182 1296 2182 1242 2183 1238 2183 1236 2183 1296 2184 1294 2184 241 2184 1004 2185 1052 2185 1216 2185 1285 2186 1297 2186 669 2186 669 2187 1298 2187 1296 2187 1298 2188 669 2188 1299 2188 1289 2189 959 2189 958 2189 1237 2190 1300 2190 1239 2190 1237 2191 1242 2191 1300 2191 1022 2192 1288 2192 1287 2192 1079 2193 933 2193 340 2193 1301 2194 925 2194 933 2194 1297 2195 1299 2195 669 2195 1292 2196 140 2196 1302 2196 1301 2197 930 2197 925 2197 1303 2198 565 2198 1304 2198 933 2199 1305 2199 1306 2199 933 2200 1306 2200 1301 2200 669 2201 1073 2201 1044 2201 933 2202 1079 2202 1224 2202 1301 2203 57 2203 930 2203 1304 2204 1284 2204 1303 2204 669 2205 1071 2205 1022 2205 1307 2206 565 2206 1303 2206 1307 2207 1308 2207 565 2207 1275 2208 398 2208 1202 2208 398 2209 1275 2209 1280 2209 1308 2210 1309 2210 565 2210 1229 2211 1267 2211 1167 2211 1167 2212 1268 2212 1229 2212 1310 2213 1311 2213 1175 2213 1312 2214 1241 2214 486 2214 1231 2215 1211 2215 1280 2215 1231 2216 1280 2216 1275 2216 486 2217 1241 2217 485 2217 1241 2218 483 2218 485 2218 1312 2219 486 2219 493 2219 1275 2220 1229 2220 1231 2220 493 2221 1313 2221 1314 2221 1268 2222 1230 2222 1229 2222 1268 2223 1315 2223 1230 2223 832 2224 1200 2224 836 2224 9 2225 1268 2225 1175 2225 836 2226 780 2226 288 2226 9 2227 1315 2227 1268 2227 313 2228 1313 2228 493 2228 493 2229 481 2229 313 2229 878 2230 1273 2230 1272 2230 1273 2231 878 2231 1316 2231 1272 2232 1146 2232 878 2232 1314 2233 1312 2233 493 2233 458 2234 419 2234 385 2234 1210 2235 418 2235 458 2235 1316 2236 878 2236 843 2236 1314 2237 1313 2237 1317 2237 419 2238 458 2238 418 2238 458 2239 1280 2239 1211 2239 1318 2240 1319 2240 1320 2240 1174 2241 1162 2241 1180 2241 1321 2242 1322 2242 1323 2242 1174 2243 1180 2243 6 2243 1174 2244 6 2244 1310 2244 1319 2245 1318 2245 1274 2245 1324 2246 1320 2246 1325 2246 497 2247 313 2247 1326 2247 313 2248 507 2248 1327 2248 1320 2249 1324 2249 1318 2249 1317 2250 313 2250 502 2250 1317 2251 1313 2251 313 2251 1317 2252 1328 2252 1314 2252 1319 2253 1274 2253 1200 2253 1200 2254 1147 2254 1319 2254 502 2255 1328 2255 1317 2255 1321 2256 1328 2256 502 2256 496 2257 1321 2257 502 2257 1322 2258 1321 2258 496 2258 1147 2259 1320 2259 1319 2259 1147 2260 1325 2260 1320 2260 625 2261 1274 2261 1318 2261 625 2262 1318 2262 1324 2262 1329 2263 1330 2263 1331 2263 1322 2264 496 2264 497 2264 37 2265 1182 2265 1145 2265 1182 2266 37 2266 35 2266 1182 2267 35 2267 1183 2267 1327 2268 1326 2268 313 2268 497 2269 1332 2269 1322 2269 1286 2270 1300 2270 1242 2270 497 2271 1326 2271 1333 2271 1333 2272 1332 2272 497 2272 20 2273 19 2273 1193 2273 639 2274 646 2274 1334 2274 18 2275 1169 2275 19 2275 1327 2276 1333 2276 1326 2276 1335 2277 1333 2277 1327 2277 510 2278 1335 2278 1327 2278 1286 2279 1239 2279 1300 2279 1327 2280 507 2280 510 2280 16 2281 1113 2281 17 2281 1113 2282 16 2282 15 2282 1328 2283 1336 2283 1314 2283 1337 2284 114 2284 376 2284 1286 2285 1304 2285 1239 2285 1314 2286 1336 2286 1312 2286 640 2287 114 2287 1337 2287 640 2288 115 2288 114 2288 1312 2289 1336 2289 1241 2289 1338 2290 115 2290 640 2290 1338 2291 1339 2291 115 2291 1284 2292 1304 2292 1286 2292 1339 2293 1340 2293 115 2293 1241 2294 1341 2294 589 2294 1241 2295 589 2295 446 2295 31 2296 1014 2296 34 2296 1321 2297 1336 2297 1328 2297 1284 2298 1283 2298 1303 2298 1241 2299 1336 2299 1341 2299 1339 2300 1310 2300 1340 2300 1283 2301 1307 2301 1303 2301 1323 2302 1336 2302 1321 2302 1282 2303 1308 2303 1307 2303 1333 2304 1335 2304 1323 2304 1310 2305 6 2305 1340 2305 1332 2306 1323 2306 1322 2306 1282 2307 1307 2307 1283 2307 32 2308 1183 2308 35 2308 1281 2309 1308 2309 1282 2309 1281 2310 1309 2310 1308 2310 1341 2311 1336 2311 1342 2311 1332 2312 1333 2312 1323 2312 34 2313 1014 2313 10 2313 1339 2314 1343 2314 1344 2314 589 2315 1341 2315 1345 2315 1184 2316 32 2316 40 2316 1339 2317 1346 2317 1347 2317 1220 2318 1309 2318 1281 2318 40 2319 39 2319 1188 2319 1347 2320 1343 2320 1339 2320 1344 2321 1329 2321 1310 2321 1310 2322 1339 2322 1344 2322 1348 2323 1310 2323 1329 2323 1348 2324 1311 2324 1310 2324 51 2325 50 2325 1306 2325 1239 2326 1304 2326 565 2326 1175 2327 1174 2327 1310 2327 1034 2328 51 2328 1305 2328 51 2329 1306 2329 1305 2329 1305 2330 1224 2330 1034 2330 1239 2331 565 2331 668 2331 8 2332 1311 2332 1348 2332 1349 2333 1342 2333 1350 2333 1351 2334 1342 2334 1349 2334 1348 2335 1331 2335 8 2335 1349 2336 1336 2336 1323 2336 1350 2337 1336 2337 1349 2337 1323 2338 1351 2338 1349 2338 1345 2339 1351 2339 1323 2339 1329 2340 1331 2340 1348 2340 564 2341 540 2341 807 2341 50 2342 1301 2342 1306 2342 1345 2343 1341 2343 1342 2343 1342 2344 1351 2344 1345 2344 1342 2345 1336 2345 1350 2345 1344 2346 1330 2346 1329 2346 50 2347 57 2347 1301 2347 1345 2348 1323 2348 589 2348 1344 2349 1343 2349 1330 2349 510 2350 509 2350 589 2350 1343 2351 1352 2351 1330 2351 589 2352 1335 2352 510 2352 1224 2353 1305 2353 933 2353 589 2354 509 2354 319 2354 1352 2355 1343 2355 1347 2355 1335 2356 589 2356 1323 2356 1347 2357 1353 2357 1352 2357 40 2358 1188 2358 1184 2358 876 2359 1354 2359 483 2359 565 2360 1309 2360 1219 2360 565 2361 1219 2361 1217 2361 1217 2362 345 2362 565 2362 7 2363 1311 2363 8 2363 298 2364 313 2364 1355 2364 539 2365 808 2365 540 2365 808 2366 546 2366 810 2366 1175 2367 1311 2367 7 2367 1356 2368 876 2368 224 2368 808 2369 539 2369 546 2369 672 2370 546 2370 549 2370 224 2371 876 2371 222 2371 546 2372 672 2372 810 2372 1232 2373 1220 2373 1281 2373 41 2374 1197 2374 43 2374 1223 2375 1136 2375 1220 2375 876 2376 1356 2376 1357 2376 1197 2377 41 2377 42 2377 1223 2378 1220 2378 1228 2378 38 2379 37 2379 1145 2379 1232 2380 1228 2380 1220 2380 876 2381 1358 2381 1359 2381 1220 2382 1136 2382 1217 2382 876 2383 1359 2383 1354 2383 641 2384 645 2384 639 2384 483 2385 1241 2385 876 2385 1219 2386 1309 2386 1220 2386 1346 2387 1353 2387 1347 2387 1354 2388 1355 2388 313 2388 1359 2389 1358 2389 1360 2389 1346 2390 1334 2390 1353 2390 1354 2391 1359 2391 1361 2391 639 2392 1334 2392 1346 2392 876 2393 1357 2393 1358 2393 1361 2394 245 2394 1355 2394 1355 2395 262 2395 298 2395 1355 2396 245 2396 262 2396 1361 2397 1360 2397 245 2397 723 2398 664 2398 663 2398 1362 2399 1324 2399 1325 2399 1325 2400 1363 2400 1362 2400 404 2401 1201 2401 1269 2401 1363 2402 1364 2402 1362 2402 1269 2403 1205 2403 405 2403 1364 2404 1363 2404 1271 2404 639 2405 1346 2405 1338 2405 376 2406 333 2406 722 2406 1365 2407 1271 2407 1270 2407 233 2408 90 2408 955 2408 640 2409 1337 2409 641 2409 1271 2410 1365 2410 1364 2410 1366 2411 1367 2411 1365 2411 1365 2412 1270 2412 1366 2412 1366 2413 1316 2413 1367 2413 1316 2414 1366 2414 1273 2414 1158 2415 972 2415 963 2415 1154 2416 1368 2416 1199 2416 1368 2417 1213 2417 1199 2417 1213 2418 1192 2418 1205 2418 1201 2419 1199 2419 1213 2419 1192 2420 1206 2420 1205 2420 1269 2421 1201 2421 1213 2421 1199 2422 963 2422 1154 2422 1337 2423 722 2423 641 2423 1338 2424 640 2424 639 2424 1346 2425 1339 2425 1338 2425 1368 2426 1154 2426 407 2426 1147 2427 1271 2427 1363 2427 383 2428 1368 2428 407 2428 1273 2429 1366 2429 1147 2429 1366 2430 1270 2430 1147 2430 233 2431 228 2431 90 2431 722 2432 1337 2432 376 2432 1325 2433 1147 2433 1363 2433 1213 2434 1368 2434 383 2434 628 2435 625 2435 1362 2435 625 2436 1324 2436 1362 2436 1362 2437 1364 2437 628 2437 1157 2438 963 2438 408 2438 628 2439 1364 2439 1365 2439 663 2440 722 2440 1369 2440 966 2441 408 2441 362 2441 628 2442 1365 2442 1367 2442 628 2443 1367 2443 1316 2443 966 2444 362 2444 44 2444 1370 2445 958 2445 722 2445 44 2446 362 2446 45 2446 965 2447 1157 2447 408 2447 958 2448 960 2448 722 2448 960 2449 1371 2449 722 2449 1371 2450 1302 2450 722 2450 722 2451 333 2451 1370 2451 1302 2452 1372 2452 722 2452 1370 2453 339 2453 1289 2453 1316 2454 843 2454 628 2454 1370 2455 1289 2455 958 2455 333 2456 339 2456 1370 2456 723 2457 663 2457 234 2457 955 2458 723 2458 234 2458 90 2459 956 2459 955 2459 241 2460 1241 2460 446 2460 45 2461 1373 2461 46 2461 361 2462 1373 2462 45 2462 1374 2463 361 2463 355 2463 1373 2464 361 2464 1374 2464 355 2465 314 2465 940 2465 1374 2466 355 2466 940 2466 961 2467 1371 2467 960 2467 1371 2468 961 2468 1292 2468 1158 2469 965 2469 966 2469 1158 2470 966 2470 44 2470 1158 2471 44 2471 46 2471 46 2472 1373 2472 1158 2472 1373 2473 1374 2473 1158 2473 1374 2474 940 2474 1158 2474 869 2475 131 2475 363 2475 1371 2476 1292 2476 1302 2476 867 2477 475 2477 728 2477 1369 2478 1375 2478 182 2478 348 2479 380 2479 1264 2479 1369 2480 1376 2480 1377 2480 1369 2481 1378 2481 1376 2481 1369 2482 1377 2482 1375 2482 182 2483 663 2483 1369 2483 1379 2484 1369 2484 1372 2484 1369 2485 1379 2485 1378 2485 955 2486 234 2486 233 2486 1378 2487 1380 2487 1376 2487 1378 2488 1379 2488 1380 2488 1376 2489 1380 2489 1377 2489 1377 2490 1380 2490 1381 2490 1377 2491 1381 2491 1375 2491 1381 2492 182 2492 1375 2492 348 2493 1264 2493 1263 2493 971 2494 970 2494 1263 2494 1369 2495 722 2495 1372 2495 900 2496 409 2496 268 2496 409 2497 900 2497 1382 2497 409 2498 1382 2498 380 2498 1264 2499 380 2499 1382 2499 235 2500 234 2500 182 2500 1383 2501 78 2501 534 2501 1264 2502 1382 2502 906 2502 1382 2503 900 2503 906 2503 900 2504 899 2504 906 2504 541 2505 1383 2505 542 2505 1383 2506 541 2506 1384 2506 234 2507 663 2507 182 2507 86 2508 924 2508 147 2508 5 2509 233 2509 232 2509 685 2510 1293 2510 1295 2510 182 2511 177 2511 235 2511 534 2512 560 2512 1383 2512 5 2513 228 2513 233 2513 534 2514 78 2514 86 2514 1296 2515 1298 2515 691 2515 1385 2516 1386 2516 1384 2516 1384 2517 1387 2517 1385 2517 1387 2518 1384 2518 541 2518 541 2519 556 2519 1387 2519 535 2520 1387 2520 556 2520 692 2521 1298 2521 1299 2521 669 2522 241 2522 1388 2522 140 2523 1389 2523 1390 2523 1302 2524 1391 2524 1392 2524 1393 2525 1388 2525 241 2525 1379 2526 1372 2526 1392 2526 1380 2527 1379 2527 1392 2527 245 2528 1360 2528 246 2528 140 2529 1394 2529 1395 2529 313 2530 483 2530 1354 2530 439 2531 427 2531 593 2531 1396 2532 1394 2532 140 2532 1385 2533 1387 2533 535 2533 227 2534 1356 2534 224 2534 1356 2535 227 2535 246 2535 592 2536 426 2536 430 2536 430 2537 554 2537 553 2537 430 2538 553 2538 592 2538 593 2539 420 2539 424 2539 593 2540 424 2540 439 2540 386 2541 150 2541 134 2541 246 2542 1357 2542 1356 2542 1358 2543 1357 2543 246 2543 246 2544 1360 2544 1358 2544 1360 2545 1361 2545 1359 2545 1361 2546 1355 2546 1354 2546 287 2547 187 2547 217 2547 88 2548 924 2548 86 2548 185 2549 287 2549 265 2549 413 2550 416 2550 24 2550 23 2551 413 2551 24 2551 265 2552 287 2552 261 2552 386 2553 418 2553 1210 2553 87 2554 1397 2554 787 2554 593 2555 427 2555 426 2555 1397 2556 257 2556 845 2556 287 2557 185 2557 187 2557 593 2558 596 2558 420 2558 89 2559 87 2559 1004 2559 596 2560 600 2560 420 2560 87 2561 100 2561 1397 2561 24 2562 167 2562 113 2562 426 2563 592 2563 593 2563 544 2564 257 2564 548 2564 1302 2565 1398 2565 1399 2565 521 2566 257 2566 522 2566 600 2567 606 2567 420 2567 386 2568 416 2568 418 2568 522 2569 257 2569 544 2569 608 2570 421 2570 420 2570 257 2571 253 2571 254 2571 1302 2572 1399 2572 1400 2572 1302 2573 1390 2573 1398 2573 606 2574 608 2574 420 2574 257 2575 254 2575 548 2575 845 2576 787 2576 1397 2576 1397 2577 100 2577 257 2577 1401 2578 1402 2578 1302 2578 89 2579 1023 2579 992 2579 660 2580 662 2580 901 2580 1403 2581 1404 2581 1302 2581 1302 2582 1400 2582 1403 2582 1401 2583 1302 2583 1404 2583 1302 2584 1402 2584 1405 2584 1302 2585 1405 2585 1391 2585 1392 2586 1372 2586 1302 2586 1381 2587 1392 2587 1406 2587 1392 2588 1381 2588 1380 2588 1407 2589 1408 2589 75 2589 1409 2590 1410 2590 1406 2590 1408 2591 1407 2591 1411 2591 449 2592 451 2592 386 2592 1408 2593 1411 2593 1412 2593 451 2594 452 2594 386 2594 1413 2595 77 2595 139 2595 1279 2596 634 2596 1278 2596 452 2597 456 2597 386 2597 1414 2598 1415 2598 1406 2598 457 2599 386 2599 456 2599 457 2600 467 2600 24 2600 467 2601 469 2601 24 2601 469 2602 470 2602 24 2602 24 2603 386 2603 457 2603 1416 2604 1417 2604 1406 2604 1417 2605 1418 2605 1406 2605 1418 2606 1419 2606 1406 2606 1415 2607 1416 2607 1406 2607 1406 2608 1392 2608 1414 2608 1386 2609 1385 2609 1420 2609 1419 2610 1409 2610 1406 2610 1421 2611 1413 2611 1406 2611 618 2612 637 2612 173 2612 1406 2613 1410 2613 1421 2613 637 2614 174 2614 173 2614 1411 2615 1407 2615 1383 2615 140 2616 1395 2616 1389 2616 1390 2617 1302 2617 140 2617 24 2618 618 2618 173 2618 174 2619 169 2619 172 2619 171 2620 520 2620 134 2620 520 2621 524 2621 134 2621 535 2622 65 2622 73 2622 524 2623 504 2623 134 2623 140 2624 1422 2624 1396 2624 134 2625 450 2625 386 2625 168 2626 170 2626 171 2626 1423 2627 1424 2627 140 2627 140 2628 1425 2628 1423 2628 1426 2629 1422 2629 140 2629 140 2630 1424 2630 1426 2630 140 2631 1427 2631 1425 2631 386 2632 450 2632 449 2632 134 2633 504 2633 450 2633 134 2634 150 2634 132 2634 535 2635 73 2635 1385 2635 1428 2636 75 2636 74 2636 386 2637 24 2637 416 2637 24 2638 470 2638 471 2638 476 2639 24 2639 471 2639 24 2640 476 2640 613 2640 24 2641 613 2641 618 2641 24 2642 165 2642 167 2642 173 2643 165 2643 24 2643 75 2644 1428 2644 1407 2644 691 2645 1298 2645 692 2645 92 2646 1429 2646 1427 2646 92 2647 1430 2647 1429 2647 1431 2648 1420 2648 1412 2648 1412 2649 1411 2649 1431 2649 1430 2650 92 2650 139 2650 115 2651 1334 2651 646 2651 241 2652 446 2652 238 2652 1420 2653 1431 2653 1386 2653 139 2654 1432 2654 1433 2654 113 2655 647 2655 24 2655 139 2656 55 2656 1432 2656 1408 2657 73 2657 75 2657 139 2658 53 2658 55 2658 647 2659 22 2659 24 2659 113 2660 646 2660 647 2660 74 2661 1434 2661 1428 2661 139 2662 58 2662 53 2662 77 2663 58 2663 139 2663 113 2664 115 2664 646 2664 446 2665 307 2665 238 2665 139 2666 1433 2666 1430 2666 140 2667 92 2667 1427 2667 73 2668 1408 2668 1412 2668 92 2669 116 2669 137 2669 116 2670 154 2670 137 2670 1412 2671 1420 2671 73 2671 1385 2672 73 2672 1420 2672 139 2673 1406 2673 1413 2673 154 2674 126 2674 128 2674 128 2675 137 2675 154 2675 137 2676 139 2676 92 2676 1406 2677 139 2677 136 2677 238 2678 158 2678 241 2678 136 2679 179 2679 1406 2679 178 2680 182 2680 1381 2680 1434 2681 74 2681 78 2681 78 2682 1383 2682 1434 2682 1381 2683 1406 2683 178 2683 178 2684 1406 2684 179 2684 542 2685 1383 2685 560 2685 1390 2686 213 2686 1398 2686 1383 2687 1386 2687 1431 2687 1383 2688 1431 2688 1411 2688 1383 2689 1407 2689 1428 2689 1383 2690 1384 2690 1386 2690 1399 2691 194 2691 1400 2691 1399 2692 1398 2692 194 2692 1391 2693 195 2693 1392 2693 1391 2694 188 2694 195 2694 1434 2695 1383 2695 1428 2695 1277 2696 1276 2696 675 2696 1402 2697 189 2697 188 2697 756 2698 757 2698 1102 2698 1405 2699 188 2699 1391 2699 1402 2700 188 2700 1405 2700 1401 2701 189 2701 1402 2701 1401 2702 191 2702 189 2702 421 2703 608 2703 739 2703 739 2704 742 2704 904 2704 742 2705 657 2705 901 2705 657 2706 660 2706 901 2706 671 2707 1278 2707 634 2707 1404 2708 191 2708 1401 2708 1404 2709 192 2709 191 2709 662 2710 750 2710 901 2710 750 2711 753 2711 1132 2711 1276 2712 1278 2712 671 2712 1403 2713 192 2713 1404 2713 1403 2714 193 2714 192 2714 764 2715 767 2715 821 2715 1279 2716 635 2716 634 2716 1403 2717 194 2717 193 2717 1400 2718 194 2718 1403 2718 421 2719 839 2719 820 2719 739 2720 904 2720 903 2720 1279 2721 673 2721 635 2721 197 2722 1414 2722 1392 2722 1392 2723 195 2723 197 2723 673 2724 1279 2724 1291 2724 914 2725 885 2725 761 2725 885 2726 884 2726 761 2726 671 2727 675 2727 1276 2727 1291 2728 1290 2728 673 2728 892 2729 891 2729 1068 2729 208 2730 1418 2730 1417 2730 1290 2731 674 2731 673 2731 1418 2732 208 2732 206 2732 901 2733 904 2733 742 2733 1293 2734 674 2734 1290 2734 903 2735 421 2735 739 2735 421 2736 903 2736 840 2736 421 2737 840 2737 839 2737 1137 2738 1127 2738 896 2738 674 2739 1293 2739 685 2739 820 2740 772 2740 421 2740 820 2741 770 2741 772 2741 767 2742 770 2742 820 2742 761 2743 764 2743 821 2743 820 2744 821 2744 767 2744 821 2745 914 2745 761 2745 1295 2746 687 2746 685 2746 896 2747 901 2747 1137 2747 1053 2748 985 2748 1001 2748 1295 2749 1294 2749 687 2749 884 2750 886 2750 985 2750 1294 2751 691 2751 687 2751 1296 2752 691 2752 1294 2752 77 2753 211 2753 59 2753 886 2754 1001 2754 985 2754 1001 2755 1041 2755 1025 2755 1041 2756 1042 2756 1031 2756 761 2757 884 2757 985 2757 1299 2758 679 2758 692 2758 1031 2759 1029 2759 1041 2759 1029 2760 1025 2760 1041 2760 1025 2761 1024 2761 1001 2761 1024 2762 1056 2762 1001 2762 1056 2763 1053 2763 1001 2763 1069 2764 1042 2764 935 2764 935 2765 892 2765 1067 2765 1067 2766 1069 2766 935 2766 1060 2767 1059 2767 1127 2767 1417 2768 1416 2768 201 2768 1127 2769 1065 2769 891 2769 200 2770 1417 2770 201 2770 1065 2771 1068 2771 891 2771 1127 2772 1063 2772 1065 2772 1417 2773 200 2773 208 2773 1297 2774 1285 2774 678 2774 1418 2775 206 2775 1419 2775 1069 2776 1031 2776 1042 2776 1068 2777 1067 2777 892 2777 891 2778 896 2778 1127 2778 678 2779 679 2779 1297 2779 1299 2780 1297 2780 679 2780 204 2781 1410 2781 205 2781 1089 2782 1091 2782 1076 2782 446 2783 432 2783 306 2783 204 2784 207 2784 1410 2784 757 2785 1103 2785 1100 2785 1421 2786 209 2786 1413 2786 1287 2787 678 2787 1285 2787 1103 2788 1105 2788 1100 2788 207 2789 209 2789 1421 2789 1105 2790 1076 2790 1091 2790 1287 2791 595 2791 678 2791 211 2792 1413 2792 209 2792 1076 2793 1075 2793 1087 2793 77 2794 1413 2794 211 2794 1288 2795 595 2795 1287 2795 595 2796 1288 2796 1248 2796 554 2797 430 2797 1081 2797 1081 2798 1075 2798 695 2798 1081 2799 1082 2799 1075 2799 1082 2800 1087 2800 1075 2800 1087 2801 1089 2801 1076 2801 1091 2802 1096 2802 1105 2802 1096 2803 1100 2803 1105 2803 695 2804 554 2804 1081 2804 198 2805 1414 2805 197 2805 582 2806 595 2806 1248 2806 198 2807 1415 2807 1414 2807 1248 2808 1277 2808 582 2808 1415 2809 198 2809 1416 2809 1131 2810 1132 2810 753 2810 1132 2811 1135 2811 901 2811 1416 2812 198 2812 201 2812 1277 2813 675 2813 582 2813 1127 2814 391 2814 1060 2814 1135 2815 1137 2815 901 2815 1100 2816 1102 2816 757 2816 750 2817 1132 2817 901 2817 756 2818 1102 2818 1131 2818 753 2819 756 2819 1131 2819 391 2820 388 2820 1070 2820 1127 2821 1059 2821 1063 2821 681 2822 669 2822 1435 2822 1435 2823 26 2823 681 2823 26 2824 752 2824 681 2824 1070 2825 1060 2825 391 2825 1165 2826 1164 2826 1315 2826 669 2827 1436 2827 1435 2827 9 2828 1163 2828 1178 2828 9 2829 1178 2829 1171 2829 669 2830 1388 2830 1436 2830 1419 2831 206 2831 205 2831 205 2832 1409 2832 1419 2832 205 2833 1410 2833 1409 2833 1171 2834 1165 2834 9 2834 1164 2835 1207 2835 1230 2835 1410 2836 207 2836 1421 2836 213 2837 194 2837 1398 2837 1437 2838 1438 2838 47 2838 47 2839 80 2839 79 2839 1437 2840 47 2840 79 2840 1187 2841 1186 2841 399 2841 1070 2842 395 2842 399 2842 399 2843 1186 2843 1070 2843 1070 2844 388 2844 395 2844 1315 2845 9 2845 1165 2845 1207 2846 1209 2846 1231 2846 213 2847 1395 2847 214 2847 1210 2848 1211 2848 399 2848 1210 2849 399 2849 386 2849 213 2850 1389 2850 1395 2850 79 2851 81 2851 1436 2851 1231 2852 1204 2852 399 2852 213 2853 1390 2853 1389 2853 1436 2854 81 2854 1435 2854 219 2855 1425 2855 1427 2855 218 2856 1425 2856 219 2856 1436 2857 1388 2857 1437 2857 1231 2858 1230 2858 1207 2858 399 2859 1211 2859 1231 2859 1436 2860 1437 2860 79 2860 218 2861 1423 2861 1425 2861 1230 2862 1315 2862 1164 2862 215 2863 1424 2863 218 2863 1393 2864 1438 2864 1437 2864 218 2865 1424 2865 1423 2865 1393 2866 1437 2866 1388 2866 215 2867 1426 2867 1424 2867 9 2868 1161 2868 1163 2868 9 2869 1180 2869 1161 2869 1209 2870 1204 2870 1231 2870 399 2871 1204 2871 1187 2871 215 2872 1422 2872 1426 2872 1180 2873 9 2873 6 2873 214 2874 1396 2874 215 2874 215 2875 1396 2875 1422 2875 1331 2876 1330 2876 6 2876 6 2877 8 2877 1331 2877 214 2878 1394 2878 1396 2878 1330 2879 1352 2879 1340 2879 214 2880 1395 2880 1394 2880 1393 2881 241 2881 1439 2881 1353 2882 115 2882 1340 2882 219 2883 1427 2883 1429 2883 1429 2884 190 2884 219 2884 1340 2885 1352 2885 1353 2885 115 2886 1353 2886 1334 2886 1430 2887 190 2887 1429 2887 1340 2888 6 2888 1330 2888 48 2889 47 2889 1440 2889 226 2890 190 2890 1430 2890 1441 2891 47 2891 1438 2891 1433 2892 226 2892 1430 2892 47 2893 1441 2893 1440 2893 225 2894 226 2894 1433 2894 1432 2895 210 2895 225 2895 1440 2896 1441 2896 1442 2896 1432 2897 225 2897 1433 2897 1442 2898 1441 2898 1439 2898 1439 2899 1438 2899 1393 2899 55 2900 210 2900 1432 2900 54 2901 210 2901 55 2901 1438 2902 1439 2902 1441 2902 48 2903 64 2903 49 2903 48 2904 1442 2904 64 2904 1442 2905 48 2905 1440 2905 68 2906 64 2906 1442 2906 1442 2907 1439 2907 68 2907 163 2908 1439 2908 241 2908 1439 2909 164 2909 68 2909 1439 2910 163 2910 164 2910 289 2911 135 2911 202 2911 135 2912 289 2912 70 2912 70 2913 765 2913 72 2913 70 2914 71 2914 76 2914 25 2915 27 2915 80 2915 80 2916 28 2916 25 2916 80 2917 29 2917 28 2917 93 2918 29 2918 80 2918 27 2919 81 2919 80 2919 1435 2920 81 2920 27 2920 27 2921 26 2921 1435 2921</p>
        </triangles>
      </mesh>
    </geometry>
  </library_geometries>
  <library_materials>
    <material id="mat_Mesh" name="Mesh">
      <instance_effect url="#effect_Mesh"/>
    </material>
  </library_materials>
  <library_visual_scenes>
    <visual_scene id="myscene">
      <node id="node0" name="node0">
        <instance_geometry url="#geometry0">
          <bind_material>
            <technique_common>
              <instance_material symbol="ref_Mesh" target="#mat_Mesh"/>
            </technique_common>
          </bind_material>
        </instance_geometry>
      </node>
    </visual_scene>
  </library_visual_scenes>
  <scene>
    <instance_visual_scene url="#myscene"/>
  </scene>
</COLLADA>
